"year","sex","cancer.type","signif","measure","obs","suppress","obs_trend","lower.ci_trend","upper.ci_trend","apc","apc_time","apc_lower_ci","apc_upper_ci"
2005,1,"All malignant neoplasms","*","Counts",7692,0,7926.73101609579,7668.85807906678,8184.60395312479,1.2020153294249,"2005-2023",1.02423222833266,1.38011129437501
2005,1,"All malignant neoplasms","*","Rates",407.526851729987,0,414.195376089638,406.593277793185,421.939611262585,1.2020153294249,"2005-2023",1.02423222833266,1.38011129437501
2005,1,"All malignant neoplasms",NA,"ltr",0.371105308989667,NA,NA,NA,NA,NA,NA,NA,NA
2005,1,"Colorectal Cancer",NA,"Counts",1028,0,1042.9,982.298200157459,1103.50179984254,-0.353858585035838,"2005-2023",-1.04259986890383,0.339676322709437
2005,1,"Colorectal Cancer",NA,"ltr",0.0607528443155037,0,NA,NA,NA,NA,NA,NA,NA
2005,1,"Colorectal Cancer",NA,"Rates",52.4830676411118,0,50.8051572507608,47.2250257615059,54.6566986815387,-0.353858585035838,"2005-2023",-1.04259986890383,0.339676322709437
2005,1,"Leukaemia",NA,"Counts",236,0,254.094736842108,206.274925917484,301.914547766731,0.516500398362441,"2005-2023",-0.951904528355085,2.00667467883222
2005,1,"Leukaemia",NA,"ltr",0.0141397121465936,0,NA,NA,NA,NA,NA,NA,NA
2005,1,"Leukaemia",NA,"Rates",14.6211684334577,0,14.9382498325389,12.7927504118872,17.4435755310284,0.516500398362441,"2005-2023",-0.951904528355085,2.00667467883222
2005,1,"Lung Cancer",NA,"Counts",800,0,827.268421052642,793.803596228765,860.733245876519,-0.225142056683547,"2005-2023",-0.696987769907031,0.248945666848455
2005,1,"Lung Cancer",NA,"ltr",0.0468568795685869,0,NA,NA,NA,NA,NA,NA,NA
2005,1,"Lung Cancer",NA,"Rates",38.1124568284369,0,39.4160284761097,37.4958461373776,41.434544379591,-0.225142056683547,"2005-2023",-0.696987769907031,0.248945666848455
2005,1,"Lymphoma","*","Counts",272,0,249.326315789483,206.721378135441,291.931253443526,1.96880930478758,"2005-2023",0.933171283689282,3.01507362541757
2005,1,"Lymphoma","*","Rates",18.9437336325941,0,17.6358921061684,15.8375630967583,19.6384183905208,1.96880930478758,"2005-2023",0.933171283689282,3.01507362541757
2005,1,"Lymphoma",NA,"ltr",0.0156885415310544,NA,NA,NA,NA,NA,NA,NA,NA
2005,1,"Melanoma Cancer",NA,"Counts",1048,0,1002.24227313127,935.980889866274,1068.50365639626,0.26006286726199,"2010-2023",-0.811925413103509,1.3436368032421
2005,1,"Melanoma Cancer",NA,"ltr",0.0612379291258293,0,NA,NA,NA,NA,NA,NA,NA
2005,1,"Melanoma Cancer",NA,"Rates",65.8402075197211,0,64.3965248034027,57.9306944232541,71.5840272249633,0.26006286726199,"2010-2023",-0.811925413103509,1.3436368032421
2005,1,"Pancreatic Cancer",NA,"Counts",75,0,131.457894736846,93.355570886995,169.560218586698,1.2531288476711,"2010-2023",-1.41090970740245,3.98915408404841
2005,1,"Pancreatic Cancer",NA,"ltr",0.00477125848736726,0,NA,NA,NA,NA,NA,NA,NA
2005,1,"Pancreatic Cancer",NA,"Rates",2.59840912928634,0,4.63691081266998,3.10777605506253,6.91843347258919,1.2531288476711,"2010-2023",-1.41090970740245,3.98915408404841
2005,1,"Prostate Cancer","*","Counts",2112,0,2434.07874987658,2131.82584562735,2736.33165412581,4.07000869628193,"2015-2023",1.03486687165351,7.19632781624258
2005,1,"Prostate Cancer","*","Rates",100.875013209818,0,117.566547284744,105.746384616722,130.707948934172,4.07000869628193,"2015-2023",1.03486687165351,7.19632781624258
2005,1,"Prostate Cancer",NA,"ltr",0.119143821270786,NA,NA,NA,NA,NA,NA,NA,NA
2005,2,"All malignant neoplasms",NA,"Counts",5953,0,5866.90526315803,5749.63849158229,5984.17203473376,0.341131637334224,"2017-2023",-0.632888975309087,1.32469983714263
2005,2,"All malignant neoplasms",NA,"ltr",0.296932323906476,0,NA,NA,NA,NA,NA,NA,NA
2005,2,"All malignant neoplasms",NA,"Rates",360.743013568549,0,351.79115441235,344.351529144713,359.391510849848,0.341131637334224,"2017-2023",-0.632888975309087,1.32469983714263
2005,2,"Breast (Female) Cancer","*","Counts",1608,0,1618.91052631581,1573.48110210716,1664.33995052447,0.88784025730746,"2005-2023",0.607939116878975,1.16852011012287
2005,2,"Breast (Female) Cancer","*","Rates",111.798582723863,0,111.395589837064,108.182240320347,114.704385843759,0.88784025730746,"2005-2023",0.607939116878975,1.16852011012287
2005,2,"Breast (Female) Cancer",NA,"ltr",0.0929648619879632,NA,NA,NA,NA,NA,NA,NA,NA
2005,2,"Colorectal Cancer",NA,"Counts",859,0,840.147368421058,787.312046746648,892.982690095468,-0.0677166427633824,"2005-2023",-0.915790707436481,0.787616193254892
2005,2,"Colorectal Cancer",NA,"ltr",0.0492393955041552,0,NA,NA,NA,NA,NA,NA,NA
2005,2,"Colorectal Cancer",NA,"Rates",44.3347196654672,0,39.1642618667778,35.8008773239399,42.8436262522504,-0.0677166427633824,"2005-2023",-0.915790707436481,0.787616193254892
2005,2,"Leukaemia","*","Counts",218,0,209.284210526317,177.762507911776,240.805913140858,-2.18001854228266,"2005-2023",-3.89066476934524,-0.43892459120719
2005,2,"Leukaemia","*","Rates",14.2216081026453,0,13.8111030469641,11.4684349811164,16.6323101354229,-2.18001854228266,"2005-2023",-3.89066476934524,-0.43892459120719
2005,2,"Leukaemia",NA,"ltr",0.0122468739274894,NA,NA,NA,NA,NA,NA,NA,NA
2005,2,"Lung Cancer","*","Counts",463,0,411.405263157911,359.752762354715,463.057763961107,2.54465572762086,"2005-2023",1.55046218313042,3.54858256906201
2005,2,"Lung Cancer","*","Rates",24.5670557352721,0,22.9804585618414,20.7386747791632,25.4645719331647,2.54465572762086,"2005-2023",1.55046218313042,3.54858256906201
2005,2,"Lung Cancer",NA,"ltr",0.0286193559163612,NA,NA,NA,NA,NA,NA,NA,NA
2005,2,"Lymphoma",NA,"Counts",297,0,233.084210526322,185.446849638785,280.721571413859,1.71200253972468,"2005-2023",-0.49884007181491,3.9719684484854
2005,2,"Lymphoma",NA,"ltr",0.0161603902539645,0,NA,NA,NA,NA,NA,NA,NA
2005,2,"Lymphoma",NA,"Rates",19.6792737198452,0,14.0661638185941,11.1589349204571,17.7308108687689,1.71200253972468,"2005-2023",-0.49884007181491,3.9719684484854
2005,2,"Melanoma Cancer",NA,"Counts",688,0,722.436842105271,661.660026867965,783.213657342577,-0.588922765989164,"2012-2023",-1.89989029889681,0.739563971306456
2005,2,"Melanoma Cancer",NA,"ltr",0.040237834763638,0,NA,NA,NA,NA,NA,NA,NA
2005,2,"Melanoma Cancer",NA,"Rates",52.8505243516779,0,49.0384622954369,44.4359108079516,54.1177336207693,-0.588922765989164,"2012-2023",-1.89989029889681,0.739563971306456
2005,2,"Pancreatic Cancer",NA,"Counts",173,0,154.089473684217,116.122553511999,192.056393856434,0.897117190121888,"2005-2023",-1.06073093986927,2.89370796837112
2005,2,"Pancreatic Cancer",NA,"ltr",0.00937097068863146,0,NA,NA,NA,NA,NA,NA,NA
2005,2,"Pancreatic Cancer",NA,"Rates",9.25479715162641,0,9.47341877796236,7.70633151002752,11.6457049928195,0.897117190121888,"2005-2023",-1.06073093986927,2.89370796837112
2005,3,"All malignant neoplasms","*","Counts",13645,0,13782.4673321238,13511.111094374,14053.8235698735,1.16936915549559,"2005-2023",1.06259355382545,1.27625756872844
2005,3,"All malignant neoplasms","*","Rates",383.53440199677,0,385.011454644441,380.751805717213,389.318758260919,1.16936915549559,"2005-2023",1.06259355382545,1.27625756872844
2005,3,"All malignant neoplasms",NA,"ltr",0.334881115068927,NA,NA,NA,NA,NA,NA,NA,NA
2005,3,"Colorectal Cancer",NA,"Counts",1887,0,1883.04736842106,1810.58787810879,1955.50685873333,-0.24541100885368,"2005-2023",-0.589340602087618,0.0997084725252506
2005,3,"Colorectal Cancer",NA,"ltr",0.0549614665361202,0,NA,NA,NA,NA,NA,NA,NA
2005,3,"Colorectal Cancer",NA,"Rates",48.3214420849811,0,45.0865203977998,43.4754400055552,46.7573030042126,-0.24541100885368,"2005-2023",-0.589340602087618,0.0997084725252506
2005,3,"Leukaemia",NA,"Counts",454,0,463.378947368426,397.242878369092,529.515016367761,-0.629778232872891,"2005-2023",-1.88329143937521,0.639749527948741
2005,3,"Leukaemia",NA,"ltr",0.0131898625109209,0,NA,NA,NA,NA,NA,NA,NA
2005,3,"Leukaemia",NA,"Rates",14.3909657384168,0,14.3545126388288,12.5574759962275,16.4087140728118,-0.629778232872891,"2005-2023",-1.88329143937521,0.639749527948741
2005,3,"Lung Cancer","*","Counts",1263,0,1238.67368421055,1172.37092581698,1304.97644260412,0.935068780092707,"2005-2023",0.38595570686335,1.48718551220111
2005,3,"Lung Cancer","*","Rates",31.2892321104582,0,31.077002232416,29.3412650703627,32.9154201578415,0.935068780092707,"2005-2023",0.38595570686335,1.48718551220111
2005,3,"Lung Cancer",NA,"ltr",0.0377527479004252,NA,NA,NA,NA,NA,NA,NA,NA
2005,3,"Lymphoma","*","Counts",569,0,482.410526315798,413.511789548273,551.309263083323,1.80330278966307,"2005-2023",0.493625904081041,3.13004795723011
2005,3,"Lymphoma","*","Rates",19.3056312431605,0,16.0029321828471,13.9622007521147,18.3419392827463,1.80330278966307,"2005-2023",0.493625904081041,3.13004795723011
2005,3,"Lymphoma",NA,"ltr",0.0159080427681532,NA,NA,NA,NA,NA,NA,NA,NA
2005,3,"Melanoma Cancer","*","Counts",1736,0,1649.4228675137,1502.63513976506,1796.21059526233,-2.26304462665309,"2017-2023",-4.44764129033706,-0.0285019161375688
2005,3,"Melanoma Cancer","*","Rates",59.2368032738895,0,57.3773395489758,54.1672182942286,60.7777027765378,-2.26304462665309,"2017-2023",-4.44764129033706,-0.0285019161375688
2005,3,"Melanoma Cancer",NA,"ltr",0.050778259133889,NA,NA,NA,NA,NA,NA,NA,NA
2005,3,"Pancreatic Cancer","*","Counts",248,0,285.547368421066,236.79268899127,334.302047850863,2.50676895407362,"2005-2023",1.163490341541,3.86788401555433
2005,3,"Pancreatic Cancer","*","Rates",5.89076703127325,0,8.58822410139927,7.47390116950745,9.86868725489397,2.50676895407362,"2005-2023",1.163490341541,3.86788401555433
2005,3,"Pancreatic Cancer",NA,"ltr",0.0070575792425851,NA,NA,NA,NA,NA,NA,NA,NA
2006,1,"All malignant neoplasms","*","Counts",8138,0,8188.76241730043,7959.23066746296,8418.2941671379,1.2020153294249,"2005-2023",1.02423222833266,1.38011129437501
2006,1,"All malignant neoplasms","*","Rates",421.076428407533,0,419.174068004004,412.088984818503,426.380965665491,1.2020153294249,"2005-2023",1.02423222833266,1.38011129437501
2006,1,"All malignant neoplasms",NA,"ltr",0.380532562441969,NA,NA,NA,NA,NA,NA,NA,NA
2006,1,"Colorectal Cancer",NA,"Counts",948,0,1051.6947368421,995.926365688047,1107.46310799616,-0.353858585035838,"2005-2023",-1.04259986890383,0.339676322709437
2006,1,"Colorectal Cancer",NA,"ltr",0.0537346278149262,0,NA,NA,NA,NA,NA,NA,NA
2006,1,"Colorectal Cancer",NA,"Rates",45.8233399412908,0,50.625378840188,47.3329782226188,54.1467931863164,-0.353858585035838,"2005-2023",-1.04259986890383,0.339676322709437
2006,1,"Leukaemia",NA,"Counts",212,0,264.154385964914,220.148548331537,308.16022359829,0.516500398362441,"2005-2023",-0.951904528355085,2.00667467883222
2006,1,"Leukaemia",NA,"ltr",0.0130885221016348,0,NA,NA,NA,NA,NA,NA,NA
2006,1,"Leukaemia",NA,"Rates",12.7564924249188,0,15.0154059524323,13.0188253057958,17.3181842924006,0.516500398362441,"2005-2023",-0.951904528355085,2.00667467883222
2006,1,"Lung Cancer",NA,"Counts",836,0,847.028070175453,816.232305425354,877.823834925552,-0.225142056683547,"2005-2023",-0.696987769907031,0.248945666848455
2006,1,"Lung Cancer",NA,"ltr",0.0494815171722355,0,NA,NA,NA,NA,NA,NA,NA
2006,1,"Lung Cancer",NA,"Rates",37.4803544168333,0,39.3272864189356,37.5607440056729,41.1769121730763,-0.225142056683547,"2005-2023",-0.696987769907031,0.248945666848455
2006,1,"Lymphoma","*","Counts",302,0,270.038596491235,230.831708539728,309.245484442741,1.96880930478758,"2005-2023",0.933171283689282,3.01507362541757
2006,1,"Lymphoma","*","Rates",18.0811633575721,0,17.9831091909369,16.2884999296219,19.854020785858,1.96880930478758,"2005-2023",0.933171283689282,3.01507362541757
2006,1,"Lymphoma",NA,"ltr",0.0171373541092429,NA,NA,NA,NA,NA,NA,NA,NA
2006,1,"Melanoma Cancer",NA,"Counts",1018,0,1054.38249234721,995.403479571805,1113.36150512262,0.26006286726199,"2010-2023",-0.811925413103509,1.3436368032421
2006,1,"Melanoma Cancer",NA,"ltr",0.0581659211108231,0,NA,NA,NA,NA,NA,NA,NA
2006,1,"Melanoma Cancer",NA,"Rates",64.6162491313574,0,65.7436308840613,60.5412596539218,71.3930470975874,0.26006286726199,"2010-2023",-0.811925413103509,1.3436368032421
2006,1,"Pancreatic Cancer",NA,"Counts",179,0,144.582456140353,109.519066211149,179.645846069558,1.2531288476711,"2010-2023",-1.41090970740245,3.98915408404841
2006,1,"Pancreatic Cancer",NA,"ltr",0.00959759446048536,0,NA,NA,NA,NA,NA,NA,NA
2006,1,"Pancreatic Cancer",NA,"Rates",9.90818462659611,0,5.57567281400589,4.08232095959938,7.61530698749742,1.2531288476711,"2010-2023",-1.41090970740245,3.98915408404841
2006,1,"Prostate Cancer","*","Counts",2369,0,2466.98034956058,2197.94615463853,2736.01454448263,4.07000869628193,"2015-2023",1.03486687165351,7.19632781624258
2006,1,"Prostate Cancer","*","Rates",115.021845558193,0,117.396398649681,107.018427930349,128.780759374306,4.07000869628193,"2015-2023",1.03486687165351,7.19632781624258
2006,1,"Prostate Cancer",NA,"ltr",0.130356455872246,NA,NA,NA,NA,NA,NA,NA,NA
2006,2,"All malignant neoplasms",NA,"Counts",6122,0,6110.93333333347,6003.0194288246,6218.84723784233,0.341131637334224,"2017-2023",-0.632888975309087,1.32469983714263
2006,2,"All malignant neoplasms",NA,"ltr",0.296750887877321,0,NA,NA,NA,NA,NA,NA,NA
2006,2,"All malignant neoplasms",NA,"Rates",358.224689867961,0,356.932238327475,350.205611779117,363.788067559053,0.341131637334224,"2017-2023",-0.632888975309087,1.32469983714263
2006,2,"Breast (Female) Cancer","*","Counts",1715,0,1681.85614035089,1640.05003892872,1723.66224177307,0.88784025730746,"2005-2023",0.607939116878975,1.16852011012287
2006,2,"Breast (Female) Cancer","*","Rates",115.916359277013,0,112.384604728502,109.397820893671,115.452933859237,0.88784025730746,"2005-2023",0.607939116878975,1.16852011012287
2006,2,"Breast (Female) Cancer",NA,"ltr",0.0961091645902462,NA,NA,NA,NA,NA,NA,NA,NA
2006,2,"Colorectal Cancer",NA,"Counts",829,0,850.417543859654,801.796218472646,899.038869246662,-0.0677166427633824,"2005-2023",-0.915790707436481,0.787616193254892
2006,2,"Colorectal Cancer",NA,"ltr",0.045572655622905,0,NA,NA,NA,NA,NA,NA,NA
2006,2,"Colorectal Cancer",NA,"Rates",38.5650320249613,0,39.1377411434786,36.0337709186622,42.5090891894588,-0.0677166427633824,"2005-2023",-0.915790707436481,0.787616193254892
2006,2,"Leukaemia","*","Counts",186,0,211.83157894737,182.823958457829,240.839199436911,-2.18001854228266,"2005-2023",-3.89066476934524,-0.43892459120719
2006,2,"Leukaemia","*","Rates",11.1919095178054,0,13.5100184396466,11.3859708656596,16.0303061015269,-2.18001854228266,"2005-2023",-3.89066476934524,-0.43892459120719
2006,2,"Leukaemia",NA,"ltr",0.010559533123954,NA,NA,NA,NA,NA,NA,NA,NA
2006,2,"Lung Cancer","*","Counts",420,0,445.863157894753,398.330314921239,493.396000868268,2.54465572762086,"2005-2023",1.55046218313042,3.54858256906201
2006,2,"Lung Cancer","*","Rates",21.0632459195525,0,23.5652321168689,21.441216560594,25.8996574729118,2.54465572762086,"2005-2023",1.55046218313042,3.54858256906201
2006,2,"Lung Cancer",NA,"ltr",0.0237910381593193,NA,NA,NA,NA,NA,NA,NA,NA
2006,2,"Lymphoma",NA,"Counts",264,0,245.028070175445,201.190130878616,288.866009472275,1.71200253972468,"2005-2023",-0.49884007181491,3.9719684484854
2006,2,"Lymphoma",NA,"ltr",0.0156906753735164,0,NA,NA,NA,NA,NA,NA,NA
2006,2,"Lymphoma",NA,"Rates",15.6731220654961,0,14.3069769004103,11.5615155484818,17.7043906718399,1.71200253972468,"2005-2023",-0.49884007181491,3.9719684484854
2006,2,"Melanoma Cancer",NA,"Counts",677,0,752.031578947375,696.102151132983,807.961006761768,-0.588922765989164,"2012-2023",-1.89989029889681,0.739563971306456
2006,2,"Melanoma Cancer",NA,"ltr",0.0383058156526772,0,NA,NA,NA,NA,NA,NA,NA
2006,2,"Melanoma Cancer",NA,"Rates",45.5095311312705,0,50.6471510113964,46.6591288144839,54.9760351456652,-0.588922765989164,"2012-2023",-1.89989029889681,0.739563971306456
2006,2,"Pancreatic Cancer",NA,"Counts",142,0,163.091228070181,128.152442403054,198.030013737309,0.897117190121888,"2005-2023",-1.06073093986927,2.89370796837112
2006,2,"Pancreatic Cancer",NA,"ltr",0.00886438838951342,0,NA,NA,NA,NA,NA,NA,NA
2006,2,"Pancreatic Cancer",NA,"Rates",10.4990931388064,0,9.55840644631172,7.90455450195841,11.5582900681193,0.897117190121888,"2005-2023",-1.06073093986927,2.89370796837112
2006,3,"All malignant neoplasms","*","Counts",14260,0,14288.3044052139,14048.8338322977,14527.7749781301,1.16936915549559,"2005-2023",1.06259355382545,1.27625756872844
2006,3,"All malignant neoplasms","*","Rates",389.02994020824,0,389.513659840177,385.546153552788,393.521994199629,1.16936915549559,"2005-2023",1.06259355382545,1.27625756872844
2006,3,"All malignant neoplasms",NA,"ltr",0.339741878787802,NA,NA,NA,NA,NA,NA,NA,NA
2006,3,"Colorectal Cancer",NA,"Counts",1777,0,1902.11228070176,1835.43195503704,1968.79260636648,-0.24541100885368,"2005-2023",-0.589340602087618,0.0997084725252506
2006,3,"Colorectal Cancer",NA,"ltr",0.0496144438205317,0,NA,NA,NA,NA,NA,NA,NA
2006,3,"Colorectal Cancer",NA,"Rates",42.1620179037917,0,44.9758731132345,43.4947912817055,46.5073886479046,-0.24541100885368,"2005-2023",-0.589340602087618,0.0997084725252506
2006,3,"Leukaemia",NA,"Counts",398,0,475.985964912285,415.124722305491,536.847207519078,-0.629778232872891,"2005-2023",-1.88329143937521,0.639749527948741
2006,3,"Leukaemia",NA,"ltr",0.0117963686119337,0,NA,NA,NA,NA,NA,NA,NA
2006,3,"Leukaemia",NA,"Rates",11.9269447557687,0,14.2641110427944,12.6122159690562,16.1323643949934,-0.629778232872891,"2005-2023",-1.88329143937521,0.639749527948741
2006,3,"Lung Cancer","*","Counts",1256,0,1292.89122807021,1231.87659074528,1353.90586539513,0.935068780092707,"2005-2023",0.38595570686335,1.48718551220111
2006,3,"Lung Cancer","*","Rates",29.2240947970481,0,31.36759357808,29.7516927276442,33.0712586973372,0.935068780092707,"2005-2023",0.38595570686335,1.48718551220111
2006,3,"Lung Cancer",NA,"ltr",0.0367296114662727,NA,NA,NA,NA,NA,NA,NA,NA
2006,3,"Lymphoma","*","Counts",566,0,515.066666666673,451.663098883529,578.470234449817,1.80330278966307,"2005-2023",0.493625904081041,3.13004795723011
2006,3,"Lymphoma","*","Rates",16.9012508137742,0,16.2915135053283,14.3694787681068,18.4706360319334,1.80330278966307,"2005-2023",0.493625904081041,3.13004795723011
2006,3,"Lymphoma",NA,"ltr",0.0164370789440933,NA,NA,NA,NA,NA,NA,NA,NA
2006,3,"Melanoma Cancer","*","Counts",1695,0,1754.9971480426,1632.84746420389,1877.14683188131,-2.26304462665309,"2017-2023",-4.44764129033706,-0.0285019161375688
2006,3,"Melanoma Cancer","*","Rates",55.0708561468045,0,58.3801385888632,55.4637546206622,61.4498712711595,-2.26304462665309,"2017-2023",-4.44764129033706,-0.0285019161375688
2006,3,"Melanoma Cancer",NA,"ltr",0.0482844661070183,NA,NA,NA,NA,NA,NA,NA,NA
2006,3,"Pancreatic Cancer","*","Counts",321,0,307.673684210538,262.807540548097,352.53982787298,2.50676895407362,"2005-2023",1.163490341541,3.86788401555433
2006,3,"Pancreatic Cancer","*","Rates",10.1417743314113,0,8.80351103687943,7.74664619172037,10.0045625756462,2.50676895407362,"2005-2023",1.163490341541,3.86788401555433
2006,3,"Pancreatic Cancer",NA,"ltr",0.00918689221909263,NA,NA,NA,NA,NA,NA,NA,NA
2007,1,"All malignant neoplasms","*","Counts",8540,0,8450.79381850507,8247.87105903634,8653.71657797381,1.2020153294249,"2005-2023",1.02423222833266,1.38011129437501
2007,1,"All malignant neoplasms","*","Rates",432.728099995212,0,424.212604558386,417.634646937184,430.894168350158,1.2020153294249,"2005-2023",1.02423222833266,1.38011129437501
2007,1,"All malignant neoplasms",NA,"ltr",0.384603309691839,NA,NA,NA,NA,NA,NA,NA,NA
2007,1,"Colorectal Cancer",NA,"Counts",1055,0,1060.48947368421,1009.36397244098,1111.61497492744,-0.353858585035838,"2005-2023",-1.04259986890383,0.339676322709437
2007,1,"Colorectal Cancer",NA,"ltr",0.0590486890620709,0,NA,NA,NA,NA,NA,NA,NA
2007,1,"Colorectal Cancer",NA,"Rates",52.3335568893089,0,50.4462365909551,47.4302778341154,53.6539717328028,-0.353858585035838,"2005-2023",-1.04259986890383,0.339676322709437
2007,1,"Leukaemia",NA,"Counts",336,0,274.214035087723,233.87180417659,314.556265998857,0.516500398362441,"2005-2023",-0.951904528355085,2.00667467883222
2007,1,"Leukaemia",NA,"ltr",0.0191883485106965,0,NA,NA,NA,NA,NA,NA,NA
2007,1,"Leukaemia",NA,"Rates",17.6982031663673,0,15.0929605839924,13.242437704678,17.2020789729278,0.516500398362441,"2005-2023",-0.951904528355085,2.00667467883222
2007,1,"Lung Cancer",NA,"Counts",864,0,866.787719298256,838.555786458256,895.019652138256,-0.225142056683547,"2005-2023",-0.696987769907031,0.248945666848455
2007,1,"Lung Cancer",NA,"ltr",0.0493896800068779,0,NA,NA,NA,NA,NA,NA,NA
2007,1,"Lung Cancer",NA,"Rates",40.1132120019829,0,39.2387441574542,37.6198458811169,40.9273086317183,-0.225142056683547,"2005-2023",-0.696987769907031,0.248945666848455
2007,1,"Lymphoma","*","Counts",316,0,290.750877192993,254.808070235787,326.693684150199,1.96880930478758,"2005-2023",0.933171283689282,3.01507362541757
2007,1,"Lymphoma","*","Rates",19.803100873565,0,18.3371623179783,16.7466116236643,20.0787794828138,1.96880930478758,"2005-2023",0.933171283689282,3.01507362541757
2007,1,"Lymphoma",NA,"ltr",0.0166409768414859,NA,NA,NA,NA,NA,NA,NA,NA
2007,1,"Melanoma Cancer",NA,"Counts",1148,0,1106.52271156317,1054.38097504261,1158.66444808373,0.26006286726199,"2010-2023",-0.811925413103509,1.3436368032421
2007,1,"Melanoma Cancer",NA,"ltr",0.0632578770165381,0,NA,NA,NA,NA,NA,NA,NA
2007,1,"Melanoma Cancer",NA,"Rates",68.7597451842585,0,67.1189169759565,63.0252516535549,71.4784772425615,0.26006286726199,"2010-2023",-0.811925413103509,1.3436368032421
2007,1,"Pancreatic Cancer",NA,"Counts",173,0,157.707017543864,125.562751030046,189.851284057682,1.2531288476711,"2010-2023",-1.41090970740245,3.98915408404841
2007,1,"Pancreatic Cancer",NA,"ltr",0.0106034850513613,0,NA,NA,NA,NA,NA,NA,NA
2007,1,"Pancreatic Cancer",NA,"Rates",6.78300474939972,0,6.70449111160356,5.28461128201787,8.50586706699216,1.2531288476711,"2010-2023",-1.41090970740245,3.98915408404841
2007,1,"Prostate Cancer","*","Counts",2501,0,2499.8819492446,2262.03615552024,2737.72774296895,4.07000869628193,"2015-2023",1.03486687165351,7.19632781624258
2007,1,"Prostate Cancer","*","Rates",116.91463596779,0,117.226496262881,108.198935041445,127.007270642797,4.07000869628193,"2015-2023",1.03486687165351,7.19632781624258
2007,1,"Prostate Cancer",NA,"ltr",0.133163012085454,NA,NA,NA,NA,NA,NA,NA,NA
2007,2,"All malignant neoplasms",NA,"Counts",6221,0,6354.9614035089,6256.03162763488,6453.89117938293,0.341131637334224,"2017-2023",-0.632888975309087,1.32469983714263
2007,2,"All malignant neoplasms",NA,"ltr",0.292636494930299,0,NA,NA,NA,NA,NA,NA,NA
2007,2,"All malignant neoplasms",NA,"Rates",353.725917387209,0,362.148454159621,356.108082332864,368.29128390187,0.341131637334224,"2017-2023",-0.632888975309087,1.32469983714263
2007,2,"Breast (Female) Cancer","*","Counts",1669,0,1744.80175438599,1706.47612561104,1783.12738316094,0.88784025730746,"2005-2023",0.607939116878975,1.16852011012287
2007,2,"Breast (Female) Cancer","*","Rates",108.164731616598,0,113.382400492298,110.616878652205,116.217062875328,0.88784025730746,"2005-2023",0.607939116878975,1.16852011012287
2007,2,"Breast (Female) Cancer",NA,"ltr",0.0889242879886984,NA,NA,NA,NA,NA,NA,NA,NA
2007,2,"Colorectal Cancer",NA,"Counts",815,0,860.68771929825,816.114252652536,905.261185943964,-0.0677166427633824,"2005-2023",-0.915790707436481,0.787616193254892
2007,2,"Colorectal Cancer",NA,"ltr",0.0440241981565139,0,NA,NA,NA,NA,NA,NA,NA
2007,2,"Colorectal Cancer",NA,"Rates",37.9726844956468,0,39.1112383791228,36.2579407994067,42.1890745536658,-0.0677166427633824,"2005-2023",-0.915790707436481,0.787616193254892
2007,2,"Leukaemia","*","Counts",204,0,214.378947368422,187.786290873139,240.971603863705,-2.18001854228266,"2005-2023",-3.89066476934524,-0.43892459120719
2007,2,"Leukaemia","*","Rates",15.6697411660513,0,13.2154975325964,11.2974947234551,15.4591242845607,-2.18001854228266,"2005-2023",-3.89066476934524,-0.43892459120719
2007,2,"Leukaemia",NA,"ltr",0.01135243652252,NA,NA,NA,NA,NA,NA,NA,NA
2007,2,"Lung Cancer","*","Counts",459,0,480.321052631596,436.745449251972,523.89665601122,2.54465572762086,"2005-2023",1.55046218313042,3.54858256906201
2007,2,"Lung Cancer","*","Rates",23.5337697054467,0,24.1648861456579,22.1604039978856,26.3506803616183,2.54465572762086,"2005-2023",1.55046218313042,3.54858256906201
2007,2,"Lung Cancer",NA,"ltr",0.0246911129936959,NA,NA,NA,NA,NA,NA,NA,NA
2007,2,"Lymphoma",NA,"Counts",254,0,256.971929824569,216.783619252801,297.160240396337,1.71200253972468,"2005-2023",-0.49884007181491,3.9719684484854
2007,2,"Lymphoma",NA,"ltr",0.0141468602342432,0,NA,NA,NA,NA,NA,NA,NA
2007,2,"Lymphoma",NA,"Rates",13.4250068301289,0,14.5519127083032,11.969902355598,17.6908847857928,1.71200253972468,"2005-2023",-0.49884007181491,3.9719684484854
2007,2,"Melanoma Cancer",NA,"Counts",778,0,781.626315789479,730.353166294776,832.899465284183,-0.588922765989164,"2012-2023",-1.89989029889681,0.739563971306456
2007,2,"Melanoma Cancer",NA,"ltr",0.0438017302047338,0,NA,NA,NA,NA,NA,NA,NA
2007,2,"Melanoma Cancer",NA,"Rates",52.9311131270546,0,52.3086121688983,48.9059398415383,55.9480283152075,-0.588922765989164,"2012-2023",-1.89989029889681,0.739563971306456
2007,2,"Pancreatic Cancer",NA,"Counts",196,0,172.092982456146,140.062946557709,204.123018354583,0.897117190121888,"2005-2023",-1.06073093986927,2.89370796837112
2007,2,"Pancreatic Cancer",NA,"ltr",0.0118108114156346,0,NA,NA,NA,NA,NA,NA,NA
2007,2,"Pancreatic Cancer",NA,"Rates",13.4155910065613,0,9.64415655364328,8.10261458546996,11.4789805994192,0.897117190121888,"2005-2023",-1.06073093986927,2.89370796837112
2007,3,"All malignant neoplasms","*","Counts",14761,0,14794.1414783042,14584.4275728544,15003.855383754,1.16936915549559,"2005-2023",1.06259355382545,1.27625756872844
2007,3,"All malignant neoplasms","*","Rates",392.464264731605,0,394.06851243479,390.387213663562,397.784525356915,1.16936915549559,"2005-2023",1.06259355382545,1.27625756872844
2007,3,"All malignant neoplasms",NA,"ltr",0.339862071093704,NA,NA,NA,NA,NA,NA,NA,NA
2007,3,"Colorectal Cancer",NA,"Counts",1870,0,1921.17719298246,1860.04818738082,1982.3061985841,-0.24541100885368,"2005-2023",-0.589340602087618,0.0997084725252506
2007,3,"Colorectal Cancer",NA,"ltr",0.0514869955093193,0,NA,NA,NA,NA,NA,NA,NA
2007,3,"Colorectal Cancer",NA,"Rates",45.0692714084458,0,44.8654973692866,43.5091726885111,46.2641031720878,-0.24541100885368,"2005-2023",-0.589340602087618,0.0997084725252506
2007,3,"Leukaemia",NA,"Counts",540,0,488.592982456143,432.798605281976,544.387359630309,-0.629778232872891,"2005-2023",-1.88329143937521,0.639749527948741
2007,3,"Leukaemia",NA,"ltr",0.015250596242281,0,NA,NA,NA,NA,NA,NA,NA
2007,3,"Leukaemia",NA,"Rates",16.6100649573022,0,14.1742787763341,12.6618683255882,15.8673407164738,-0.629778232872891,"2005-2023",-1.88329143937521,0.639749527948741
2007,3,"Lung Cancer","*","Counts",1323,0,1347.10877192985,1291.17377056871,1403.043773291,0.935068780092707,"2005-2023",0.38595570686335,1.48718551220111
2007,3,"Lung Cancer","*","Rates",31.814163864887,0,31.660902152695,30.1624100017149,33.2338405673,0.935068780092707,"2005-2023",0.38595570686335,1.48718551220111
2007,3,"Lung Cancer",NA,"ltr",0.0371326189152973,NA,NA,NA,NA,NA,NA,NA,NA
2007,3,"Lymphoma","*","Counts",570,0,547.722807017548,489.597760213366,605.84785382173,1.80330278966307,"2005-2023",0.493625904081041,3.13004795723011
2007,3,"Lymphoma","*","Rates",16.6783208480085,0,16.5852988228482,14.7822947421991,18.6082162370853,1.80330278966307,"2005-2023",0.493625904081041,3.13004795723011
2007,3,"Lymphoma",NA,"ltr",0.0154253881771641,NA,NA,NA,NA,NA,NA,NA,NA
2007,3,"Melanoma Cancer","*","Counts",1926,0,1860.57142857148,1760.39323991959,1960.74961722337,-2.26304462665309,"2017-2023",-4.44764129033706,-0.0285019161375688
2007,3,"Melanoma Cancer","*","Rates",60.8063757720038,0,59.4004638145632,56.7693656001766,62.1535059284555,-2.26304462665309,"2017-2023",-4.44764129033706,-0.0285019161375688
2007,3,"Melanoma Cancer",NA,"ltr",0.0535464614753128,NA,NA,NA,NA,NA,NA,NA,NA
2007,3,"Pancreatic Cancer","*","Counts",369,0,329.80000000001,288.669085897162,370.930914102858,2.50676895407362,"2005-2023",1.163490341541,3.86788401555433
2007,3,"Pancreatic Cancer","*","Rates",10.0140040869339,0,9.02419471842038,8.02583645312404,10.146741812097,2.50676895407362,"2005-2023",1.163490341541,3.86788401555433
2007,3,"Pancreatic Cancer",NA,"ltr",0.0111611762795525,NA,NA,NA,NA,NA,NA,NA,NA
2008,1,"All malignant neoplasms","*","Counts",8917,0,8712.82521970983,8534.00430920765,8891.64613021202,1.2020153294249,"2005-2023",1.02423222833266,1.38011129437501
2008,1,"All malignant neoplasms","*","Rates",439.315015966662,0,429.311705094531,423.222933499223,435.488073879419,1.2020153294249,"2005-2023",1.02423222833266,1.38011129437501
2008,1,"All malignant neoplasms",NA,"ltr",0.39070367824664,NA,NA,NA,NA,NA,NA,NA,NA
2008,1,"Colorectal Cancer",NA,"Counts",1074,0,1069.28421052632,1022.55418685052,1116.01423420212,-0.353858585035838,"2005-2023",-1.04259986890383,0.339676322709437
2008,1,"Colorectal Cancer",NA,"ltr",0.0582702715387511,0,NA,NA,NA,NA,NA,NA,NA
2008,1,"Colorectal Cancer",NA,"Rates",49.0788123720442,0,50.2677282519505,47.5136017161776,53.1814977678611,-0.353858585035838,"2005-2023",-1.04259986890383,0.339676322709437
2008,1,"Leukaemia",NA,"Counts",330,0,284.27368421053,247.399847088758,321.147521332301,0.516500398362441,"2005-2023",-0.951904528355085,2.00667467883222
2008,1,"Leukaemia",NA,"ltr",0.0171337165597866,0,NA,NA,NA,NA,NA,NA,NA
2008,1,"Leukaemia",NA,"Rates",14.9941186873996,0,15.1709157855334,13.4613679560338,17.0975703601196,0.516500398362441,"2005-2023",-0.951904528355085,2.00667467883222
2008,1,"Lung Cancer",NA,"Counts",958,0,886.547368421066,860.742655353311,912.352081488822,-0.225142056683547,"2005-2023",-0.696987769907031,0.248945666848455
2008,1,"Lung Cancer",NA,"ltr",0.0525993115521691,0,NA,NA,NA,NA,NA,NA,NA
2008,1,"Lung Cancer",NA,"Rates",41.5458027886829,0,39.1504012418413,37.6713596144185,40.6875125582277,-0.225142056683547,"2005-2023",-0.696987769907031,0.248945666848455
2008,1,"Lymphoma","*","Counts",252,0,311.463157894745,278.610507470955,344.315808318535,1.96880930478758,"2005-2023",0.933171283689282,3.01507362541757
2008,1,"Lymphoma","*","Rates",15.3193260543128,0,18.6981860759285,17.2100498466516,20.3149999939175,1.96880930478758,"2005-2023",0.933171283689282,3.01507362541757
2008,1,"Lymphoma",NA,"ltr",0.0136999849590979,NA,NA,NA,NA,NA,NA,NA,NA
2008,1,"Melanoma Cancer",NA,"Counts",1174,0,1158.66293077913,1112.71425146794,1204.61161009032,0.26006286726199,"2010-2023",-0.811925413103509,1.3436368032421
2008,1,"Melanoma Cancer",NA,"ltr",0.062692389326511,0,NA,NA,NA,NA,NA,NA,NA
2008,1,"Melanoma Cancer",NA,"Rates",68.2220401272847,0,68.5229725746336,65.0601982251822,72.1700501774153,0.26006286726199,"2010-2023",-0.811925413103509,1.3436368032421
2008,1,"Pancreatic Cancer",NA,"Counts",186,0,170.831578947371,141.450892231252,200.21226566349,1.2531288476711,"2010-2023",-1.41090970740245,3.98915408404841
2008,1,"Pancreatic Cancer",NA,"ltr",0.0107860802819295,0,NA,NA,NA,NA,NA,NA,NA
2008,1,"Pancreatic Cancer",NA,"Rates",10.7737316632246,0,8.06184339810216,6.62627406389935,9.80842602475711,1.2531288476711,"2010-2023",-1.41090970740245,3.98915408404841
2008,1,"Prostate Cancer","*","Counts",2708,0,2532.78354892862,2323.18753562654,2742.37956223069,4.07000869628193,"2015-2023",1.03486687165351,7.19632781624258
2008,1,"Prostate Cancer","*","Rates",125.946124619072,0,117.05683976796,109.226308660104,125.448748607823,4.07000869628193,"2015-2023",1.03486687165351,7.19632781624258
2008,1,"Prostate Cancer",NA,"ltr",0.139975877176918,NA,NA,NA,NA,NA,NA,NA,NA
2008,2,"All malignant neoplasms",NA,"Counts",6637,0,6598.98947368434,6508.56511291689,6689.41383445179,0.341131637334224,"2017-2023",-0.632888975309087,1.32469983714263
2008,2,"All malignant neoplasms",NA,"ltr",0.300310577513995,0,NA,NA,NA,NA,NA,NA,NA
2008,2,"All malignant neoplasms",NA,"Rates",377.139084232236,0,367.44089988833,362.034791599579,372.927735243949,0.341131637334224,"2017-2023",-0.632888975309087,1.32469983714263
2008,2,"Breast (Female) Cancer","*","Counts",1889,0,1807.74736842107,1772.71675754211,1842.77797930003,0.88784025730746,"2005-2023",0.607939116878975,1.16852011012287
2008,2,"Breast (Female) Cancer","*","Rates",120.187088155337,0,114.38905508857,111.836156703014,117.000228815117,0.88784025730746,"2005-2023",0.607939116878975,1.16852011012287
2008,2,"Breast (Female) Cancer",NA,"ltr",0.0981219323463325,NA,NA,NA,NA,NA,NA,NA,NA
2008,2,"Colorectal Cancer",NA,"Counts",923,0,870.957894736846,830.216599277324,911.699190196369,-0.0677166427633824,"2005-2023",-0.915790707436481,0.787616193254892
2008,2,"Colorectal Cancer",NA,"ltr",0.0475454567669351,0,NA,NA,NA,NA,NA,NA,NA
2008,2,"Colorectal Cancer",NA,"Rates",43.2299844171592,0,39.0847535615493,36.4701344913382,41.8868200590227,-0.0677166427633824,"2005-2023",-0.915790707436481,0.787616193254892
2008,2,"Leukaemia","*","Counts",262,0,216.926315789475,192.619943481947,241.232688097003,-2.18001854228266,"2005-2023",-3.89066476934524,-0.43892459120719
2008,2,"Leukaemia","*","Rates",16.6877326879988,0,12.9273972359309,11.2012035368061,14.9196109816612,-2.18001854228266,"2005-2023",-3.89066476934524,-0.43892459120719
2008,2,"Leukaemia",NA,"ltr",0.0146526128233222,NA,NA,NA,NA,NA,NA,NA,NA
2008,2,"Lung Cancer","*","Counts",617,0,514.778947368424,474.949724610698,554.608170126151,2.54465572762086,"2005-2023",1.55046218313042,3.54858256906201
2008,2,"Lung Cancer","*","Rates",28.6757727328991,0,24.7797993050365,22.894119539624,26.8207935463577,2.54465572762086,"2005-2023",1.55046218313042,3.54858256906201
2008,2,"Lung Cancer",NA,"ltr",0.0331395384555377,NA,NA,NA,NA,NA,NA,NA,NA
2008,2,"Lymphoma",NA,"Counts",218,0,268.915789473689,232.18263950271,305.648939444668,1.71200253972468,"2005-2023",-0.49884007181491,3.9719684484854
2008,2,"Lymphoma",NA,"ltr",0.012543807970087,0,NA,NA,NA,NA,NA,NA,NA
2008,2,"Lymphoma",NA,"Rates",9.93063421906245,0,14.8010418234478,12.3810068676879,17.6941052856684,1.71200253972468,"2005-2023",-0.49884007181491,3.9719684484854
2008,2,"Melanoma Cancer",NA,"Counts",812,0,811.22105263159,764.356074654724,858.086030608457,-0.588922765989164,"2012-2023",-1.89989029889681,0.739563971306456
2008,2,"Melanoma Cancer",NA,"ltr",0.043752934092983,0,NA,NA,NA,NA,NA,NA,NA
2008,2,"Melanoma Cancer",NA,"Rates",55.632430985343,0,54.0245769484758,51.095610936174,57.1214407849554,-0.588922765989164,"2012-2023",-1.89989029889681,0.739563971306456
2008,2,"Pancreatic Cancer",NA,"Counts",208,0,181.094736842111,151.818459847784,210.371013836439,0.897117190121888,"2005-2023",-1.06073093986927,2.89370796837112
2008,2,"Pancreatic Cancer",NA,"ltr",0.0100328581314139,0,NA,NA,NA,NA,NA,NA,NA
2008,2,"Pancreatic Cancer",NA,"Rates",9.32962005562687,0,9.73067593992827,8.29864053474492,11.4098271700606,0.897117190121888,"2005-2023",-1.06073093986927,2.89370796837112
2008,3,"All malignant neoplasms","*","Counts",15554,0,15299.9785513944,15116.8515236123,15483.1055791765,1.16936915549559,"2005-2023",1.06259355382545,1.27625756872844
2008,3,"All malignant neoplasms","*","Rates",407.325738091391,0,398.676628070724,395.271107643679,402.111489294894,1.16936915549559,"2005-2023",1.06259355382545,1.27625756872844
2008,3,"All malignant neoplasms",NA,"ltr",0.346674595757624,NA,NA,NA,NA,NA,NA,NA,NA
2008,3,"Colorectal Cancer",NA,"Counts",1997,0,1940.24210526316,1884.36862119789,1996.11558932843,-0.24541100885368,"2005-2023",-0.589340602087618,0.0997084725252506
2008,3,"Colorectal Cancer",NA,"ltr",0.05286779951397,0,NA,NA,NA,NA,NA,NA,NA
2008,3,"Colorectal Cancer",NA,"Rates",46.0774100441019,0,44.7553924995654,43.5170942635937,46.0289270615639,-0.24541100885368,"2005-2023",-0.589340602087618,0.0997084725252506
2008,3,"Leukaemia",NA,"Counts",592,0,501.200000000004,450.202503585816,552.197496414193,-0.629778232872891,"2005-2023",-1.88329143937521,0.639749527948741
2008,3,"Leukaemia",NA,"ltr",0.0158602548843556,0,NA,NA,NA,NA,NA,NA,NA
2008,3,"Leukaemia",NA,"Rates",15.7851653605649,0,14.085012253934,12.7047775177481,15.6151943563224,-0.629778232872891,"2005-2023",-1.88329143937521,0.639749527948741
2008,3,"Lung Cancer","*","Counts",1575,0,1401.3263157895,1350.20028524993,1452.45234632907,0.935068780092707,"2005-2023",0.38595570686335,1.48718551220111
2008,3,"Lung Cancer","*","Rates",35.1042285083147,0,31.9569533642205,30.5716235899437,33.4050582991902,0.935068780092707,"2005-2023",0.38595570686335,1.48718551220111
2008,3,"Lung Cancer",NA,"ltr",0.0429277317784238,NA,NA,NA,NA,NA,NA,NA,NA
2008,3,"Lymphoma","*","Counts",470,0,580.37894736843,527.251158940615,633.506735796245,1.80330278966307,"2005-2023",0.493625904081041,3.13004795723011
2008,3,"Lymphoma","*","Rates",12.6651295335273,0,16.8843819791946,15.1985040440632,18.757264135526,1.80330278966307,"2005-2023",0.493625904081041,3.13004795723011
2008,3,"Lymphoma",NA,"ltr",0.0131183421665276,NA,NA,NA,NA,NA,NA,NA,NA
2008,3,"Melanoma Cancer","*","Counts",1986,0,1966.14570910038,1883.12758049802,2049.16383770275,-2.26304462665309,"2017-2023",-4.44764129033706,-0.0285019161375688
2008,3,"Melanoma Cancer","*","Rates",61.8193793954968,0,60.4386215358926,58.0731948094903,62.9003963901417,-2.26304462665309,"2017-2023",-4.44764129033706,-0.0285019161375688
2008,3,"Melanoma Cancer",NA,"ltr",0.0532157315193339,NA,NA,NA,NA,NA,NA,NA,NA
2008,3,"Pancreatic Cancer","*","Counts",394,0,351.926315789489,314.331601936433,389.521029642545,2.50676895407362,"2005-2023",1.163490341541,3.86788401555433
2008,3,"Pancreatic Cancer","*","Rates",10.0513399049476,0,9.25041042997683,8.31037269741198,10.2967816533274,2.50676895407362,"2005-2023",1.163490341541,3.86788401555433
2008,3,"Pancreatic Cancer",NA,"ltr",0.0103959235295751,NA,NA,NA,NA,NA,NA,NA,NA
2009,1,"All malignant neoplasms","*","Counts",9057,0,8974.85662091448,8816.48162493745,9133.2316168915,1.2020153294249,"2005-2023",1.02423222833266,1.38011129437501
2009,1,"All malignant neoplasms","*","Rates",440.6784324627,0,434.472097600782,428.843530345422,440.174539747813,1.2020153294249,"2005-2023",1.02423222833266,1.38011129437501
2009,1,"All malignant neoplasms",NA,"ltr",0.386300408865786,NA,NA,NA,NA,NA,NA,NA,NA
2009,1,"Colorectal Cancer",NA,"Counts",1093,0,1078.07894736842,1035.42046723511,1120.73742750173,-0.353858585035838,"2005-2023",-1.04259986890383,0.339676322709437
2009,1,"Colorectal Cancer",NA,"ltr",0.0580029927388258,0,NA,NA,NA,NA,NA,NA,NA
2009,1,"Colorectal Cancer",NA,"Rates",52.3761767673985,0,50.0898515800285,47.5784841432995,52.7337782295156,-0.353858585035838,"2005-2023",-1.04259986890383,0.339676322709437
2009,1,"Leukaemia",NA,"Counts",268,0,294.333333333336,260.672279377726,327.994387288945,0.516500398362441,"2005-2023",-0.951904528355085,2.00667467883222
2009,1,"Leukaemia",NA,"ltr",0.0143034347428044,0,NA,NA,NA,NA,NA,NA,NA
2009,1,"Leukaemia",NA,"Rates",13.0080564162442,0,15.2492736260009,13.6725815781098,17.0077863344367,0.516500398362441,"2005-2023",-0.951904528355085,2.00667467883222
2009,1,"Lung Cancer",NA,"Counts",877,0,906.30701754387,882.750645148606,929.863389939133,-0.225142056683547,"2005-2023",-0.696987769907031,0.248945666848455
2009,1,"Lung Cancer",NA,"ltr",0.0474360795418097,0,NA,NA,NA,NA,NA,NA,NA
2009,1,"Lung Cancer",NA,"Rates",37.1251676527408,0,39.0622572232856,37.712874848655,40.4599210614818,-0.225142056683547,"2005-2023",-0.696987769907031,0.248945666848455
2009,1,"Lymphoma","*","Counts",307,0,332.175438596496,302.18520907826,362.165668114732,1.96880930478758,"2005-2023",0.933171283689282,3.01507362541757
2009,1,"Lymphoma","*","Rates",18.764727936567,0,19.0663177032179,17.6761482128877,20.5658193392493,1.96880930478758,"2005-2023",0.933171283689282,3.01507362541757
2009,1,"Lymphoma",NA,"ltr",0.017218528447566,NA,NA,NA,NA,NA,NA,NA,NA
2009,1,"Melanoma Cancer",NA,"Counts",1122,0,1210.80314999509,1170.10812232398,1251.4981776662,0.26006286726199,"2010-2023",-0.811925413103509,1.3436368032421
2009,1,"Melanoma Cancer",NA,"ltr",0.0575088757523207,0,NA,NA,NA,NA,NA,NA,NA
2009,1,"Melanoma Cancer",NA,"Rates",62.9631494271161,0,69.95639950725,66.238428331573,73.8830608649157,0.26006286726199,"2010-2023",-0.811925413103509,1.3436368032421
2009,1,"Pancreatic Cancer",NA,"Counts",179,0,183.956140350881,157.13536556853,210.776915133233,1.2531288476711,"2010-2023",-1.41090970740245,3.98915408404841
2009,1,"Pancreatic Cancer",NA,"ltr",0.00970738991574083,0,NA,NA,NA,NA,NA,NA,NA
2009,1,"Pancreatic Cancer",NA,"Rates",9.51238030557031,0,9.6939973360601,7.88520139828984,11.9177151736316,1.2531288476711,"2010-2023",-1.41090970740245,3.98915408404841
2009,1,"Prostate Cancer","*","Counts",2727,0,2565.68514861263,2380.05379448131,2751.31650274396,4.07000869628193,"2015-2023",1.03486687165351,7.19632781624258
2009,1,"Prostate Cancer","*","Rates",126.410471453134,0,116.88742880905,110.005211085688,124.200216323828,4.07000869628193,"2015-2023",1.03486687165351,7.19632781624258
2009,1,"Prostate Cancer",NA,"ltr",0.140494906972603,NA,NA,NA,NA,NA,NA,NA,NA
2009,2,"All malignant neoplasms",NA,"Counts",6877,0,6843.01754385972,6760.47177362586,6925.56331409359,0.341131637334224,"2017-2023",-0.632888975309087,1.32469983714263
2009,2,"All malignant neoplasms",NA,"ltr",0.303984962572436,0,NA,NA,NA,NA,NA,NA,NA
2009,2,"All malignant neoplasms",NA,"Rates",373.597363503335,0,372.810689539041,367.948621136377,377.737005251774,0.341131637334224,"2017-2023",-0.632888975309087,1.32469983714263
2009,2,"Breast (Female) Cancer","*","Counts",1831,0,1870.69298245615,1838.7145561535,1902.6714087588,0.88784025730746,"2005-2023",0.607939116878975,1.16852011012287
2009,2,"Breast (Female) Cancer","*","Rates",112.236026149909,0,115.4046471696,113.051184986004,117.807102950656,0.88784025730746,"2005-2023",0.607939116878975,1.16852011012287
2009,2,"Breast (Female) Cancer",NA,"ltr",0.0941216608267221,NA,NA,NA,NA,NA,NA,NA,NA
2009,2,"Colorectal Cancer",NA,"Counts",831,0,881.228070175443,844.036525933504,918.419614417382,-0.0677166427633824,"2005-2023",-0.915790707436481,0.787616193254892
2009,2,"Colorectal Cancer",NA,"ltr",0.042053970188858,0,NA,NA,NA,NA,NA,NA,NA
2009,2,"Colorectal Cancer",NA,"Rates",34.0671595321444,0,39.0582866786051,36.6659673949668,41.6066959814488,-0.0677166427633824,"2005-2023",-0.915790707436481,0.787616193254892
2009,2,"Leukaemia","*","Counts",211,0,219.473684210528,197.285103537274,241.662264883781,-2.18001854228266,"2005-2023",-3.89066476934524,-0.43892459120719
2009,2,"Leukaemia","*","Rates",12.1981714049579,0,12.645577579153,11.0947044206184,14.4132395283285,-2.18001854228266,"2005-2023",-3.89066476934524,-0.43892459120719
2009,2,"Leukaemia",NA,"ltr",0.0103438555459374,NA,NA,NA,NA,NA,NA,NA,NA
2009,2,"Lung Cancer","*","Counts",582,0,549.236842105267,512.877902518092,585.595781692442,2.54465572762086,"2005-2023",1.55046218313042,3.54858256906201
2009,2,"Lung Cancer","*","Rates",26.4031070348978,0,25.4103598873451,23.639154445241,27.3142760287852,2.54465572762086,"2005-2023",1.55046218313042,3.54858256906201
2009,2,"Lung Cancer",NA,"ltr",0.0301547979005744,NA,NA,NA,NA,NA,NA,NA,NA
2009,2,"Lymphoma",NA,"Counts",281,0,280.859649122813,247.32702437727,314.392273868356,1.71200253972468,"2005-2023",-0.49884007181491,3.9719684484854
2009,2,"Lymphoma",NA,"ltr",0.0151436898362902,0,NA,NA,NA,NA,NA,NA,NA
2009,2,"Lymphoma",NA,"Rates",13.922227804284,0,15.054436035371,12.7903914733714,17.7192421994991,1.71200253972468,"2005-2023",-0.49884007181491,3.9719684484854
2009,2,"Melanoma Cancer",NA,"Counts",771,0,840.815789473694,798.034113482173,883.597465465216,-0.588922765989164,"2012-2023",-1.89989029889681,0.739563971306456
2009,2,"Melanoma Cancer",NA,"ltr",0.0416771285853622,0,NA,NA,NA,NA,NA,NA,NA
2009,2,"Melanoma Cancer",NA,"Rates",51.4498106972991,0,55.7968333213994,53.0890207521749,58.6427582311072,-0.588922765989164,"2012-2023",-1.89989029889681,0.739563971306456
2009,2,"Pancreatic Cancer",NA,"Counts",219,0,190.096491228076,163.371029045471,216.821953410681,0.897117190121888,"2005-2023",-1.06073093986927,2.89370796837112
2009,2,"Pancreatic Cancer",NA,"ltr",0.0109920313880574,0,NA,NA,NA,NA,NA,NA,NA
2009,2,"Pancreatic Cancer",NA,"Rates",10.1369371386058,0,9.81797150650044,8.49003481660533,11.3536123920157,0.897117190121888,"2005-2023",-1.06073093986927,2.89370796837112
2009,3,"All malignant neoplasms","*","Counts",15934,0,15805.8156244847,15644.5304305309,15967.1008184385,1.16936915549559,"2005-2023",1.06259355382545,1.27625756872844
2009,3,"All malignant neoplasms","*","Rates",406.232966839126,0,403.338629589552,400.192301589392,406.509694147226,1.16936915549559,"2005-2023",1.06259355382545,1.27625756872844
2009,3,"All malignant neoplasms",NA,"ltr",0.345966341523216,NA,NA,NA,NA,NA,NA,NA,NA
2009,3,"Colorectal Cancer",NA,"Counts",1924,0,1959.30701754386,1908.30173822894,2010.31229685879,-0.24541100885368,"2005-2023",-0.589340602087618,0.0997084725252506
2009,3,"Colorectal Cancer",NA,"ltr",0.0500463364726562,0,NA,NA,NA,NA,NA,NA,NA
2009,3,"Colorectal Cancer",NA,"Rates",43.2454153401352,0,44.6455578393158,43.516552501172,45.8038544006906,-0.24541100885368,"2005-2023",-0.589340602087618,0.0997084725252506
2009,3,"Leukaemia",NA,"Counts",479,0,513.807017543862,467.252885606629,560.361149481096,-0.629778232872891,"2005-2023",-1.88329143937521,0.639749527948741
2009,3,"Leukaemia",NA,"ltr",0.0122953310128007,0,NA,NA,NA,NA,NA,NA,NA
2009,3,"Leukaemia",NA,"Rates",12.5579022565211,0,13.9963079126613,12.738721668825,15.3780450094482,-0.629778232872891,"2005-2023",-1.88329143937521,0.639749527948741
2009,3,"Lung Cancer","*","Counts",1459,0,1455.54385964914,1408.87239264545,1502.21532665284,0.935068780092707,"2005-2023",0.38595570686335,1.48718551220111
2009,3,"Lung Cancer","*","Rates",31.6782413335311,0,32.2557728581981,30.9768710948221,33.5874749743071,0.935068780092707,"2005-2023",0.38595570686335,1.48718551220111
2009,3,"Lung Cancer",NA,"ltr",0.0387880922143619,NA,NA,NA,NA,NA,NA,NA,NA
2009,3,"Lymphoma","*","Counts",588,0,613.035087719298,564.53627413217,661.533901306425,1.80330278966307,"2005-2023",0.493625904081041,3.13004795723011
2009,3,"Lymphoma","*","Rates",16.3530512229738,0,17.1888585104428,15.6150415500438,18.9212981563403,1.80330278966307,"2005-2023",0.493625904081041,3.13004795723011
2009,3,"Lymphoma",NA,"ltr",0.0161852766115254,NA,NA,NA,NA,NA,NA,NA,NA
2009,3,"Melanoma Cancer","*","Counts",1893,0,2071.71998962929,1997.62838519875,2145.81159405982,-2.26304462665309,"2017-2023",-4.44764129033706,-0.0285019161375688
2009,3,"Melanoma Cancer","*","Rates",57.1371248287384,0,61.4949234161244,59.3584989207907,63.7082418644261,-2.26304462665309,"2017-2023",-4.44764129033706,-0.0285019161375688
2009,3,"Melanoma Cancer",NA,"ltr",0.0495714114987513,NA,NA,NA,NA,NA,NA,NA,NA
2009,3,"Pancreatic Cancer","*","Counts",398,0,374.052631578961,339.733510211843,408.37175294608,2.50676895407362,"2005-2023",1.163490341541,3.86788401555433
2009,3,"Pancreatic Cancer","*","Rates",9.8049243826215,0,9.48229684675989,8.59860653381319,10.4568051970392,2.50676895407362,"2005-2023",1.163490341541,3.86788401555433
2009,3,"Pancreatic Cancer",NA,"ltr",0.0103328525827501,NA,NA,NA,NA,NA,NA,NA,NA
2010,1,"All malignant neoplasms","*","Counts",9131,0,9236.88802211924,9093.72793597759,9380.04810826089,1.2020153294249,"2005-2023",1.02423222833266,1.38011129437501
2010,1,"All malignant neoplasms","*","Rates",432.14805149752,0,439.694518816018,434.482258466768,444.969307973796,1.2020153294249,"2005-2023",1.02423222833266,1.38011129437501
2010,1,"All malignant neoplasms",NA,"ltr",0.384351976320138,NA,NA,NA,NA,NA,NA,NA,NA
2010,1,"Colorectal Cancer",NA,"Counts",1098,0,1086.87368421052,1047.86125899751,1125.88610942354,-0.353858585035838,"2005-2023",-1.04259986890383,0.339676322709437
2010,1,"Colorectal Cancer",NA,"ltr",0.0582454290094738,0,NA,NA,NA,NA,NA,NA,NA
2010,1,"Colorectal Cancer",NA,"Rates",53.898475156562,0,49.9126043399808,47.6190176792156,52.3166624053828,-0.353858585035838,"2005-2023",-1.04259986890383,0.339676322709437
2010,1,"Leukaemia",NA,"Counts",315,0,304.392982456142,273.608966102753,335.176998809531,0.516500398362441,"2005-2023",-0.951904528355085,2.00667467883222
2010,1,"Leukaemia",NA,"ltr",0.0172409098921021,0,NA,NA,NA,NA,NA,NA,NA
2010,1,"Leukaemia",NA,"Rates",17.4715519063281,0,15.3280361850266,13.8720000824804,16.9369010879845,0.516500398362441,"2005-2023",-0.951904528355085,2.00667467883222
2010,1,"Lung Cancer",NA,"Counts",995,0,926.06666666668,904.523676539318,947.609656794043,-0.225142056683547,"2005-2023",-0.696987769907031,0.248945666848455
2010,1,"Lung Cancer",NA,"ltr",0.0513889512746598,0,NA,NA,NA,NA,NA,NA,NA
2010,1,"Lung Cancer",NA,"Rates",44.1011820118604,0,38.974311653986,37.7411996257145,40.2477129494071,-0.225142056683547,"2005-2023",-0.696987769907031,0.248945666848455
2010,1,"Lymphoma","*","Counts",355,0,352.887719298255,325.460779038191,380.314659558318,1.96880930478758,"2005-2023",0.933171283689282,3.01507362541757
2010,1,"Lymphoma","*","Rates",19.459999007642,0,19.4416971402393,18.1411658446279,20.8354628875585,1.96880930478758,"2005-2023",0.933171283689282,3.01507362541757
2010,1,"Lymphoma",NA,"ltr",0.0192467668736847,NA,NA,NA,NA,NA,NA,NA,NA
2010,1,"Melanoma Cancer",NA,"Counts",1196,0,1262.94336921105,1226.15786761723,1299.72887080486,0.26006286726199,"2010-2023",-0.811925413103509,1.3436368032421
2010,1,"Melanoma Cancer",NA,"ltr",0.0614817019933942,0,NA,NA,NA,NA,NA,NA,NA
2010,1,"Melanoma Cancer",NA,"Rates",63.302025725203,0,71.4198121905416,66.619882619885,76.5655743111401,0.26006286726199,"2010-2023",-0.811925413103509,1.3436368032421
2010,1,"Pancreatic Cancer",NA,"Counts",292,0,197.080701754388,172.55232036148,221.609083147297,1.2531288476711,"2010-2023",-1.41090970740245,3.98915408404841
2010,1,"Pancreatic Cancer",NA,"ltr",0.0150838189164891,0,NA,NA,NA,NA,NA,NA,NA
2010,1,"Pancreatic Cancer",NA,"Rates",14.957728058157,0,11.6565876699692,8.96005439227215,15.1646441147576,1.2531288476711,"2010-2023",-1.41090970740245,3.98915408404841
2010,1,"Prostate Cancer","*","Counts",2600,0,2598.58674829665,2430.78879203412,2766.38470455918,4.07000869628193,"2015-2023",1.03486687165351,7.19632781624258
2010,1,"Prostate Cancer","*","Rates",119.843167447461,0,116.718263030798,110.40940323969,123.387614869647,4.07000869628193,"2015-2023",1.03486687165351,7.19632781624258
2010,1,"Prostate Cancer",NA,"ltr",0.129730474233994,NA,NA,NA,NA,NA,NA,NA,NA
2010,2,"All malignant neoplasms",NA,"Counts",7031,0,7087.04561403516,7011.55509778058,7162.53613028974,0.341131637334224,"2017-2023",-0.632888975309087,1.32469983714263
2010,2,"All malignant neoplasms",NA,"ltr",0.304177789455697,0,NA,NA,NA,NA,NA,NA,NA
2010,2,"All malignant neoplasms",NA,"Rates",372.946129782493,0,378.258953417583,373.796943395539,382.774226404424,0.341131637334224,"2017-2023",-0.632888975309087,1.32469983714263
2010,2,"Breast (Female) Cancer","*","Counts",1898,0,1933.63859649125,1904.39339223963,1962.88380074286,0.88784025730746,"2005-2023",0.607939116878975,1.16852011012287
2010,2,"Breast (Female) Cancer","*","Rates",112.969616311669,0,116.429256085975,114.255930627415,118.643921574089,0.88784025730746,"2005-2023",0.607939116878975,1.16852011012287
2010,2,"Breast (Female) Cancer",NA,"ltr",0.0946516615591046,NA,NA,NA,NA,NA,NA,NA,NA
2010,2,"Colorectal Cancer",NA,"Counts",943,0,891.498245614039,857.485492844578,925.5109983835,-0.0677166427633824,"2005-2023",-0.915790707436481,0.787616193254892
2010,2,"Colorectal Cancer",NA,"ltr",0.0459941588052345,0,NA,NA,NA,NA,NA,NA,NA
2010,2,"Colorectal Cancer",NA,"Rates",38.8678923131767,0,39.0318377181454,36.8396195000645,41.35450844309,-0.0677166427633824,"2005-2023",-0.915790707436481,0.787616193254892
2010,2,"Leukaemia","*","Counts",282,0,222.02105263158,201.728947957594,242.313157305566,-2.18001854228266,"2005-2023",-3.89066476934524,-0.43892459120719
2010,2,"Leukaemia","*","Rates",15.590018640017,0,12.3699016431488,10.9748859277011,13.9422375475412,-2.18001854228266,"2005-2023",-3.89066476934524,-0.43892459120719
2010,2,"Leukaemia",NA,"ltr",0.015185302478242,NA,NA,NA,NA,NA,NA,NA,NA
2010,2,"Lung Cancer","*","Counts",542,0,583.69473684211,550.443425331795,616.946048352424,2.54465572762086,"2005-2023",1.55046218313042,3.54858256906201
2010,2,"Lung Cancer","*","Rates",22.6246781145877,0,26.0569660656275,24.3908506890789,27.8368921691309,2.54465572762086,"2005-2023",1.55046218313042,3.54858256906201
2010,2,"Lung Cancer",NA,"ltr",0.0279826508174775,NA,NA,NA,NA,NA,NA,NA,NA
2010,2,"Lymphoma",NA,"Counts",224,0,292.803508771936,262.136944679791,323.470072864081,1.71200253972468,"2005-2023",-0.49884007181491,3.9719684484854
2010,2,"Lymphoma",NA,"ltr",0.0114899337340122,0,NA,NA,NA,NA,NA,NA,NA
2010,2,"Lymphoma",NA,"Rates",11.3255978282203,0,15.3121683626377,13.1918505303304,17.7732835455261,1.71200253972468,"2005-2023",-0.49884007181491,3.9719684484854
2010,2,"Melanoma Cancer",NA,"Counts",912,0,870.410526315798,831.285434894562,909.535617737034,-0.588922765989164,"2012-2023",-1.89989029889681,0.739563971306456
2010,2,"Melanoma Cancer",NA,"ltr",0.0467415916673828,0,NA,NA,NA,NA,NA,NA,NA
2010,2,"Melanoma Cancer",NA,"Rates",60.6217407784769,0,57.6272279126824,54.7477445356932,60.6581590723826,-0.588922765989164,"2012-2023",-1.89989029889681,0.739563971306456
2010,2,"Pancreatic Cancer",NA,"Counts",168,0,199.098245614041,174.657030375619,223.539460852463,0.897117190121888,"2005-2023",-1.06073093986927,2.89370796837112
2010,2,"Pancreatic Cancer",NA,"ltr",0.00971815132065623,0,NA,NA,NA,NA,NA,NA,NA
2010,2,"Pancreatic Cancer",NA,"Rates",7.40612836964946,0,9.90605021660651,8.67326245133276,11.3140622049147,0.897117190121888,"2005-2023",-1.06073093986927,2.89370796837112
2010,3,"All malignant neoplasms","*","Counts",16162,0,16311.6526975749,16165.3238262193,16457.9815689306,1.16936915549559,"2005-2023",1.06259355382545,1.27625756872844
2010,3,"All malignant neoplasms","*","Rates",401.674748065345,0,408.055147116171,405.143117593927,410.988107306048,1.16936915549559,"2005-2023",1.06259355382545,1.27625756872844
2010,3,"All malignant neoplasms",NA,"ltr",0.345020422234355,NA,NA,NA,NA,NA,NA,NA,NA
2010,3,"Colorectal Cancer",NA,"Counts",2041,0,1978.37192982457,1931.72611313058,2025.01774651856,-0.24541100885368,"2005-2023",-0.589340602087618,0.0997084725252506
2010,3,"Colorectal Cancer",NA,"ltr",0.0521023185727474,0,NA,NA,NA,NA,NA,NA,NA
2010,3,"Colorectal Cancer",NA,"Rates",46.3831496689846,0,44.535992725414,43.5048948634477,45.5915283616649,-0.24541100885368,"2005-2023",-0.589340602087618,0.0997084725252506
2010,3,"Leukaemia",NA,"Counts",597,0,526.414035087724,483.838922592329,568.989147583119,-0.629778232872891,"2005-2023",-1.88329143937521,0.639749527948741
2010,3,"Leukaemia",NA,"ltr",0.0161590726830956,0,NA,NA,NA,NA,NA,NA,NA
2010,3,"Leukaemia",NA,"Rates",16.4789564128467,0,13.9081622120215,12.7607678397637,15.1587254422993,-0.629778232872891,"2005-2023",-1.88329143937521,0.639749527948741
2010,3,"Lung Cancer","*","Counts",1537,0,1509.76140350879,1467.07898467029,1552.44382234729,0.935068780092707,"2005-2023",0.38595570686335,1.48718551220111
2010,3,"Lung Cancer","*","Rates",33.3680178570993,0,32.5573865199728,31.3748274286662,33.7845178406441,0.935068780092707,"2005-2023",0.38595570686335,1.48718551220111
2010,3,"Lung Cancer",NA,"ltr",0.0397378811841088,NA,NA,NA,NA,NA,NA,NA,NA
2010,3,"Lymphoma","*","Counts",579,0,645.69122807018,601.337647443888,690.044808696472,1.80330278966307,"2005-2023",0.493625904081041,3.13004795723011
2010,3,"Lymphoma","*","Rates",15.3527455029206,0,17.4988256754728,16.0276362582343,19.1050567336945,1.80330278966307,"2005-2023",0.493625904081041,3.13004795723011
2010,3,"Lymphoma",NA,"ltr",0.01533970884248,NA,NA,NA,NA,NA,NA,NA,NA
2010,3,"Melanoma Cancer","*","Counts",2108,0,2177.29427015819,2100.95071775898,2253.6378225574,-2.26304462665309,"2017-2023",-4.44764129033706,-0.0285019161375688
2010,3,"Melanoma Cancer","*","Rates",61.7431908854946,0,62.5696865655555,60.6014327898202,64.601866600908,-2.26304462665309,"2017-2023",-4.44764129033706,-0.0285019161375688
2010,3,"Melanoma Cancer",NA,"ltr",0.0540175264532616,NA,NA,NA,NA,NA,NA,NA,NA
2010,3,"Pancreatic Cancer","*","Counts",460,0,396.178947368433,364.79310915931,427.564785577556,2.50676895407362,"2005-2023",1.163490341541,3.86788401555433
2010,3,"Pancreatic Cancer","*","Rates",11.1920519669135,0,9.71999612024758,8.88816050619019,10.6296825436296,2.50676895407362,"2005-2023",1.163490341541,3.86788401555433
2010,3,"Pancreatic Cancer",NA,"ltr",0.0123961077429647,NA,NA,NA,NA,NA,NA,NA,NA
2011,1,"All malignant neoplasms","*","Counts",9499,0,9498.91942332388,9363.96227911538,9633.87656753239,1.2020153294249,"2005-2023",1.02423222833266,1.38011129437501
2011,1,"All malignant neoplasms","*","Rates",442.394373799135,0,444.979714334826,440.120417697223,449.892661661793,1.2020153294249,"2005-2023",1.02423222833266,1.38011129437501
2011,1,"All malignant neoplasms",NA,"ltr",0.392421748577768,NA,NA,NA,NA,NA,NA,NA,NA
2011,1,"Colorectal Cancer",NA,"Counts",1146,0,1095.66842105263,1059.74676610895,1131.5900759963,-0.353858585035838,"2005-2023",-1.04259986890383,0.339676322709437
2011,1,"Colorectal Cancer",NA,"ltr",0.0593860035525716,0,NA,NA,NA,NA,NA,NA,NA
2011,1,"Colorectal Cancer",NA,"Rates",53.2481129748915,0,49.7359843045088,47.6276852551968,51.9376098478025,-0.353858585035838,"2005-2023",-1.04259986890383,0.339676322709437
2011,1,"Leukaemia",NA,"Counts",341,0,314.452631578948,286.107487507826,342.79777565007,0.516500398362441,"2005-2023",-0.951904528355085,2.00667467883222
2011,1,"Leukaemia",NA,"ltr",0.016591423314393,0,NA,NA,NA,NA,NA,NA,NA
2011,1,"Leukaemia",NA,"Rates",16.4199564159824,0,15.4072055529834,14.0543464492549,16.8902896914475,0.516500398362441,"2005-2023",-0.951904528355085,2.00667467883222
2011,1,"Lung Cancer",NA,"Counts",933,0,945.826315789483,925.990075064006,965.662556514961,-0.225142056683547,"2005-2023",-0.696987769907031,0.248945666848455
2011,1,"Lung Cancer",NA,"ltr",0.0487671730525494,0,NA,NA,NA,NA,NA,NA,NA
2011,1,"Lung Cancer",NA,"Rates",39.7999121304224,0,38.88656408715,37.7522657509208,40.0549433636878,-0.225142056683547,"2005-2023",-0.696987769907031,0.248945666848455
2011,1,"Lymphoma","*","Counts",359,0,373.600000000006,348.345966732317,398.854033267695,1.96880930478758,"2005-2023",0.933171283689282,3.01507362541757
2011,1,"Lymphoma","*","Rates",20.362543643531,0,19.824467082545,18.6000779802154,21.1294541627701,1.96880930478758,"2005-2023",0.933171283689282,3.01507362541757
2011,1,"Lymphoma",NA,"ltr",0.0183573199718641,NA,NA,NA,NA,NA,NA,NA,NA
2011,1,"Melanoma Cancer",NA,"Counts",1339,0,1315.08358842699,1280.40586241287,1349.76131444111,0.26006286726199,"2010-2023",-0.811925413103509,1.3436368032421
2011,1,"Melanoma Cancer",NA,"ltr",0.0682020271517653,0,NA,NA,NA,NA,NA,NA,NA
2011,1,"Melanoma Cancer",NA,"Rates",75.6251123351966,0,71.6055486019178,67.2960628654994,76.191003934797,0.26006286726199,"2010-2023",-0.811925413103509,1.3436368032421
2011,1,"Pancreatic Cancer",NA,"Counts",165,0,210.205263157899,187.620149622612,232.790376693186,1.2531288476711,"2010-2023",-1.41090970740245,3.98915408404841
2011,1,"Pancreatic Cancer",NA,"ltr",0.0093183438118738,0,NA,NA,NA,NA,NA,NA,NA
2011,1,"Pancreatic Cancer",NA,"Rates",7.88587901718812,0,11.8026597327157,9.33337921419607,14.9252241411544,1.2531288476711,"2010-2023",-1.41090970740245,3.98915408404841
2011,1,"Prostate Cancer","*","Counts",2780,0,2631.48834798065,2473.3050610636,2789.67163489771,4.07000869628193,"2015-2023",1.03486687165351,7.19632781624258
2011,1,"Prostate Cancer","*","Rates",125.065646762039,0,116.549342078365,110.327609448333,123.121938441539,4.07000869628193,"2015-2023",1.03486687165351,7.19632781624258
2011,1,"Prostate Cancer",NA,"ltr",0.137677566454198,NA,NA,NA,NA,NA,NA,NA,NA
2011,2,"All malignant neoplasms",NA,"Counts",7167,0,7331.0736842106,7261.56392516306,7400.58344325814,0.341131637334224,"2017-2023",-0.632888975309087,1.32469983714263
2011,2,"All malignant neoplasms",NA,"ltr",0.303719425495704,0,NA,NA,NA,NA,NA,NA,NA
2011,2,"All malignant neoplasms",NA,"Rates",372.169699480352,0,383.786838348106,379.517577493436,388.10412487886,0.341131637334224,"2017-2023",-0.632888975309087,1.32469983714263
2011,2,"Breast (Female) Cancer","*","Counts",1953,0,1996.58421052633,1969.65596573899,2023.51245531367,0.88784025730746,"2005-2023",0.607939116878975,1.16852011012287
2011,2,"Breast (Female) Cancer","*","Rates",113.144056562344,0,117.46296189279,115.442548831979,119.518735130396,0.88784025730746,"2005-2023",0.607939116878975,1.16852011012287
2011,2,"Breast (Female) Cancer",NA,"ltr",0.0951630800241671,NA,NA,NA,NA,NA,NA,NA,NA
2011,2,"Colorectal Cancer",NA,"Counts",820,0,901.768421052635,870.450338108604,933.086503996666,-0.0677166427633824,"2005-2023",-0.915790707436481,0.787616193254892
2011,2,"Colorectal Cancer",NA,"ltr",0.0388565239430514,0,NA,NA,NA,NA,NA,NA,NA
2011,2,"Colorectal Cancer",NA,"Rates",32.6589750915271,0,39.0054066680338,36.9836531339653,41.1376816624273,-0.0677166427633824,"2005-2023",-0.915790707436481,0.787616193254892
2011,2,"Leukaemia","*","Counts",205,0,224.568421052632,205.883964031575,243.25287807369,-2.18001854228266,"2005-2023",-3.89066476934524,-0.43892459120719
2011,2,"Leukaemia","*","Rates",10.3460519814677,0,12.1002354936661,10.8378872914692,13.5096163176955,-2.18001854228266,"2005-2023",-3.89066476934524,-0.43892459120719
2011,2,"Leukaemia",NA,"ltr",0.010457927958887,NA,NA,NA,NA,NA,NA,NA,NA
2011,2,"Lung Cancer","*","Counts",646,0,618.152631578952,587.535664497921,648.769598659984,2.54465572762086,"2005-2023",1.55046218313042,3.54858256906201
2011,2,"Lung Cancer","*","Rates",33.4619801335751,0,26.7200261450607,25.142791786338,28.3962021107249,2.54465572762086,"2005-2023",1.55046218313042,3.54858256906201
2011,2,"Lung Cancer",NA,"ltr",0.0338336770975102,NA,NA,NA,NA,NA,NA,NA,NA
2011,2,"Lymphoma",NA,"Counts",364,0,304.747368421056,276.51037142302,332.984365419093,1.71200253972468,"2005-2023",-0.49884007181491,3.9719684484854
2011,2,"Lymphoma",NA,"ltr",0.0186817589996187,0,NA,NA,NA,NA,NA,NA,NA
2011,2,"Lymphoma",NA,"Rates",24.3036560721347,0,15.574313073893,13.5770762265564,17.8653506599008,1.71200253972468,"2005-2023",-0.49884007181491,3.9719684484854
2011,2,"Melanoma Cancer",NA,"Counts",966,0,900.005263157902,863.979868017781,936.030658298023,-0.588922765989164,"2012-2023",-1.89989029889681,0.739563971306456
2011,2,"Melanoma Cancer",NA,"ltr",0.0475962270293615,0,NA,NA,NA,NA,NA,NA,NA
2011,2,"Melanoma Cancer",NA,"Rates",64.6866748058813,0,59.5176679251895,56.0679408370626,63.1796485187046,-0.588922765989164,"2012-2023",-1.89989029889681,0.739563971306456
2011,2,"Pancreatic Cancer",NA,"Counts",180,0,208.100000000002,185.595146856299,230.604853143705,0.897117190121888,"2005-2023",-1.06073093986927,2.89370796837112
2011,2,"Pancreatic Cancer",NA,"ltr",0.00993116118922499,0,NA,NA,NA,NA,NA,NA,NA
2011,2,"Pancreatic Cancer",NA,"Rates",7.73513519094732,0,9.99491909596182,8.84369942707298,11.2959976261751,0.897117190121888,"2005-2023",-1.06073093986927,2.89370796837112
2011,3,"All malignant neoplasms","*","Counts",16666,0,16817.4897706651,16677.0149233976,16957.9646179326,1.16936915549559,"2005-2023",1.06259355382545,1.27625756872844
2011,3,"All malignant neoplasms","*","Rates",406.444615309473,0,412.826818143959,410.113371583423,415.55821777003,1.16936915549559,"2005-2023",1.06259355382545,1.27625756872844
2011,3,"All malignant neoplasms",NA,"ltr",0.349084704918261,NA,NA,NA,NA,NA,NA,NA,NA
2011,3,"Colorectal Cancer",NA,"Counts",1966,0,1997.43684210527,1954.48655324991,2040.38713096064,-0.24541100885368,"2005-2023",-0.589340602087618,0.0997084725252506
2011,3,"Colorectal Cancer",NA,"ltr",0.0491375015500898,0,NA,NA,NA,NA,NA,NA,NA
2011,3,"Colorectal Cancer",NA,"Rates",42.9627444234203,0,44.4266964963635,43.4787417037365,45.3953192810633,-0.24541100885368,"2005-2023",-0.589340602087618,0.0997084725252506
2011,3,"Leukaemia",NA,"Counts",546,0,539.021052631582,499.818965299227,578.223139963938,-0.629778232872891,"2005-2023",-1.88329143937521,0.639749527948741
2011,3,"Leukaemia",NA,"ltr",0.013528384495452,0,NA,NA,NA,NA,NA,NA,NA
2011,3,"Leukaemia",NA,"Rates",13.4044167436304,0,13.8205716338175,12.7671962050305,14.9608572797072,-0.629778232872891,"2005-2023",-1.88329143937521,0.639749527948741
2011,3,"Lung Cancer","*","Counts",1579,0,1563.97894736844,1524.67805506794,1603.27983966893,0.935068780092707,"2005-2023",0.38595570686335,1.48718551220111
2011,3,"Lung Cancer","*","Rates",36.5491866499383,0,32.8618204769351,31.7611658687419,34.0006172796417,0.935068780092707,"2005-2023",0.38595570686335,1.48718551220111
2011,3,"Lung Cancer",NA,"ltr",0.0412689185591043,NA,NA,NA,NA,NA,NA,NA,NA
2011,3,"Lymphoma","*","Counts",723,0,678.347368421048,637.507712591538,719.187024250557,1.80330278966307,"2005-2023",0.493625904081041,3.13004795723011
2011,3,"Lymphoma","*","Rates",22.275445205897,0,17.8143824870369,16.4305821986663,19.3147278384455,1.80330278966307,"2005-2023",0.493625904081041,3.13004795723011
2011,3,"Lymphoma",NA,"ltr",0.0184854220512136,NA,NA,NA,NA,NA,NA,NA,NA
2011,3,"Melanoma Cancer","*","Counts",2305,0,2282.8685506871,2193.93978079704,2371.79732057715,-2.26304462665309,"2017-2023",-4.44764129033706,-0.0285019161375688
2011,3,"Melanoma Cancer","*","Rates",69.9863442803103,0,63.6632336367021,61.7736097711338,65.6106601524078,-2.26304462665309,"2017-2023",-4.44764129033706,-0.0285019161375688
2011,3,"Melanoma Cancer",NA,"ltr",0.0578370865647279,NA,NA,NA,NA,NA,NA,NA,NA
2011,3,"Pancreatic Cancer","*","Counts",345,0,418.305263157905,389.405976735437,447.204549580373,2.50676895407362,"2005-2023",1.163490341541,3.86788401555433
2011,3,"Pancreatic Cancer","*","Rates",7.79471370277241,0,9.96365396532712,9.17577315605355,10.8191864219403,2.50676895407362,"2005-2023",1.163490341541,3.86788401555433
2011,3,"Pancreatic Cancer",NA,"ltr",0.00961520794111892,NA,NA,NA,NA,NA,NA,NA,NA
2012,1,"All malignant neoplasms","*","Counts",9992,0,9760.95082452864,9625.90083053674,9896.00081852055,1.2020153294249,"2005-2023",1.02423222833266,1.38011129437501
2012,1,"All malignant neoplasms","*","Rates",457.498957755659,0,450.328438713963,445.735109945268,454.969102028908,1.2020153294249,"2005-2023",1.02423222833266,1.38011129437501
2012,1,"All malignant neoplasms",NA,"ltr",0.405247720575972,NA,NA,NA,NA,NA,NA,NA,NA
2012,1,"Colorectal Cancer",NA,"Counts",1180,0,1104.46315789473,1070.92312441298,1138.00319137649,-0.353858585035838,"2005-2023",-1.04259986890383,0.339676322709437
2012,1,"Colorectal Cancer",NA,"ltr",0.0586786385844315,0,NA,NA,NA,NA,NA,NA,NA
2012,1,"Colorectal Cancer",NA,"Rates",51.026912013736,0,49.5599892541953,47.5956382259125,51.6054123114737,-0.353858585035838,"2005-2023",-1.04259986890383,0.339676322709437
2012,1,"Leukaemia",NA,"Counts",268,0,324.512280701758,298.046432102037,350.978129301479,0.516500398362441,"2005-2023",-0.951904528355085,2.00667467883222
2012,1,"Leukaemia",NA,"ltr",0.0136213361280685,0,NA,NA,NA,NA,NA,NA,NA
2012,1,"Leukaemia",NA,"Rates",15.3290748657593,0,15.4867838310411,14.213278923498,16.8743943406951,0.516500398362441,"2005-2023",-0.951904528355085,2.00667467883222
2012,1,"Lung Cancer",NA,"Counts",978,0,965.585964912294,947.064875638207,984.107054186381,-0.225142056683547,"2005-2023",-0.696987769907031,0.248945666848455
2012,1,"Lung Cancer",NA,"ltr",0.0495309098235981,0,NA,NA,NA,NA,NA,NA,NA
2012,1,"Lung Cancer",NA,"Rates",36.3322578390766,0,38.7990140769906,37.7412721177739,39.8864004543604,-0.225142056683547,"2005-2023",-0.696987769907031,0.248945666848455
2012,1,"Lymphoma","*","Counts",414,0,394.312280701764,370.732600904832,417.891960498696,1.96880930478758,"2005-2023",0.933171283689282,3.01507362541757
2012,1,"Lymphoma","*","Rates",19.3284333764697,0,20.2147730350906,19.0466129776237,21.4545782675533,1.96880930478758,"2005-2023",0.933171283689282,3.01507362541757
2012,1,"Lymphoma",NA,"ltr",0.0223779798704943,NA,NA,NA,NA,NA,NA,NA,NA
2012,1,"Melanoma Cancer",NA,"Counts",1386,0,1367.22380764295,1332.52222354137,1401.92539174453,0.26006286726199,"2010-2023",-0.811925413103509,1.3436368032421
2012,1,"Melanoma Cancer",NA,"ltr",0.0690506266778185,0,NA,NA,NA,NA,NA,NA,NA
2012,1,"Melanoma Cancer",NA,"Rates",71.3422034899075,0,71.7917680447305,67.9396611496979,75.8622853245023,0.26006286726199,"2010-2023",-0.811925413103509,1.3436368032421
2012,1,"Pancreatic Cancer",NA,"Counts",179,0,223.329824561406,202.242113949224,244.417535173588,1.2531288476711,"2010-2023",-1.41090970740245,3.98915408404841
2012,1,"Pancreatic Cancer",NA,"ltr",0.0092589059515773,0,NA,NA,NA,NA,NA,NA,NA
2012,1,"Pancreatic Cancer",NA,"Rates",9.87912432600115,0,11.9505622666188,9.70094253330963,14.7218621281337,1.2531288476711,"2010-2023",-1.41090970740245,3.98915408404841
2012,1,"Prostate Cancer","*","Counts",2812,0,2664.38994766467,2506.09783150397,2822.68206382536,4.07000869628193,"2015-2023",1.03486687165351,7.19632781624258
2012,1,"Prostate Cancer","*","Rates",124.587808795369,0,116.380665597427,109.743403377151,123.419348298798,4.07000869628193,"2015-2023",1.03486687165351,7.19632781624258
2012,1,"Prostate Cancer",NA,"ltr",0.137187159795317,NA,NA,NA,NA,NA,NA,NA,NA
2012,2,"All malignant neoplasms",NA,"Counts",7572,0,7575.10175438604,7510.2005228192,7640.00298595287,0.341131637334224,"2017-2023",-0.632888975309087,1.32469983714263
2012,2,"All malignant neoplasms",NA,"ltr",0.313181141693125,0,NA,NA,NA,NA,NA,NA,NA
2012,2,"All malignant neoplasms",NA,"Rates",385.985149198138,0,389.395507914468,385.060892480615,393.778917945036,0.341131637334224,"2017-2023",-0.632888975309087,1.32469983714263
2012,2,"Breast (Female) Cancer","*","Counts",2069,0,2059.52982456141,2034.38693420214,2084.67271492068,0.88784025730746,"2005-2023",0.607939116878975,1.16852011012287
2012,2,"Breast (Female) Cancer","*","Rates",119.175870749013,0,118.5058453559,116.601545926641,120.441245198858,0.88784025730746,"2005-2023",0.607939116878975,1.16852011012287
2012,2,"Breast (Female) Cancer",NA,"ltr",0.100765019396082,NA,NA,NA,NA,NA,NA,NA,NA
2012,2,"Colorectal Cancer",NA,"Counts",898,0,912.038596491231,882.796916168475,941.280276813987,-0.0677166427633824,"2005-2023",-0.915790707436481,0.787616193254892
2012,2,"Colorectal Cancer",NA,"ltr",0.0427165780651239,0,NA,NA,NA,NA,NA,NA,NA
2012,2,"Colorectal Cancer",NA,"Rates",37.9998892659942,0,38.978993516142,37.0892586657286,40.9650122485563,-0.0677166427633824,"2005-2023",-0.915790707436481,0.787616193254892
2012,2,"Leukaemia","*","Counts",195,0,227.115789473685,209.670120139759,244.561458807612,-2.18001854228266,"2005-2023",-3.89066476934524,-0.43892459120719
2012,2,"Leukaemia","*","Rates",9.30859915753647,0,11.8364481162442,10.6793452966383,13.1189225665962,-2.18001854228266,"2005-2023",-3.89066476934524,-0.43892459120719
2012,2,"Leukaemia",NA,"ltr",0.00824731220902297,NA,NA,NA,NA,NA,NA,NA,NA
2012,2,"Lung Cancer","*","Counts",544,0,652.610526315795,624.023477567126,681.197575064464,2.54465572762086,"2005-2023",1.55046218313042,3.54858256906201
2012,2,"Lung Cancer","*","Rates",22.296722343082,0,27.3999588207826,25.8868025950223,29.0015632724353,2.54465572762086,"2005-2023",1.55046218313042,3.54858256906201
2012,2,"Lung Cancer",NA,"ltr",0.027221429074848,NA,NA,NA,NA,NA,NA,NA,NA
2012,2,"Lymphoma",NA,"Counts",233,0,316.69122807018,290.326356345214,343.056099795146,1.71200253972468,"2005-2023",-0.49884007181491,3.9719684484854
2012,2,"Lymphoma",NA,"ltr",0.0118753765157346,0,NA,NA,NA,NA,NA,NA,NA
2012,2,"Lymphoma",NA,"Rates",10.8763178815872,0,15.8409457092627,13.9357434519874,18.0066145612075,1.71200253972468,"2005-2023",-0.49884007181491,3.9719684484854
2012,2,"Melanoma Cancer",NA,"Counts",907,0,929.600000000006,895.96310434228,963.236895657732,-0.588922765989164,"2012-2023",-1.89989029889681,0.739563971306456
2012,2,"Melanoma Cancer",NA,"ltr",0.0447212904599595,0,NA,NA,NA,NA,NA,NA,NA
2012,2,"Melanoma Cancer",NA,"Rates",53.1879677310388,0,61.4701231268769,57.1588316085461,66.1066003432521,-0.588922765989164,"2012-2023",-1.89989029889681,0.739563971306456
2012,2,"Pancreatic Cancer",NA,"Counts",248,0,217.101754385967,196.088982866241,238.114525905693,0.897117190121888,"2005-2023",-1.06073093986927,2.89370796837112
2012,2,"Pancreatic Cancer",NA,"ltr",0.0129988534854414,0,NA,NA,NA,NA,NA,NA,NA
2012,2,"Pancreatic Cancer",NA,"Rates",11.5101923732699,0,10.0845852333105,8.99572745004235,11.3052401701459,0.897117190121888,"2005-2023",-1.06073093986927,2.89370796837112
2012,3,"All malignant neoplasms","*","Counts",17564,0,17323.3268437553,17178.4957484873,17468.1579390233,1.16936915549559,"2005-2023",1.06259355382545,1.27625756872844
2012,3,"All malignant neoplasms","*","Rates",420.746106591915,0,417.654287620949,415.090557474213,420.233852173328,1.16936915549559,"2005-2023",1.06259355382545,1.27625756872844
2012,3,"All malignant neoplasms",NA,"ltr",0.360218261981006,NA,NA,NA,NA,NA,NA,NA,NA
2012,3,"Colorectal Cancer",NA,"Counts",2078,0,2016.50175438597,1976.39908850048,2056.60442027146,-0.24541100885368,"2005-2023",-0.589340602087618,0.0997084725252506
2012,3,"Colorectal Cancer",NA,"ltr",0.0506532712706782,0,NA,NA,NA,NA,NA,NA,NA
2012,3,"Colorectal Cancer",NA,"Rates",44.4510282865323,0,44.3176684922914,43.4341063371054,45.2192045888778,-0.24541100885368,"2005-2023",-0.589340602087618,0.0997084725252506
2012,3,"Leukaemia",NA,"Counts",463,0,551.62807017544,515.025098409699,588.231041941182,-0.629778232872891,"2005-2023",-1.88329143937521,0.639749527948741
2012,3,"Leukaemia",NA,"ltr",0.010935542776895,0,NA,NA,NA,NA,NA,NA,NA
2012,3,"Leukaemia",NA,"Rates",12.3395632600984,0,13.7335326820091,12.7536515490594,14.7886994718561,-0.629778232872891,"2005-2023",-1.88329143937521,0.639749527948741
2012,3,"Lung Cancer","*","Counts",1522,0,1618.19649122808,1581.50126530688,1654.89171714928,0.935068780092707,"2005-2023",0.38595570686335,1.48718551220111
2012,3,"Lung Cancer","*","Rates",29.2552787423335,0,33.1691011007851,32.1306451827549,34.2411197028995,0.935068780092707,"2005-2023",0.38595570686335,1.48718551220111
2012,3,"Lung Cancer",NA,"ltr",0.0383469442738343,NA,NA,NA,NA,NA,NA,NA,NA
2012,3,"Lymphoma","*","Counts",647,0,711.00350877193,672.8715400179,749.135477525959,1.80330278966307,"2005-2023",0.493625904081041,3.13004795723011
2012,3,"Lymphoma","*","Rates",15.0980674548885,0,18.1356297433868,16.8167917938626,19.5578960732125,1.80330278966307,"2005-2023",0.493625904081041,3.13004795723011
2012,3,"Lymphoma",NA,"ltr",0.0171233730994436,NA,NA,NA,NA,NA,NA,NA,NA
2012,3,"Melanoma Cancer","*","Counts",2293,0,2388.442831216,2280.13987552793,2496.74578690408,-2.26304462665309,"2017-2023",-4.44764129033706,-0.0285019161375688
2012,3,"Melanoma Cancer","*","Rates",62.1987650972333,0,64.775892921166,62.8519406655173,66.7587390191181,-2.26304462665309,"2017-2023",-4.44764129033706,-0.0285019161375688
2012,3,"Melanoma Cancer",NA,"ltr",0.0568692639793651,NA,NA,NA,NA,NA,NA,NA,NA
2012,3,"Pancreatic Cancer","*","Counts",427,0,440.431578947377,413.448327877003,467.41483001775,2.50676895407362,"2005-2023",1.163490341541,3.86788401555433
2012,3,"Pancreatic Cancer","*","Rates",10.7288426049284,0,10.2134197496213,9.45730020933093,11.0299917178302,2.50676895407362,"2005-2023",1.163490341541,3.86788401555433
2012,3,"Pancreatic Cancer",NA,"ltr",0.0111584612063292,NA,NA,NA,NA,NA,NA,NA,NA
2013,1,"All malignant neoplasms","*","Counts",9994,0,10022.9822257333,9879.55970108328,10166.4047503833,1.2020153294249,"2005-2023",1.02423222833266,1.38011129437501
2013,1,"All malignant neoplasms","*","Rates",448.782261280593,0,455.741455580065,451.301706782626,460.224881077787,1.2020153294249,"2005-2023",1.02423222833266,1.38011129437501
2013,1,"All malignant neoplasms",NA,"ltr",0.400634073225638,NA,NA,NA,NA,NA,NA,NA,NA
2013,1,"Colorectal Cancer",NA,"Counts",1024,0,1113.25789473684,1081.23173391172,1145.28405556196,-0.353858585035838,"2005-2023",-1.04259986890383,0.339676322709437
2013,1,"Colorectal Cancer",NA,"ltr",0.0506912066199752,0,NA,NA,NA,NA,NA,NA,NA
2013,1,"Colorectal Cancer",NA,"Rates",41.2831822601613,0,49.3846169774764,47.5138713031593,51.3290188132889,-0.353858585035838,"2005-2023",-1.04259986890383,0.339676322709437
2013,1,"Leukaemia",NA,"Counts",341,0,334.571929824564,309.300651425603,359.843208223525,0.516500398362441,"2005-2023",-0.951904528355085,2.00667467883222
2013,1,"Leukaemia",NA,"ltr",0.0183165834994417,0,NA,NA,NA,NA,NA,NA,NA
2013,1,"Leukaemia",NA,"Rates",18.6986653655444,0,15.5667731312219,14.3421325081383,16.8959829078017,0.516500398362441,"2005-2023",-0.951904528355085,2.00667467883222
2013,1,"Lung Cancer",NA,"Counts",927,0,985.345614035097,967.660498005892,1003.0307300643,-0.225142056683547,"2005-2023",-0.696987769907031,0.248945666848455
2013,1,"Lung Cancer",NA,"ltr",0.045978189029299,0,NA,NA,NA,NA,NA,NA,NA
2013,1,"Lung Cancer",NA,"Rates",36.7695244530439,0,38.7116611787248,37.7033097203145,39.7469803667911,-0.225142056683547,"2005-2023",-0.696987769907031,0.248945666848455
2013,1,"Lymphoma","*","Counts",465,0,415.024561403516,392.509180857097,437.539941949934,1.96880930478758,"2005-2023",0.933171283689282,3.01507362541757
2013,1,"Lymphoma","*","Rates",22.993054393202,0,20.6127633675472,19.473854842897,21.8182797948434,1.96880930478758,"2005-2023",0.933171283689282,3.01507362541757
2013,1,"Lymphoma",NA,"ltr",0.0246038502726852,NA,NA,NA,NA,NA,NA,NA,NA
2013,1,"Melanoma Cancer",NA,"Counts",1492,0,1419.36402685891,1382.51109074177,1456.21696297604,0.26006286726199,"2010-2023",-0.811925413103509,1.3436368032421
2013,1,"Melanoma Cancer",NA,"ltr",0.0749929041240118,0,NA,NA,NA,NA,NA,NA,NA
2013,1,"Melanoma Cancer",NA,"Rates",76.816216763817,0,71.9784717751655,68.5327348081715,75.5974559251144,0.26006286726199,"2010-2023",-0.811925413103509,1.3436368032421
2013,1,"Pancreatic Cancer",NA,"Counts",265,0,236.454385964917,216.31849636103,256.590275568803,1.2531288476711,"2010-2023",-1.41090970740245,3.98915408404841
2013,1,"Pancreatic Cancer",NA,"ltr",0.013481438735208,0,NA,NA,NA,NA,NA,NA,NA
2013,1,"Pancreatic Cancer",NA,"Rates",15.8519725488775,0,12.1003182098407,10.0515081007174,14.5667395690554,1.2531288476711,"2010-2023",-1.41090970740245,3.98915408404841
2013,1,"Prostate Cancer","*","Counts",2885,0,2697.29154734869,2529.18598687513,2865.39710782224,4.07000869628193,"2015-2023",1.03486687165351,7.19632781624258
2013,1,"Prostate Cancer","*","Rates",125.663930233542,0,116.21223323417,108.750923482643,124.185457196864,4.07000869628193,"2015-2023",1.03486687165351,7.19632781624258
2013,1,"Prostate Cancer",NA,"ltr",0.13957712319443,NA,NA,NA,NA,NA,NA,NA,NA
2013,2,"All malignant neoplasms",NA,"Counts",7820,0,7819.12982456147,7757.15799376296,7881.10165535999,0.341131637334224,"2017-2023",-0.632888975309087,1.32469983714263
2013,2,"All malignant neoplasms",NA,"ltr",0.317005176605998,0,NA,NA,NA,NA,NA,NA,NA
2013,2,"All malignant neoplasms",NA,"Rates",393.197849829139,0,395.086142705172,390.417143284749,399.810978699278,0.341131637334224,"2017-2023",-0.632888975309087,1.32469983714263
2013,2,"Breast (Female) Cancer","*","Counts",2206,0,2122.47543859651,2098.46740501203,2146.48347218098,0.88784025730746,"2005-2023",0.607939116878975,1.16852011012287
2013,2,"Breast (Female) Cancer","*","Rates",124.981714006097,0,119.557987958233,117.722828488716,121.421755390383,0.88784025730746,"2005-2023",0.607939116878975,1.16852011012287
2013,2,"Breast (Female) Cancer",NA,"ltr",0.10483936146433,NA,NA,NA,NA,NA,NA,NA,NA
2013,2,"Colorectal Cancer",NA,"Counts",975,0,922.308771929827,894.386952551718,950.230591307936,-0.0677166427633824,"2005-2023",-0.915790707436481,0.787616193254892
2013,2,"Colorectal Cancer",NA,"ltr",0.0457287303616307,0,NA,NA,NA,NA,NA,NA,NA
2013,2,"Colorectal Cancer",NA,"Rates",45.2126471229625,0,38.9525982503499,37.1473738096878,40.845549896113,-0.0677166427633824,"2005-2023",-0.915790707436481,0.787616193254892
2013,2,"Leukaemia","*","Counts",232,0,229.663157894738,213.004921340082,246.321394449394,-2.18001854228266,"2005-2023",-3.89066476934524,-0.43892459120719
2013,2,"Leukaemia","*","Rates",13.0096566125933,0,11.5784113525625,10.4951523822446,12.7734790850627,-2.18001854228266,"2005-2023",-3.89066476934524,-0.43892459120719
2013,2,"Leukaemia",NA,"ltr",0.0107423860256544,NA,NA,NA,NA,NA,NA,NA,NA
2013,2,"Lung Cancer","*","Counts",711,0,687.068421052638,659.771685608459,714.365156496817,2.54465572762086,"2005-2023",1.55046218313042,3.54858256906201
2013,2,"Lung Cancer","*","Rates",28.6559531457054,0,28.0971934422814,26.6136856689381,29.6633953355204,2.54465572762086,"2005-2023",1.55046218313042,3.54858256906201
2013,2,"Lung Cancer",NA,"ltr",0.0346587304029864,NA,NA,NA,NA,NA,NA,NA,NA
2013,2,"Lymphoma",NA,"Counts",323,0,328.635087719304,303.460228473659,353.809946964948,1.71200253972468,"2005-2023",-0.49884007181491,3.9719684484854
2013,2,"Lymphoma",NA,"ltr",0.0157377541207986,0,NA,NA,NA,NA,NA,NA,NA
2013,2,"Lymphoma",NA,"Rates",15.8162818410005,0,16.1121431021217,14.2565429091883,18.2092641250311,1.71200253972468,"2005-2023",-0.49884007181491,3.9719684484854
2013,2,"Melanoma Cancer",NA,"Counts",1074,0,959.19473684211,927.076085840224,991.313387843996,-0.588922765989164,"2012-2023",-1.89989029889681,0.739563971306456
2013,2,"Melanoma Cancer",NA,"ltr",0.0522254279832237,0,NA,NA,NA,NA,NA,NA,NA
2013,2,"Melanoma Cancer",NA,"Rates",65.0415320113237,0,61.1081115775008,57.3410891900169,65.1226084700604,-0.588922765989164,"2012-2023",-1.89989029889681,0.739563971306456
2013,2,"Pancreatic Cancer",NA,"Counts",134,0,226.103508771932,206.039175787939,246.167841755925,0.897117190121888,"2005-2023",-1.06073093986927,2.89370796837112
2013,2,"Pancreatic Cancer",NA,"ltr",0.00609225789601286,0,NA,NA,NA,NA,NA,NA,NA
2013,2,"Pancreatic Cancer",NA,"Rates",6.37235117748906,0,10.175055780991,9.12335950322871,11.3479864637186,0.897117190121888,"2005-2023",-1.06073093986927,2.89370796837112
2013,3,"All malignant neoplasms","*","Counts",17814,0,17829.1639168456,17670.6056344465,17987.7221992446,1.16936915549559,"2005-2023",1.06259355382545,1.27625756872844
2013,3,"All malignant neoplasms","*","Rates",419.943085551488,0,422.538208036993,420.061225017789,425.029797129103,1.16936915549559,"2005-2023",1.06259355382545,1.27625756872844
2013,3,"All malignant neoplasms",NA,"ltr",0.359478664783396,NA,NA,NA,NA,NA,NA,NA,NA
2013,3,"Colorectal Cancer",NA,"Counts",1999,0,2035.56666666667,1997.27408631301,2073.85924702034,-0.24541100885368,"2005-2023",-0.589340602087618,0.0997084725252506
2013,3,"Colorectal Cancer",NA,"ltr",0.0481086734970956,0,NA,NA,NA,NA,NA,NA,NA
2013,3,"Colorectal Cancer",NA,"Rates",43.0886248388182,0,44.2089080549441,43.3669157710149,45.067248077549,-0.24541100885368,"2005-2023",-0.589340602087618,0.0997084725252506
2013,3,"Leukaemia",NA,"Counts",573,0,564.235087719302,529.284238278899,599.185937159705,-0.629778232872891,"2005-2023",-1.88329143937521,0.639749527948741
2013,3,"Leukaemia",NA,"ltr",0.014522184002118,0,NA,NA,NA,NA,NA,NA,NA
2013,3,"Leukaemia",NA,"Rates",15.8417644102385,0,13.6470418825733,12.7157457285588,14.6465457960852,-0.629778232872891,"2005-2023",-1.88329143937521,0.639749527948741
2013,3,"Lung Cancer","*","Counts",1638,0,1672.41403508774,1637.37509550214,1707.45297467335,0.935068780092707,"2005-2023",0.38595570686335,1.48718551220111
2013,3,"Lung Cancer","*","Rates",32.6876988685855,0,33.4792550098159,32.4776841418108,34.5117130617488,0.935068780092707,"2005-2023",0.38595570686335,1.48718551220111
2013,3,"Lung Cancer",NA,"ltr",0.0402806651017027,NA,NA,NA,NA,NA,NA,NA,NA
2013,3,"Lymphoma","*","Counts",788,0,743.659649122812,707.248815944626,780.070482300998,1.80330278966307,"2005-2023",0.493625904081041,3.13004795723011
2013,3,"Lymphoma","*","Rates",19.3908300623618,0,18.4626700604724,17.1784909852244,19.8428480158737,1.80330278966307,"2005-2023",0.493625904081041,3.13004795723011
2013,3,"Lymphoma",NA,"ltr",0.0201504094645942,NA,NA,NA,NA,NA,NA,NA,NA
2013,3,"Melanoma Cancer","*","Counts",2566,0,2441.10443821152,2346.34011640705,2535.868760016,-2.26304462665309,"2017-2023",-4.44764129033706,-0.0285019161375688
2013,3,"Melanoma Cancer","*","Rates",70.7052393817789,0,65.9079984481872,63.8309912905239,68.0525896844581,-2.26304462665309,"2017-2023",-4.44764129033706,-0.0285019161375688
2013,3,"Melanoma Cancer",NA,"ltr",0.0634836659798192,NA,NA,NA,NA,NA,NA,NA,NA
2013,3,"Pancreatic Cancer","*","Counts",399,0,462.557894736856,436.792567494877,488.323221978834,2.50676895407362,"2005-2023",1.163490341541,3.86788401555433
2013,3,"Pancreatic Cancer","*","Rates",11.165735344505,0,10.469446585054,9.72808715513372,11.2673036383577,2.50676895407362,"2005-2023",1.163490341541,3.86788401555433
2013,3,"Pancreatic Cancer",NA,"ltr",0.00980811534175174,NA,NA,NA,NA,NA,NA,NA,NA
2014,1,"All malignant neoplasms","*","Counts",10258,0,10285.0136269379,10126.2433845365,10443.7838693394,1.2020153294249,"2005-2023",1.02423222833266,1.38011129437501
2014,1,"All malignant neoplasms","*","Rates",457.565606341903,0,461.219537738681,456.799134873895,465.682716432042,1.2020153294249,"2005-2023",1.02423222833266,1.38011129437501
2014,1,"All malignant neoplasms",NA,"ltr",0.404445264197624,NA,NA,NA,NA,NA,NA,NA,NA
2014,1,"Colorectal Cancer",NA,"Counts",1136,0,1122.05263157895,1090.54725604382,1153.55800711408,-0.353858585035838,"2005-2023",-1.04259986890383,0.339676322709437
2014,1,"Colorectal Cancer",NA,"ltr",0.0548065610382804,0,NA,NA,NA,NA,NA,NA,NA
2014,1,"Colorectal Cancer",NA,"Rates",46.1252969786381,0,49.2098652706146,47.3754802017076,51.1152779801218,-0.353858585035838,"2005-2023",-1.04259986890383,0.339676322709437
2014,1,"Leukaemia",NA,"Counts",337,0,344.63157894737,319.771243031379,369.491914863362,0.516500398362441,"2005-2023",-0.951904528355085,2.00667467883222
2014,1,"Leukaemia",NA,"ltr",0.0165963987823297,0,NA,NA,NA,NA,NA,NA,NA
2014,1,"Leukaemia",NA,"Rates",14.8959659794224,0,15.6471755764569,14.4354306493989,16.9606373004648,0.516500398362441,"2005-2023",-0.951904528355085,2.00667467883222
2014,1,"Lung Cancer",NA,"Counts",978,0,1005.1052631579,987.707729156715,1022.50279715909,-0.225142056683547,"2005-2023",-0.696987769907031,0.248945666848455
2014,1,"Lung Cancer",NA,"ltr",0.0473539989533294,0,NA,NA,NA,NA,NA,NA,NA
2014,1,"Lung Cancer",NA,"Rates",39.8614753154608,0,38.6245049485706,37.6345723664753,39.6404765276697,-0.225142056683547,"2005-2023",-0.696987769907031,0.248945666848455
2014,1,"Lymphoma","*","Counts",424,0,435.736842105267,413.587589707994,457.88609450254,1.96880930478758,"2005-2023",0.933171283689282,3.01507362541757
2014,1,"Lymphoma","*","Rates",21.9550238002187,0,21.0185893707013,19.8756194925916,22.2272870185921,1.96880930478758,"2005-2023",0.933171283689282,3.01507362541757
2014,1,"Lymphoma",NA,"ltr",0.0214723003944685,NA,NA,NA,NA,NA,NA,NA,NA
2014,1,"Melanoma Cancer",NA,"Counts",1472,0,1471.50424607487,1430.70765840636,1512.30083374337,0.26006286726199,"2010-2023",-0.811925413103509,1.3436368032421
2014,1,"Melanoma Cancer",NA,"ltr",0.0712366770805634,0,NA,NA,NA,NA,NA,NA,NA
2014,1,"Melanoma Cancer",NA,"Rates",70.3766162990814,0,72.1656610526757,69.0501130587361,75.4217828831024,0.26006286726199,"2010-2023",-0.811925413103509,1.3436368032421
2014,1,"Pancreatic Cancer",NA,"Counts",253,0,249.578947368424,229.77049242534,269.387402311508,1.2531288476711,"2010-2023",-1.41090970740245,3.98915408404841
2014,1,"Pancreatic Cancer",NA,"ltr",0.0113032165073964,0,NA,NA,NA,NA,NA,NA,NA
2014,1,"Pancreatic Cancer",NA,"Rates",11.9413100514091,0,12.2519507879882,10.3687432584783,14.477193076272,1.2531288476711,"2010-2023",-1.41090970740245,3.98915408404841
2014,1,"Prostate Cancer","*","Counts",2659,0,2730.19314703269,2544.09852451401,2916.28776955137,4.07000869628193,"2015-2023",1.03486687165351,7.19632781624258
2014,1,"Prostate Cancer","*","Rates",113.646281544526,0,116.044044635295,107.481648270482,125.288554018359,4.07000869628193,"2015-2023",1.03486687165351,7.19632781624258
2014,1,"Prostate Cancer",NA,"ltr",0.12876818792991,NA,NA,NA,NA,NA,NA,NA,NA
2014,2,"All malignant neoplasms",NA,"Counts",8069,0,8063.15789473691,8002.19380314417,8124.12198632966,0.341131637334224,"2017-2023",-0.632888975309087,1.32469983714263
2014,2,"All malignant neoplasms",NA,"ltr",0.323044658456897,0,NA,NA,NA,NA,NA,NA,NA
2014,2,"All malignant neoplasms",NA,"Rates",397.844565237653,0,400.859940561867,395.619102283772,406.170205178828,0.341131637334224,"2017-2023",-0.632888975309087,1.32469983714263
2014,2,"Breast (Female) Cancer","*","Counts",2193,0,2185.42105263159,2161.80341959499,2209.03868566819,0.88784025730746,"2005-2023",0.607939116878975,1.16852011012287
2014,2,"Breast (Female) Cancer","*","Rates",119.991065827108,0,120.619471906153,118.797897583921,122.468977135234,0.88784025730746,"2005-2023",0.607939116878975,1.16852011012287
2014,2,"Breast (Female) Cancer",NA,"ltr",0.103806354830523,NA,NA,NA,NA,NA,NA,NA,NA
2014,2,"Colorectal Cancer",NA,"Counts",973,0,932.578947368424,905.111171573038,960.046723163809,-0.0677166427633824,"2005-2023",-0.915790707436481,0.787616193254892
2014,2,"Colorectal Cancer",NA,"ltr",0.0459235230617131,0,NA,NA,NA,NA,NA,NA,NA
2014,2,"Colorectal Cancer",NA,"Rates",39.8954876322101,0,38.9262208585457,37.1508747194281,40.7864062898061,-0.0677166427633824,"2005-2023",-0.915790707436481,0.787616193254892
2014,2,"Leukaemia","*","Counts",182,0,232.21052631579,215.823173449073,248.597879182507,-2.18001854228266,"2005-2023",-3.89066476934524,-0.43892459120719
2014,2,"Leukaemia","*","Rates",8.34399850477705,0,11.3259998381748,10.2827679022361,12.47507223288,-2.18001854228266,"2005-2023",-3.89066476934524,-0.43892459120719
2014,2,"Leukaemia",NA,"ltr",0.00851163445440306,NA,NA,NA,NA,NA,NA,NA,NA
2014,2,"Lung Cancer","*","Counts",663,0,721.526315789481,694.673459284202,748.379172294759,2.54465572762086,"2005-2023",1.55046218313042,3.54858256906201
2014,2,"Lung Cancer","*","Rates",26.1734850631166,0,28.8121702845112,27.3149956479964,30.391407240241,2.54465572762086,"2005-2023",1.55046218313042,3.54858256906201
2014,2,"Lung Cancer",NA,"ltr",0.0336970610875795,NA,NA,NA,NA,NA,NA,NA,NA
2014,2,"Lymphoma",NA,"Counts",410,0,340.578947368424,315.813462710146,365.344432026701,1.71200253972468,"2005-2023",-0.49884007181491,3.9719684484854
2014,2,"Lymphoma",NA,"ltr",0.0192238433422088,0,NA,NA,NA,NA,NA,NA,NA
2014,2,"Lymphoma",NA,"Rates",22.1074568228905,0,16.3879834012341,14.5294956154191,18.4841929181709,1.71200253972468,"2005-2023",-0.49884007181491,3.9719684484854
2014,2,"Melanoma Cancer",NA,"Counts",981,0,988.789473684214,957.193111977866,1020.38583539056,-0.588922765989164,"2012-2023",-1.89989029889681,0.739563971306456
2014,2,"Melanoma Cancer",NA,"ltr",0.0467510938263552,0,NA,NA,NA,NA,NA,NA,NA
2014,2,"Melanoma Cancer",NA,"Rates",58.8767632719296,0,60.7482319965553,57.4639869939542,64.2201817826453,-0.588922765989164,"2012-2023",-1.89989029889681,0.739563971306456
2014,2,"Pancreatic Cancer",NA,"Counts",285,0,235.105263157897,215.367201234884,254.843325080909,0.897117190121888,"2005-2023",-1.06073093986927,2.89370796837112
2014,2,"Pancreatic Cancer",NA,"ltr",0.014004906569561,0,NA,NA,NA,NA,NA,NA,NA
2014,2,"Pancreatic Cancer",NA,"Rates",13.6603189780416,0,10.2663379555067,9.22155236660137,11.4294959055276,0.897117190121888,"2005-2023",-1.06073093986927,2.89370796837112
2014,3,"All malignant neoplasms","*","Counts",18327,0,18335.0009899358,18155.4815453142,18514.5204345574,1.16936915549559,"2005-2023",1.06259355382545,1.27625756872844
2014,3,"All malignant neoplasms","*","Rates",426.741545821515,0,427.479239511961,425.013923523952,429.958855697174,1.16936915549559,"2005-2023",1.06259355382545,1.27625756872844
2014,3,"All malignant neoplasms",NA,"ltr",0.364295612040581,NA,NA,NA,NA,NA,NA,NA,NA
2014,3,"Colorectal Cancer",NA,"Counts",2109,0,2054.63157894737,2016.96168367522,2092.30147421953,-0.24541100885368,"2005-2023",-0.589340602087618,0.0997084725252506
2014,3,"Colorectal Cancer",NA,"ltr",0.0502860115819841,0,NA,NA,NA,NA,NA,NA,NA
2014,3,"Colorectal Cancer",NA,"Rates",42.9057513799354,0,44.1004145276832,43.2740180438406,44.9425925631214,-0.24541100885368,"2005-2023",-0.589340602087618,0.0997084725252506
2014,3,"Leukaemia",NA,"Counts",519,0,576.84210526316,542.459600194743,611.224610331578,-0.629778232872891,"2005-2023",-1.88329143937521,0.639749527948741
2014,3,"Leukaemia",NA,"ltr",0.0125144645986595,0,NA,NA,NA,NA,NA,NA,NA
2014,3,"Leukaemia",NA,"Rates",11.5877044171985,0,13.5610957833658,12.6501961733643,14.5375863208226,-0.629778232872891,"2005-2023",-1.88329143937521,0.639749527948741
2014,3,"Lung Cancer","*","Counts",1641,0,1726.63157894739,1692.16241618932,1761.10074170546,0.935068780092707,"2005-2023",0.38595570686335,1.48718551220111
2014,3,"Lung Cancer","*","Rates",32.9746359738038,0,33.7923090712203,32.7975675223505,34.8172208681847,0.935068780092707,"2005-2023",0.38595570686335,1.48718551220111
2014,3,"Lung Cancer",NA,"ltr",0.0404824695171819,NA,NA,NA,NA,NA,NA,NA,NA
2014,3,"Lymphoma","*","Counts",834,0,776.31578947368,740.497041822669,812.134537124691,1.80330278966307,"2005-2023",0.493625904081041,3.13004795723011
2014,3,"Lymphoma","*","Rates",21.9384011767977,0,18.7956079047191,17.5087850379681,20.1770068992141,1.80330278966307,"2005-2023",0.493625904081041,3.13004795723011
2014,3,"Lymphoma",NA,"ltr",0.0202935239289987,NA,NA,NA,NA,NA,NA,NA,NA
2014,3,"Melanoma Cancer","*","Counts",2453,0,2493.76604520708,2410.98759989365,2576.5444905205,-2.26304462665309,"2017-2023",-4.44764129033706,-0.0285019161375688
2014,3,"Melanoma Cancer","*","Rates",64.3840532111489,0,67.0598900849251,64.7244186321413,69.4796330850174,-2.26304462665309,"2017-2023",-4.44764129033706,-0.0285019161375688
2014,3,"Melanoma Cancer",NA,"ltr",0.0588404855012173,NA,NA,NA,NA,NA,NA,NA,NA
2014,3,"Pancreatic Cancer","*","Counts",538,0,484.684210526328,459.337859617251,510.030561435405,2.50676895407362,"2005-2023",1.163490341541,3.86788401555433
2014,3,"Pancreatic Cancer","*","Rates",12.7621294528252,0,10.7318914217115,9.98386432635915,11.5359634028005,2.50676895407362,"2005-2023",1.163490341541,3.86788401555433
2014,3,"Pancreatic Cancer",NA,"ltr",0.0126442801753102,NA,NA,NA,NA,NA,NA,NA,NA
2015,1,"All malignant neoplasms","*","Counts",10438,0,10547.0450281427,10367.7341005255,10726.3559557598,1.2020153294249,"2005-2023",1.02423222833266,1.38011129437501
2015,1,"All malignant neoplasms","*","Rates",460.090069789714,0,466.763467284603,462.216344091853,471.355323489489,1.2020153294249,"2005-2023",1.02423222833266,1.38011129437501
2015,1,"All malignant neoplasms",NA,"ltr",0.408266756396818,NA,NA,NA,NA,NA,NA,NA,NA
2015,1,"Colorectal Cancer",NA,"Counts",1110,0,1130.84736842105,1098.82120759593,1162.87352924617,-0.353858585035838,"2005-2023",-1.04259986890383,0.339676322709437
2015,1,"Colorectal Cancer",NA,"ltr",0.0544239122379978,0,NA,NA,NA,NA,NA,NA,NA
2015,1,"Colorectal Cancer",NA,"Rates",43.5006980858137,0,49.0357319376699,47.1782024269883,50.9663972548375,-0.353858585035838,"2005-2023",-1.04259986890383,0.339676322709437
2015,1,"Leukaemia",NA,"Counts",284,0,354.691228070176,329.419949671215,379.962506469138,0.516500398362441,"2005-2023",-0.951904528355085,2.00667467883222
2015,1,"Leukaemia",NA,"ltr",0.0143729343231488,0,NA,NA,NA,NA,NA,NA,NA
2015,1,"Leukaemia",NA,"Rates",11.5856092972908,0,15.7279933006417,14.4906694601008,17.0709692844868,0.516500398362441,"2005-2023",-0.951904528355085,2.00667467883222
2015,1,"Lung Cancer",NA,"Counts",994,0,1024.86491228071,1007.1797962515,1042.55002830992,-0.225142056683547,"2005-2023",-0.696987769907031,0.248945666848455
2015,1,"Lung Cancer",NA,"ltr",0.0488656013615751,0,NA,NA,NA,NA,NA,NA,NA
2015,1,"Lung Cancer",NA,"Rates",36.7059006982572,0,38.5375449437456,37.5337288205322,39.5682075019092,-0.225142056683547,"2005-2023",-0.696987769907031,0.248945666848455
2015,1,"Lymphoma","*","Counts",350,0,456.449122807026,433.933742260606,478.964503353445,1.96880930478758,"2005-2023",0.933171283689282,3.01507362541757
2015,1,"Lymphoma","*","Rates",18.1521344607623,0,21.4324053139667,20.2482094504337,22.6858576639382,1.96880930478758,"2005-2023",0.933171283689282,3.01507362541757
2015,1,"Lymphoma",NA,"ltr",0.0174983362831188,NA,NA,NA,NA,NA,NA,NA,NA
2015,1,"Melanoma Cancer",NA,"Counts",1511,0,1523.64446529082,1477.56987431075,1569.7190562709,0.26006286726199,"2010-2023",-0.811925413103509,1.3436368032421
2015,1,"Melanoma Cancer",NA,"ltr",0.0744105854685594,0,NA,NA,NA,NA,NA,NA,NA
2015,1,"Melanoma Cancer",NA,"Rates",76.7289080936918,0,72.3533371399876,69.4604160072529,75.3667440567314,0.26006286726199,"2010-2023",-0.811925413103509,1.3436368032421
2015,1,"Pancreatic Cancer",NA,"Counts",203,0,262.703508771934,242.567619168047,282.839398375821,1.2531288476711,"2010-2023",-1.41090970740245,3.98915408404841
2015,1,"Pancreatic Cancer",NA,"ltr",0.00884130369719149,0,NA,NA,NA,NA,NA,NA,NA
2015,1,"Pancreatic Cancer",NA,"Rates",9.8090598986441,0,12.4054835177149,10.6316103847295,14.4753255376384,1.2531288476711,"2010-2023",-1.41090970740245,3.98915408404841
2015,1,"Prostate Cancer","*","Counts",2757,0,2763.09474671671,2552.92438428812,2973.26510914529,4.07000869628193,"2015-2023",1.03486687165351,7.19632781624258
2015,1,"Prostate Cancer","*","Rates",118.587605078489,0,115.876099448013,106.042986601362,126.621013360948,4.07000869628193,"2015-2023",1.03486687165351,7.19632781624258
2015,1,"Prostate Cancer",NA,"ltr",0.131913892096616,NA,NA,NA,NA,NA,NA,NA,NA
2015,2,"All malignant neoplasms",NA,"Counts",8321,0,8307.18596491235,8245.21413411384,8369.15779571087,0.341131637334224,"2017-2023",-0.632888975309087,1.32469983714263
2015,2,"All malignant neoplasms",NA,"ltr",0.327287519674852,0,NA,NA,NA,NA,NA,NA,NA
2015,2,"All malignant neoplasms",NA,"Rates",409.731655787397,0,406.718116831486,400.717851985537,412.808228381403,0.341131637334224,"2017-2023",-0.632888975309087,1.32469983714263
2015,2,"Breast (Female) Cancer","*","Counts",2208,0,2248.36666666668,2224.35863308221,2272.37470025116,0.88784025730746,"2005-2023",0.607939116878975,1.16852011012287
2015,2,"Breast (Female) Cancer","*","Rates",117.084789699504,0,121.690380135887,119.822489438919,123.587389036559,0.88784025730746,"2005-2023",0.607939116878975,1.16852011012287
2015,2,"Breast (Female) Cancer",NA,"ltr",0.102154271276737,NA,NA,NA,NA,NA,NA,NA,NA
2015,2,"Colorectal Cancer",NA,"Counts",1008,0,942.84912280702,914.92730342891,970.770942185129,-0.0677166427633824,"2005-2023",-0.915790707436481,0.787616193254892
2015,2,"Colorectal Cancer",NA,"ltr",0.0451391465185013,0,NA,NA,NA,NA,NA,NA,NA
2015,2,"Colorectal Cancer",NA,"Rates",39.7402882214594,0,38.8998613286256,37.0970809349411,40.7902501558027,-0.0677166427633824,"2005-2023",-0.915790707436481,0.787616193254892
2015,2,"Leukaemia","*","Counts",241,0,234.757894736843,218.099658182186,251.4161312915,-2.18001854228266,"2005-2023",-3.89066476934524,-0.43892459120719
2015,2,"Leukaemia","*","Rates",10.5599136235915,0,11.0790909416037,10.0425476473629,12.222621231432,-2.18001854228266,"2005-2023",-3.89066476934524,-0.43892459120719
2015,2,"Leukaemia",NA,"ltr",0.0110407397367975,NA,NA,NA,NA,NA,NA,NA,NA
2015,2,"Lung Cancer","*","Counts",662,0,755.984210526323,728.687475082144,783.280945970503,2.54465572762086,"2005-2023",1.55046218313042,3.54858256906201
2015,2,"Lung Cancer","*","Rates",27.1190581569716,0,29.5453408259079,27.9853721097671,31.1922657699592,2.54465572762086,"2005-2023",1.55046218313042,3.54858256906201
2015,2,"Lung Cancer",NA,"ltr",0.0322833408667861,NA,NA,NA,NA,NA,NA,NA,NA
2015,2,"Lymphoma",NA,"Counts",360,0,352.522807017547,327.347947771903,377.697666263192,1.71200253972468,"2005-2023",-0.49884007181491,3.9719684484854
2015,2,"Lymphoma",NA,"ltr",0.0176397593530546,0,NA,NA,NA,NA,NA,NA,NA
2015,2,"Lymphoma",NA,"Rates",21.1374167951137,0,16.6685460932729,14.7488661878403,18.8380873027806,1.71200253972468,"2005-2023",-0.49884007181491,3.9719684484854
2015,2,"Melanoma Cancer",NA,"Counts",1068,0,1018.38421052632,986.265559524438,1050.50286152821,-0.588922765989164,"2012-2023",-1.89989029889681,0.739563971306456
2015,2,"Melanoma Cancer",NA,"ltr",0.0506353039164946,0,NA,NA,NA,NA,NA,NA,NA
2015,2,"Melanoma Cancer",NA,"Rates",60.6886088127206,0,60.3904718283913,57.4974968677501,63.4290062408142,-0.588922765989164,"2012-2023",-1.89989029889681,0.739563971306456
2015,2,"Pancreatic Cancer",NA,"Counts",218,0,244.107017543862,224.042684559868,264.171350527855,0.897117190121888,"2005-2023",-1.06073093986927,2.89370796837112
2015,2,"Pancreatic Cancer",NA,"ltr",0.00977889400792997,0,NA,NA,NA,NA,NA,NA,NA
2015,2,"Pancreatic Cancer",NA,"Rates",8.98320848605797,0,10.3584390381016,9.28778822160671,11.5525092461147,0.897117190121888,"2005-2023",-1.06073093986927,2.89370796837112
2015,3,"All malignant neoplasms","*","Counts",18759,0,18840.8380630261,18635.3251622236,19046.3509638286,1.16936915549559,"2005-2023",1.06259355382545,1.27625756872844
2015,3,"All malignant neoplasms","*","Rates",433.660971309649,0,432.478049884961,429.942798006271,435.028251431648,1.16936915549559,"2005-2023",1.06259355382545,1.27625756872844
2015,3,"All malignant neoplasms",NA,"ltr",0.368136083143599,NA,NA,NA,NA,NA,NA,NA,NA
2015,3,"Colorectal Cancer",NA,"Counts",2118,0,2073.69649122807,2035.40391087441,2111.98907158174,-0.24541100885368,"2005-2023",-0.589340602087618,0.0997084725252506
2015,3,"Colorectal Cancer",NA,"ltr",0.0496974143673456,0,NA,NA,NA,NA,NA,NA,NA
2015,3,"Colorectal Cancer",NA,"Rates",41.5481277256656,0,43.9921872554822,43.1543225840398,44.8463195257563,-0.24541100885368,"2005-2023",-0.589340602087618,0.0997084725252506
2015,3,"Leukaemia",NA,"Counts",525,0,589.449122807018,554.498273366614,624.399972247422,-0.629778232872891,"2005-2023",-1.88329143937521,0.639749527948741
2015,3,"Leukaemia",NA,"ltr",0.0126732492678545,0,NA,NA,NA,NA,NA,NA,NA
2015,3,"Leukaemia",NA,"Rates",11.0376197389177,0,13.4756909539832,12.5560880637657,14.4626451937135,-0.629778232872891,"2005-2023",-1.88329143937521,0.639749527948741
2015,3,"Lung Cancer","*","Counts",1656,0,1780.84912280703,1745.81018322143,1815.88806239264,0.935068780092707,"2005-2023",0.38595570686335,1.48718551220111
2015,3,"Lung Cancer","*","Rates",31.7961220424616,0,34.1082904034177,33.0879012097064,35.1601471145168,0.935068780092707,"2005-2023",0.38595570686335,1.48718551220111
2015,3,"Lung Cancer",NA,"ltr",0.040461653504744,NA,NA,NA,NA,NA,NA,NA,NA
2015,3,"Lymphoma","*","Counts",710,0,808.971929824562,772.561096646375,845.382763002748,1.80330278966307,"2005-2023",0.493625904081041,3.13004795723011
2015,3,"Lymphoma","*","Rates",19.6124931834639,0,19.1345496263991,17.803637674659,20.5649539771452,1.80330278966307,"2005-2023",0.493625904081041,3.13004795723011
2015,3,"Lymphoma",NA,"ltr",0.017539142002146,NA,NA,NA,NA,NA,NA,NA,NA
2015,3,"Melanoma Cancer","*","Counts",2579,0,2546.42765220263,2473.31463574791,2619.54066865735,-2.26304462665309,"2017-2023",-4.44764129033706,-0.0285019161375688
2015,3,"Melanoma Cancer","*","Rates",68.5118837716491,0,68.2319136384864,65.5543034130678,71.0188926794669,-2.26304462665309,"2017-2023",-4.44764129033706,-0.0285019161375688
2015,3,"Melanoma Cancer",NA,"ltr",0.0623795905443953,NA,NA,NA,NA,NA,NA,NA,NA
2015,3,"Pancreatic Cancer","*","Counts",421,0,506.8105263158,481.04519907382,532.575853557779,2.50676895407362,"2005-2023",1.163490341541,3.86788401555433
2015,3,"Pancreatic Cancer","*","Rates",9.42743181299359,0,11.0009151440558,10.2219215159263,11.8392744278226,2.50676895407362,"2005-2023",1.163490341541,3.86788401555433
2015,3,"Pancreatic Cancer",NA,"ltr",0.0093340528531024,NA,NA,NA,NA,NA,NA,NA,NA
2016,1,"All malignant neoplasms","*","Counts",10798,0,10809.0764293473,10605.5984766126,11012.554382082,1.2020153294249,"2005-2023",1.02423222833266,1.38011129437501
2016,1,"All malignant neoplasms","*","Rates",466.598622477752,0,472.374035713518,467.555842898461,477.241880313181,1.2020153294249,"2005-2023",1.02423222833266,1.38011129437501
2016,1,"All malignant neoplasms",NA,"ltr",0.416461749986849,NA,NA,NA,NA,NA,NA,NA,NA
2016,1,"Colorectal Cancer",NA,"Counts",1278,0,1139.64210526316,1106.1020717814,1173.18213874492,-0.353858585035838,"2005-2023",-1.04259986890383,0.339676322709437
2016,1,"Colorectal Cancer",NA,"ltr",0.0611603258896274,0,NA,NA,NA,NA,NA,NA,NA
2016,1,"Colorectal Cancer",NA,"Rates",55.8368404999188,0,48.8622147904734,46.9255206282622,50.8788395368895,-0.353858585035838,"2005-2023",-1.04259986890383,0.339676322709437
2016,1,"Leukaemia",NA,"Counts",407,0,364.750877192982,338.28502859326,391.216725792705,0.516500398362441,"2005-2023",-0.951904528355085,2.00667467883222
2016,1,"Leukaemia",NA,"ltr",0.0191385497819817,0,NA,NA,NA,NA,NA,NA,NA
2016,1,"Leukaemia",NA,"Rates",19.5691174987772,0,15.809228448694,14.5092083648901,17.2257298852905,0.516500398362441,"2005-2023",-0.951904528355085,2.00667467883222
2016,1,"Lung Cancer",NA,"Counts",1040,0,1044.62456140351,1026.10347212943,1063.1456506776,-0.225142056683547,"2005-2023",-0.696987769907031,0.248945666848455
2016,1,"Lung Cancer",NA,"ltr",0.0488715574647635,0,NA,NA,NA,NA,NA,NA,NA
2016,1,"Lung Cancer",NA,"Rates",38.1202714631961,0,38.4507807224638,37.4025323300153,39.5284074650887,-0.225142056683547,"2005-2023",-0.696987769907031,0.248945666848455
2016,1,"Lymphoma","*","Counts",471,0,477.161403508777,453.581723711844,500.74108330571,1.96880930478758,"2005-2023",0.933171283689282,3.01507362541757
2016,1,"Lymphoma","*","Rates",20.6857749968261,0,21.8543685040279,20.5914604158069,23.194732819592,1.96880930478758,"2005-2023",0.933171283689282,3.01507362541757
2016,1,"Lymphoma",NA,"ltr",0.0226170828037988,NA,NA,NA,NA,NA,NA,NA,NA
2016,1,"Melanoma Cancer",NA,"Counts",1549,0,1575.78468450677,1523.50028906975,1628.06907994379,0.26006286726199,"2010-2023",-0.811925413103509,1.3436368032421
2016,1,"Melanoma Cancer",NA,"ltr",0.0754165691126581,0,NA,NA,NA,NA,NA,NA,NA
2016,1,"Melanoma Cancer",NA,"Rates",75.5739786695707,0,72.5415013031135,69.7333956208818,75.4626870591373,0.26006286726199,"2010-2023",-0.811925413103509,1.3436368032421
2016,1,"Pancreatic Cancer",NA,"Counts",261,0,275.828070175441,254.740359563258,296.915780787624,1.2531288476711,"2010-2023",-1.41090970740245,3.98915408404841
2016,1,"Pancreatic Cancer",NA,"ltr",0.0116592128618693,0,NA,NA,NA,NA,NA,NA,NA
2016,1,"Pancreatic Cancer",NA,"Rates",11.6750067662454,0,12.5609402103685,10.8189141372225,14.5834616087412,1.2531288476711,"2010-2023",-1.41090970740245,3.98915408404841
2016,1,"Prostate Cancer","*","Counts",2696,0,2795.99634640072,2557.49981057452,3034.49288222693,4.07000869628193,"2015-2023",1.03486687165351,7.19632781624258
2016,1,"Prostate Cancer","*","Rates",110.503904693343,0,120.59226677246,111.959105282359,129.891130950396,4.07000869628193,"2015-2023",1.03486687165351,7.19632781624258
2016,1,"Prostate Cancer",NA,"ltr",0.128141638785429,NA,NA,NA,NA,NA,NA,NA,NA
2016,2,"All malignant neoplasms",NA,"Counts",8602,0,8551.21403508779,8486.31280352095,8616.11526665463,0.341131637334224,"2017-2023",-0.632888975309087,1.32469983714263
2016,2,"All malignant neoplasms",NA,"ltr",0.333444475645244,0,NA,NA,NA,NA,NA,NA,NA
2016,2,"All malignant neoplasms",NA,"Rates",411.495269176186,0,412.661904622072,405.760332180189,419.680865823755,0.341131637334224,"2017-2023",-0.632888975309087,1.32469983714263
2016,2,"Breast (Female) Cancer","*","Counts",2374,0,2311.31228070176,2286.16939034249,2336.45517106104,0.88784025730746,"2005-2023",0.607939116878975,1.16852011012287
2016,2,"Breast (Female) Cancer","*","Rates",127.139435574642,0,122.770796320004,120.797962350002,124.775849988066,0.88784025730746,"2005-2023",0.607939116878975,1.16852011012287
2016,2,"Breast (Female) Cancer",NA,"ltr",0.110555108059615,NA,NA,NA,NA,NA,NA,NA,NA
2016,2,"Colorectal Cancer",NA,"Counts",893,0,953.119298245616,923.877617922858,982.360978568374,-0.0677166427633824,"2005-2023",-0.915790707436481,0.787616193254892
2016,2,"Colorectal Cancer",NA,"ltr",0.039650870182144,0,NA,NA,NA,NA,NA,NA,NA
2016,2,"Colorectal Cancer",NA,"Rates",33.0398672172261,0,38.8735196484943,36.9888982611417,40.8541643817868,-0.0677166427633824,"2005-2023",-0.915790707436481,0.787616193254892
2016,2,"Leukaemia","*","Counts",256,0,237.305263157896,219.859593823968,254.750932491823,-2.18001854228266,"2005-2023",-3.89066476934524,-0.43892459120719
2016,2,"Leukaemia","*","Rates",12.3747425594479,0,10.8375647047604,9.77811033514,12.0118105343702,-2.18001854228266,"2005-2023",-3.89066476934524,-0.43892459120719
2016,2,"Leukaemia",NA,"ltr",0.011134613993107,NA,NA,NA,NA,NA,NA,NA,NA
2016,2,"Lung Cancer","*","Counts",798,0,790.442105263166,761.855056514495,819.029154011837,2.54465572762086,"2005-2023",1.55046218313042,3.54858256906201
2016,2,"Lung Cancer","*","Rates",31.5115590913553,0,30.2971680334795,28.6240141162555,32.0681224904653,2.54465572762086,"2005-2023",1.55046218313042,3.54858256906201
2016,2,"Lung Cancer",NA,"ltr",0.037271082488239,NA,NA,NA,NA,NA,NA,NA,NA
2016,2,"Lymphoma",NA,"Counts",301,0,364.466666666671,338.101794941703,390.831538391638,1.71200253972468,"2005-2023",-0.49884007181491,3.9719684484854
2016,2,"Lymphoma",NA,"ltr",0.0141776165437519,0,NA,NA,NA,NA,NA,NA,NA
2016,2,"Lymphoma",NA,"Rates",13.1828609375683,0,16.9539120257249,14.9148524863584,19.2717382380361,1.71200253972468,"2005-2023",-0.49884007181491,3.9719684484854
2016,2,"Melanoma Cancer",NA,"Counts",1067,0,1047.97894736843,1014.3420517107,1081.61584302616,-0.588922765989164,"2012-2023",-1.89989029889681,0.739563971306456
2016,2,"Melanoma Cancer",NA,"ltr",0.0497100782212193,0,NA,NA,NA,NA,NA,NA,NA
2016,2,"Melanoma Cancer",NA,"Rates",59.6776362347302,0,60.0348185913061,57.4023210090255,62.7880437574003,-0.588922765989164,"2012-2023",-1.89989029889681,0.739563971306456
2016,2,"Pancreatic Cancer",NA,"Counts",232,0,253.108771929827,232.096000410099,274.121543449554,0.897117190121888,"2005-2023",-1.06073093986927,2.89370796837112
2016,2,"Pancreatic Cancer",NA,"ltr",0.010445438129114,0,NA,NA,NA,NA,NA,NA,NA
2016,2,"Pancreatic Cancer",NA,"Rates",11.2766936850872,0,10.4513663753407,9.32290631870023,11.7164171104564,0.897117190121888,"2005-2023",-1.06073093986927,2.89370796837112
2016,3,"All malignant neoplasms","*","Counts",19400,0,19346.6751361163,19111.8013548755,19581.5489173572,1.16936915549559,"2005-2023",1.06259355382545,1.27625756872844
2016,3,"All malignant neoplasms","*","Rates",437.763930863571,0,437.535314804605,434.849546909785,440.237670848674,1.16936915549559,"2005-2023",1.06259355382545,1.27625756872844
2016,3,"All malignant neoplasms",NA,"ltr",0.375317108297868,NA,NA,NA,NA,NA,NA,NA,NA
2016,3,"Colorectal Cancer",NA,"Counts",2171,0,2092.76140350878,2052.65873762328,2132.86406939427,-0.24541100885368,"2005-2023",-0.589340602087618,0.0997084725252506
2016,3,"Colorectal Cancer",NA,"ltr",0.0503340314668931,0,NA,NA,NA,NA,NA,NA,NA
2016,3,"Colorectal Cancer",NA,"Rates",44.3468545833658,0,43.8842255849217,43.0093049887891,44.7769443307743,-0.24541100885368,"2005-2023",-0.589340602087618,0.0997084725252506
2016,3,"Leukaemia",NA,"Counts",663,0,602.05614035088,565.453168585137,638.659112116623,-0.629778232872891,"2005-2023",-1.88329143937521,0.639749527948741
2016,3,"Leukaemia",NA,"ltr",0.0151095737347647,0,NA,NA,NA,NA,NA,NA,NA
2016,3,"Leukaemia",NA,"Rates",15.981124792777,0,13.3908239856258,12.4353949578597,14.4196599803753,-0.629778232872891,"2005-2023",-1.88329143937521,0.639749527948741
2016,3,"Lung Cancer","*","Counts",1838,0,1835.06666666668,1798.37144074548,1871.76189258788,0.935068780092707,"2005-2023",0.38595570686335,1.48718551220111
2016,3,"Lung Cancer","*","Rates",34.7234384742129,0,34.4272263784034,33.3493811613929,35.5399073336308,0.935068780092707,"2005-2023",0.38595570686335,1.48718551220111
2016,3,"Lung Cancer",NA,"ltr",0.0429712035664339,NA,NA,NA,NA,NA,NA,NA,NA
2016,3,"Lymphoma","*","Counts",772,0,841.628070175429,803.496101421397,879.760038929461,1.80330278966307,"2005-2023",0.493625904081041,3.13004795723011
2016,3,"Lymphoma","*","Rates",16.8875507989443,0,19.4796034936014,18.0630306647248,21.007269450578,1.80330278966307,"2005-2023",0.493625904081041,3.13004795723011
2016,3,"Lymphoma",NA,"ltr",0.0183457883943168,NA,NA,NA,NA,NA,NA,NA,NA
2016,3,"Melanoma Cancer","*","Counts",2616,0,2599.08925919818,2532.30600391017,2665.87251448619,-2.26304462665309,"2017-2023",-4.44764129033706,-0.0285019161375688
2016,3,"Melanoma Cancer","*","Rates",67.4272268610662,0,69.4244209597425,66.3410954430149,72.6510497514405,-2.26304462665309,"2017-2023",-4.44764129033706,-0.0285019161375688
2016,3,"Melanoma Cancer",NA,"ltr",0.0623927362510199,NA,NA,NA,NA,NA,NA,NA,NA
2016,3,"Pancreatic Cancer","*","Counts",493,0,528.936842105271,501.953591034896,555.920093175647,2.50676895407362,"2005-2023",1.163490341541,3.86788401555433
2016,3,"Pancreatic Cancer","*","Rates",11.4788057832121,0,11.276682669551,10.4418476852728,12.1782634513146,2.50676895407362,"2005-2023",1.163490341541,3.86788401555433
2016,3,"Pancreatic Cancer",NA,"ltr",0.0110449477959241,NA,NA,NA,NA,NA,NA,NA,NA
2017,1,"All malignant neoplasms","*","Counts",11253,0,11071.1078305521,10840.9761392735,11301.2395218307,1.2020153294249,"2005-2023",1.02423222833266,1.38011129437501
2017,1,"All malignant neoplasms","*","Rates",473.62734449599,0,478.052044035018,472.831588775273,483.330137476656,1.2020153294249,"2005-2023",1.02423222833266,1.38011129437501
2017,1,"All malignant neoplasms",NA,"ltr",0.424295922402546,NA,NA,NA,NA,NA,NA,NA,NA
2017,1,"Colorectal Cancer",NA,"Counts",1147,0,1148.43684210526,1112.51518716158,1184.35849704894,-0.353858585035838,"2005-2023",-1.04259986890383,0.339676322709437
2017,1,"Colorectal Cancer",NA,"ltr",0.0538369276994792,0,NA,NA,NA,NA,NA,NA,NA
2017,1,"Colorectal Cancer",NA,"Rates",49.1920580927327,0,48.6893116485986,46.6253808569224,50.8446049178469,-0.353858585035838,"2005-2023",-1.04259986890383,0.339676322709437
2017,1,"Leukaemia",NA,"Counts",510,0,374.810526315792,346.465382244668,403.155670386916,0.516500398362441,"2005-2023",-0.951904528355085,2.00667467883222
2017,1,"Leukaemia",NA,"ltr",0.0239225349356161,0,NA,NA,NA,NA,NA,NA,NA
2017,1,"Leukaemia",NA,"Rates",22.4090416748379,0,15.8908831766095,14.4955538355532,17.4205257003216,0.516500398362441,"2005-2023",-0.951904528355085,2.00667467883222
2017,1,"Lung Cancer",NA,"Counts",1094,0,1064.38421052632,1044.54796980085,1084.2204512518,-0.225142056683547,"2005-2023",-0.696987769907031,0.248945666848455
2017,1,"Lung Cancer",NA,"ltr",0.0511657095736555,0,NA,NA,NA,NA,NA,NA,NA
2017,1,"Lung Cancer",NA,"Rates",39.0657002028904,0,38.3642118439344,37.2451502172041,39.5168966113184,-0.225142056683547,"2005-2023",-0.696987769907031,0.248945666848455
2017,1,"Lymphoma","*","Counts",551,0,497.873684210528,472.619650942838,523.127717478218,1.96880930478758,"2005-2023",0.933171283689282,3.01507362541757
2017,1,"Lymphoma","*","Rates",26.2900179239174,0,22.2846393446378,20.9083062785678,23.7515724183563,1.96880930478758,"2005-2023",0.933171283689282,3.01507362541757
2017,1,"Lymphoma",NA,"ltr",0.0264724142958249,NA,NA,NA,NA,NA,NA,NA,NA
2017,1,"Melanoma Cancer",NA,"Counts",1681,0,1627.92490372273,1568.7917338255,1687.05807361995,0.26006286726199,"2010-2023",-0.811925413103509,1.3436368032421
2017,1,"Melanoma Cancer",NA,"ltr",0.079699769227433,0,NA,NA,NA,NA,NA,NA,NA
2017,1,"Melanoma Cancer",NA,"Rates",83.0144732287538,0,72.7301548113571,69.8536055920917,75.7251594108526,0.26006286726199,"2010-2023",-0.811925413103509,1.3436368032421
2017,1,"Pancreatic Cancer",NA,"Counts",302,0,288.952631578948,266.36751804366,311.537745114237,1.2531288476711,"2010-2023",-1.41090970740245,3.98915408404841
2017,1,"Pancreatic Cancer",NA,"ltr",0.0151345774771715,0,NA,NA,NA,NA,NA,NA,NA
2017,1,"Pancreatic Cancer",NA,"Rates",13.1770650567407,0,12.7183449756834,10.918306254852,14.8151457877092,1.2531288476711,"2010-2023",-1.41090970740245,3.98915408404841
2017,1,"Prostate Cancer","*","Counts",2962,0,2828.89794608474,2559.16055971869,3098.63533245079,4.07000869628193,"2015-2023",1.03486687165351,7.19632781624258
2017,1,"Prostate Cancer","*","Rates",119.566911726822,0,125.500382517142,117.780091500047,133.726725895292,4.07000869628193,"2015-2023",1.03486687165351,7.19632781624258
2017,1,"Prostate Cancer",NA,"ltr",0.137954244122191,NA,NA,NA,NA,NA,NA,NA,NA
2017,2,"All malignant neoplasms",NA,"Counts",8832,0,8795.24210526323,8725.73234621568,8864.75186431077,0.341131637334224,"2017-2023",-0.632888975309087,1.32469983714263
2017,2,"All malignant neoplasms",NA,"ltr",0.337198300615349,0,NA,NA,NA,NA,NA,NA,NA
2017,2,"All malignant neoplasms",NA,"Rates",419.495673628972,0,418.692555062334,410.781586152365,426.755876052348,0.341131637334224,"2017-2023",-0.632888975309087,1.32469983714263
2017,2,"Breast (Female) Cancer","*","Counts",2355,0,2374.25789473685,2347.32964994951,2401.18613952419,0.88784025730746,"2005-2023",0.607939116878975,1.16852011012287
2017,2,"Breast (Female) Cancer","*","Rates",125.415642765722,0,123.86080487395,121.730346184185,126.028549699597,0.88784025730746,"2005-2023",0.607939116878975,1.16852011012287
2017,2,"Breast (Female) Cancer",NA,"ltr",0.10726683453,NA,NA,NA,NA,NA,NA,NA,NA
2017,2,"Colorectal Cancer",NA,"Counts",966,0,963.389473684212,932.071390740179,994.707556628245,-0.0677166427633824,"2005-2023",-0.915790707436481,0.787616193254892
2017,2,"Colorectal Cancer",NA,"ltr",0.0420384860953477,0,NA,NA,NA,NA,NA,NA,NA
2017,2,"Colorectal Cancer",NA,"Rates",40.5914224368102,0,38.8471958060644,36.8336427599957,40.9708220234387,-0.0677166427633824,"2005-2023",-0.915790707436481,0.787616193254892
2017,2,"Leukaemia","*","Counts",254,0,239.852631578948,221.168174557889,258.537088600006,-2.18001854228266,"2005-2023",-3.89066476934524,-0.43892459120719
2017,2,"Leukaemia","*","Rates",8.82694922161211,0,10.6013037846647,9.49533053476222,11.8360958076496,-2.18001854228266,"2005-2023",-3.89066476934524,-0.43892459120719
2017,2,"Leukaemia",NA,"ltr",0.0104234300472859,NA,NA,NA,NA,NA,NA,NA,NA
2017,2,"Lung Cancer","*","Counts",785,0,824.900000000009,794.283032918976,855.516967081042,2.54465572762086,"2005-2023",1.55046218313042,3.54858256906201
2017,2,"Lung Cancer","*","Rates",31.8825642879754,0,31.0681266551503,29.2342318619481,33.0170636402739,2.54465572762086,"2005-2023",1.55046218313042,3.54858256906201
2017,2,"Lung Cancer",NA,"ltr",0.0360685958160202,NA,NA,NA,NA,NA,NA,NA,NA
2017,2,"Lymphoma",NA,"Counts",363,0,376.410526315794,348.173529317756,404.647523313833,1.71200253972468,"2005-2023",-0.49884007181491,3.9719684484854
2017,2,"Lymphoma",NA,"ltr",0.0166588684353371,0,NA,NA,NA,NA,NA,NA,NA
2017,2,"Lymphoma",NA,"Rates",17.6130289605424,0,17.2441634301879,15.0327863735652,19.7808420220707,1.71200253972468,"2005-2023",-0.49884007181491,3.9719684484854
2017,2,"Melanoma Cancer",NA,"Counts",1088,0,1077.57368421053,1041.54828907041,1113.59907935066,-0.588922765989164,"2012-2023",-1.89989029889681,0.739563971306456
2017,2,"Melanoma Cancer",NA,"ltr",0.0517272939419676,0,NA,NA,NA,NA,NA,NA,NA
2017,2,"Melanoma Cancer",NA,"Rates",61.3098627087575,0,59.6812598771012,57.1412802937026,62.3341437610495,-0.588922765989164,"2012-2023",-1.89989029889681,0.739563971306456
2017,2,"Pancreatic Cancer",NA,"Counts",205,0,262.110526315792,239.605673172087,284.615379459496,0.897117190121888,"2005-2023",-1.06073093986927,2.89370796837112
2017,2,"Pancreatic Cancer",NA,"ltr",0.00962596332669796,0,NA,NA,NA,NA,NA,NA,NA
2017,2,"Pancreatic Cancer",NA,"Rates",10.3105668045375,0,10.5451273796965,9.33053445164066,11.9178287192832,0.897117190121888,"2005-2023",-1.06073093986927,2.89370796837112
2017,3,"All malignant neoplasms","*","Counts",20085,0,20035.5472517502,19842.6897594271,20228.4047440732,1.16936915549559,"2005-2023",1.06259355382545,1.27625756872844
2017,3,"All malignant neoplasms","*","Rates",445.016015152547,0,442.65171782033,439.742236826254,445.580448908999,1.16936915549559,"2005-2023",1.06259355382545,1.27625756872844
2017,3,"All malignant neoplasms",NA,"ltr",0.381073347809499,NA,NA,NA,NA,NA,NA,NA,NA
2017,3,"Colorectal Cancer",NA,"Counts",2113,0,2111.82631578948,2068.87602693411,2154.77660464484,-0.24541100885368,"2005-2023",-0.589340602087618,0.0997084725252506
2017,3,"Colorectal Cancer",NA,"ltr",0.0478246701740483,0,NA,NA,NA,NA,NA,NA,NA
2017,3,"Colorectal Cancer",NA,"Rates",44.7717406048308,0,43.7765288641862,42.8424470256956,44.7309762266271,-0.24541100885368,"2005-2023",-0.589340602087618,0.0997084725252506
2017,3,"Leukaemia",NA,"Counts",764,0,614.663157894738,575.461070562381,653.865245227096,-0.629778232872891,"2005-2023",-1.88329143937521,0.639749527948741
2017,3,"Leukaemia",NA,"ltr",0.0171049471547734,0,NA,NA,NA,NA,NA,NA,NA
2017,3,"Leukaemia",NA,"Rates",15.5641067431184,0,13.306491490962,12.292298189026,14.4043622336721,-0.629778232872891,"2005-2023",-1.88329143937521,0.639749527948741
2017,3,"Lung Cancer","*","Counts",1879,0,1889.28421052633,1849.98331822583,1928.58510282682,0.935068780092707,"2005-2023",0.38595570686335,1.48718551220111
2017,3,"Lung Cancer","*","Rates",35.3418032739282,0,34.7491446241197,33.5852770840315,35.9533449459647,0.935068780092707,"2005-2023",0.38595570686335,1.48718551220111
2017,3,"Lung Cancer",NA,"ltr",0.0434638710323981,NA,NA,NA,NA,NA,NA,NA,NA
2017,3,"Lymphoma","*","Counts",914,0,874.284210526312,833.4445546968,915.123866355823,1.80330278966307,"2005-2023",0.493625904081041,3.13004795723011
2017,3,"Lymphoma","*","Rates",21.9318130922522,0,19.8308797268169,18.290440303526,21.501056519873,1.80330278966307,"2005-2023",0.493625904081041,3.13004795723011
2017,3,"Lymphoma",NA,"ltr",0.0215132140908696,NA,NA,NA,NA,NA,NA,NA,NA
2017,3,"Melanoma Cancer","*","Counts",2769,0,2651.75086619373,2586.97632610447,2716.52540628299,-2.26304462665309,"2017-2023",-4.44764129033706,-0.0285019161375688
2017,3,"Melanoma Cancer","*","Rates",71.8881917141974,0,70.6377700489541,67.1000669192363,74.3619907785587,-2.26304462665309,"2017-2023",-4.44764129033706,-0.0285019161375688
2017,3,"Melanoma Cancer",NA,"ltr",0.0655209912437523,NA,NA,NA,NA,NA,NA,NA,NA
2017,3,"Pancreatic Cancer","*","Counts",507,0,551.063157894743,522.163871472274,579.962444317213,2.50676895407362,"2005-2023",1.163490341541,3.86788401555433
2017,3,"Pancreatic Cancer","*","Rates",11.7288963659505,0,11.5593630497607,10.6453007643756,12.5519115968359,2.50676895407362,"2005-2023",1.163490341541,3.86788401555433
2017,3,"Pancreatic Cancer",NA,"ltr",0.0123294146588246,NA,NA,NA,NA,NA,NA,NA,NA
2018,1,"All malignant neoplasms","*","Counts",11706,0,11565.2697597653,11380.533258669,11750.0062608616,1.2020153294249,"2005-2023",1.02423222833266,1.38011129437501
2018,1,"All malignant neoplasms","*","Rates",488.126673866372,0,483.798302886949,478.063224091874,489.602182474739,1.2020153294249,"2005-2023",1.02423222833266,1.38011129437501
2018,1,"All malignant neoplasms",NA,"ltr",0.435931640385265,NA,NA,NA,NA,NA,NA,NA,NA
2018,1,"Colorectal Cancer",NA,"Counts",1178,0,1157.23157894737,1118.21915373435,1196.24400416038,-0.353858585035838,"2005-2023",-1.04259986890383,0.339676322709437
2018,1,"Colorectal Cancer",NA,"ltr",0.0562002056267487,0,NA,NA,NA,NA,NA,NA,NA
2018,1,"Colorectal Cancer",NA,"Rates",49.4238318079736,0,48.5170203393352,46.287563629114,50.8538596126693,-0.353858585035838,"2005-2023",-1.04259986890383,0.339676322709437
2018,1,"Leukaemia",NA,"Counts",324,0,384.870175438598,354.086159085208,415.654191791989,0.516500398362441,"2005-2023",-0.951904528355085,2.00667467883222
2018,1,"Leukaemia",NA,"ltr",0.0160887492446117,0,NA,NA,NA,NA,NA,NA,NA
2018,1,"Leukaemia",NA,"Rates",12.7695328679489,0,15.97295965152,14.455661177248,17.649517161529,0.516500398362441,"2005-2023",-0.951904528355085,2.00667467883222
2018,1,"Lung Cancer",NA,"Counts",1136,0,1084.14385964913,1062.60086952176,1105.68684977649,-0.225142056683547,"2005-2023",-0.696987769907031,0.248945666848455
2018,1,"Lung Cancer",NA,"ltr",0.0530094329557164,0,NA,NA,NA,NA,NA,NA,NA
2018,1,"Lung Cancer",NA,"Rates",41.7536095105396,0,38.2778378683585,37.0667616417724,39.5284833899583,-0.225142056683547,"2005-2023",-0.696987769907031,0.248945666848455
2018,1,"Lymphoma","*","Counts",559,0,518.585964912287,491.159024652222,546.012905172351,1.96880930478758,"2005-2023",0.933171283689282,3.01507362541757
2018,1,"Lymphoma","*","Rates",27.4399280319856,0,22.7233813975932,21.2033253841437,24.3524094822705,1.96880930478758,"2005-2023",0.933171283689282,3.01507362541757
2018,1,"Lymphoma",NA,"ltr",0.0266877698580599,NA,NA,NA,NA,NA,NA,NA,NA
2018,1,"Melanoma Cancer",NA,"Counts",1567,0,1639.79937649002,1592.33066479345,1687.26808818658,0.26006286726199,"2010-2023",-0.811925413103509,1.3436368032421
2018,1,"Melanoma Cancer",NA,"ltr",0.0731348886690117,0,NA,NA,NA,NA,NA,NA,NA
2018,1,"Melanoma Cancer",NA,"Rates",72.545404541569,0,72.9192989373239,69.8295515229045,76.1457583723237,0.26006286726199,"2010-2023",-0.811925413103509,1.3436368032421
2018,1,"Pancreatic Cancer",NA,"Counts",292,0,302.077192982459,277.548811589549,326.605574375369,1.2531288476711,"2010-2023",-1.41090970740245,3.98915408404841
2018,1,"Pancreatic Cancer",NA,"ltr",0.0131766637548046,0,NA,NA,NA,NA,NA,NA,NA
2018,1,"Pancreatic Cancer",NA,"Rates",11.948066105886,0,12.87772222552,10.9328285090383,15.1686024875038,1.2531288476711,"2010-2023",-1.41090970740245,3.98915408404841
2018,1,"Prostate Cancer","*","Counts",3236,0,3145.62479369156,2929.09511585678,3362.15447152635,4.07000869628193,"2015-2023",1.03486687165351,7.19632781624258
2018,1,"Prostate Cancer","*","Rates",127.051083178539,0,130.608258999457,123.207000821203,138.45412359014,4.07000869628193,"2015-2023",1.03486687165351,7.19632781624258
2018,1,"Prostate Cancer",NA,"ltr",0.150665058534401,NA,NA,NA,NA,NA,NA,NA,NA
2018,2,"All malignant neoplasms",NA,"Counts",9217,0,9039.27017543867,8963.77965918408,9114.76069169325,0.341131637334224,"2017-2023",-0.632888975309087,1.32469983714263
2018,2,"All malignant neoplasms",NA,"ltr",0.343508667999069,0,NA,NA,NA,NA,NA,NA,NA
2018,2,"All malignant neoplasms",NA,"Rates",423.87819776439,0,420.120847830815,413.736747807659,426.603456708506,0.341131637334224,"2017-2023",-0.632888975309087,1.32469983714263
2018,2,"Breast (Female) Cancer","*","Counts",2459,0,2437.20350877194,2407.95830452032,2466.44871302356,0.88784025730746,"2005-2023",0.607939116878975,1.16852011012287
2018,2,"Breast (Female) Cancer","*","Rates",126.752518644307,0,124.960490962646,122.627917299865,127.337433803442,0.88784025730746,"2005-2023",0.607939116878975,1.16852011012287
2018,2,"Breast (Female) Cancer",NA,"ltr",0.109937511525872,NA,NA,NA,NA,NA,NA,NA,NA
2018,2,"Colorectal Cancer",NA,"Counts",1086,0,973.659649122808,939.646896353345,1007.67240189227,-0.0677166427633824,"2005-2023",-0.915790707436481,0.787616193254892
2018,2,"Colorectal Cancer",NA,"ltr",0.0464420073001525,0,NA,NA,NA,NA,NA,NA,NA
2018,2,"Colorectal Cancer",NA,"Rates",43.2314114827178,0,38.8208897892568,36.6405194348637,41.1310076187305,-0.0677166427633824,"2005-2023",-0.915790707436481,0.787616193254892
2018,2,"Leukaemia","*","Counts",190,0,242.400000000001,222.107895326013,262.692104673988,-2.18001854228266,"2005-2023",-3.89066476934524,-0.43892459120719
2018,2,"Leukaemia","*","Rates",9.2120020528733,0,10.3701933964353,9.20069478782897,11.6883467563483,-2.18001854228266,"2005-2023",-3.89066476934524,-0.43892459120719
2018,2,"Leukaemia",NA,"ltr",0.00878250515948642,NA,NA,NA,NA,NA,NA,NA,NA
2018,2,"Lung Cancer","*","Counts",928,0,859.357894736851,826.106583226535,892.609206247168,2.54465572762086,"2005-2023",1.55046218313042,3.54858256906201
2018,2,"Lung Cancer","*","Rates",35.0134574736545,0,31.8587035195451,29.8216177100487,34.0349406868116,2.54465572762086,"2005-2023",1.55046218313042,3.54858256906201
2018,2,"Lung Cancer",NA,"ltr",0.0434000089241031,NA,NA,NA,NA,NA,NA,NA,NA
2018,2,"Lymphoma",NA,"Counts",422,0,388.354385964914,357.687821872768,419.020950057061,1.71200253972468,"2005-2023",-0.49884007181491,3.9719684484854
2018,2,"Lymphoma",NA,"ltr",0.0194678185308824,0,NA,NA,NA,NA,NA,NA,NA
2018,2,"Lymphoma",NA,"Rates",19.3212158667612,0,17.539383946067,15.1106574804363,20.3584780877894,1.71200253972468,"2005-2023",-0.49884007181491,3.9719684484854
2018,2,"Melanoma Cancer",NA,"Counts",1152,0,1107.16842105264,1068.0433296314,1146.29351247387,-0.588922765989164,"2012-2023",-1.89989029889681,0.739563971306456
2018,2,"Melanoma Cancer",NA,"ltr",0.0524686732198096,0,NA,NA,NA,NA,NA,NA,NA
2018,2,"Melanoma Cancer",NA,"Rates",62.1237645592108,0,59.3297833506562,56.701901649232,62.0794557158117,-0.588922765989164,"2012-2023",-1.89989029889681,0.739563971306456
2018,2,"Pancreatic Cancer",NA,"Counts",321,0,271.112280701756,246.671065463333,295.55349594018,0.897117190121888,"2005-2023",-1.06073093986927,2.89370796837112
2018,2,"Pancreatic Cancer",NA,"ltr",0.013442948962246,0,NA,NA,NA,NA,NA,NA,NA
2018,2,"Pancreatic Cancer",NA,"Rates",12.2887015713519,0,10.63972953014,9.31563686921337,12.1520241786853,0.897117190121888,"2005-2023",-1.06073093986927,2.89370796837112
2018,3,"All malignant neoplasms","*","Counts",20923,0,20724.4193673841,20558.8551063587,20889.9836284095,1.16936915549559,"2005-2023",1.06259355382545,1.27625756872844
2018,3,"All malignant neoplasms","*","Rates",454.443513440623,0,447.827950474792,444.63208780308,451.046783909291,1.16936915549559,"2005-2023",1.06259355382545,1.27625756872844
2018,3,"All malignant neoplasms",NA,"ltr",0.390224874947312,NA,NA,NA,NA,NA,NA,NA,NA
2018,3,"Colorectal Cancer",NA,"Counts",2264,0,2130.89122807018,2084.24541137618,2177.53704476417,-0.24541100885368,"2005-2023",-0.589340602087618,0.0997084725252506
2018,3,"Colorectal Cancer",NA,"ltr",0.0512045167801612,0,NA,NA,NA,NA,NA,NA,NA
2018,3,"Colorectal Cancer",NA,"Rates",46.1951629067851,0,43.6690964430595,42.6580689746913,44.7040860026887,-0.24541100885368,"2005-2023",-0.589340602087618,0.0997084725252506
2018,3,"Leukaemia",NA,"Counts",514,0,627.2701754386,584.695062943203,669.845287933997,-0.629778232872891,"2005-2023",-1.88329143937521,0.639749527948741
2018,3,"Leukaemia",NA,"ltr",0.0123539260273546,0,NA,NA,NA,NA,NA,NA,NA
2018,3,"Leukaemia",NA,"Rates",10.9250881341981,0,13.2226901039928,12.1318457508606,14.4116185761615,-0.629778232872891,"2005-2023",-1.88329143937521,0.639749527948741
2018,3,"Lung Cancer","*","Counts",2064,0,1943.50175438597,1900.81933554747,1986.18417322447,0.935068780092707,"2005-2023",0.38595570686335,1.48718551220111
2018,3,"Lung Cancer","*","Rates",38.2926844972565,0,35.0740730268491,33.8001020985743,36.3960616185427,0.935068780092707,"2005-2023",0.38595570686335,1.48718551220111
2018,3,"Lung Cancer",NA,"ltr",0.048108735105443,NA,NA,NA,NA,NA,NA,NA,NA
2018,3,"Lymphoma","*","Counts",981,0,906.940350877194,862.586770250899,951.293931503488,1.80330278966307,"2005-2023",0.493625904081041,3.13004795723011
2018,3,"Lymphoma","*","Rates",23.3835771281776,0,20.1884905341452,18.4911712868608,22.0416080584836,1.80330278966307,"2005-2023",0.493625904081041,3.13004795723011
2018,3,"Lymphoma",NA,"ltr",0.0230554351996142,NA,NA,NA,NA,NA,NA,NA,NA
2018,3,"Melanoma Cancer","*","Counts",2719,0,2704.41247318928,2636.93857641548,2771.88636996308,-2.26304462665309,"2017-2023",-4.44764129033706,-0.0285019161375688
2018,3,"Melanoma Cancer","*","Rates",67.0908934845989,0,69.0392057894739,66.2496163273811,71.9462572052868,-2.26304462665309,"2017-2023",-4.44764129033706,-0.0285019161375688
2018,3,"Melanoma Cancer",NA,"ltr",0.0625770895210191,NA,NA,NA,NA,NA,NA,NA,NA
2018,3,"Pancreatic Cancer","*","Counts",613,0,573.189473684222,541.803635475098,604.575311893347,2.50676895407362,"2005-2023",1.163490341541,3.86788401555433
2018,3,"Pancreatic Cancer","*","Rates",12.0443565925547,0,11.8491295739808,10.8350830812371,12.9580798419641,2.50676895407362,"2005-2023",1.163490341541,3.86788401555433
2018,3,"Pancreatic Cancer",NA,"ltr",0.0132778505516514,NA,NA,NA,NA,NA,NA,NA,NA
2019,1,"All malignant neoplasms","*","Counts",12077,0,12059.4316889787,11896.5967518822,12222.2666260752,1.2020153294249,"2005-2023",1.02423222833266,1.38011129437501
2019,1,"All malignant neoplasms","*","Rates",493.13942679313,0,489.613632651146,483.270709191305,496.039806921045,1.2020153294249,"2005-2023",1.02423222833266,1.38011129437501
2019,1,"All malignant neoplasms",NA,"ltr",0.438918649208998,NA,NA,NA,NA,NA,NA,NA,NA
2019,1,"Colorectal Cancer",NA,"Counts",1269,0,1166.02631578947,1123.36783565616,1208.68479592278,-0.353858585035838,"2005-2023",-1.04259986890383,0.339676322709437
2019,1,"Colorectal Cancer",NA,"ltr",0.0577757018208364,0,NA,NA,NA,NA,NA,NA,NA
2019,1,"Colorectal Cancer",NA,"Rates",52.2134618775663,0,48.3453386976609,45.9214363403347,50.8971835390658,-0.353858585035838,"2005-2023",-1.04259986890383,0.339676322709437
2019,1,"Leukaemia",NA,"Counts",353,0,394.929824561405,361.268770605793,428.590878517016,0.516500398362441,"2005-2023",-0.951904528355085,2.00667467883222
2019,1,"Leukaemia",NA,"ltr",0.0163229353702703,0,NA,NA,NA,NA,NA,NA,NA
2019,1,"Leukaemia",NA,"Rates",14.3999954809685,0,16.0554600517504,14.395412707222,17.9069404063718,0.516500398362441,"2005-2023",-0.951904528355085,2.00667467883222
2019,1,"Lung Cancer",NA,"Counts",1078,0,1103.90350877194,1080.34713637667,1127.4598811672,-0.225142056683547,"2005-2023",-0.696987769907031,0.248945666848455
2019,1,"Lung Cancer",NA,"ltr",0.0495125693581312,0,NA,NA,NA,NA,NA,NA,NA
2019,1,"Lung Cancer",NA,"Rates",37.3281178133086,0,38.1916583569277,36.8723503008118,39.5581718049628,-0.225142056683547,"2005-2023",-0.696987769907031,0.248945666848455
2019,1,"Lymphoma","*","Counts",497,0,539.298245614038,509.3080160958,569.288475132276,1.96880930478758,"2005-2023",0.933171283689282,3.01507362541757
2019,1,"Lymphoma","*","Rates",19.2008717389948,0,23.1707614449115,21.4813274320186,24.9930637497175,1.96880930478758,"2005-2023",0.933171283689282,3.01507362541757
2019,1,"Lymphoma",NA,"ltr",0.0227023058513407,NA,NA,NA,NA,NA,NA,NA,NA
2019,1,"Melanoma Cancer",NA,"Counts",1760,0,1651.6738492573,1609.83282359486,1693.51487491975,0.26006286726199,"2010-2023",-0.811925413103509,1.3436368032421
2019,1,"Melanoma Cancer",NA,"ltr",0.0805677473685245,0,NA,NA,NA,NA,NA,NA,NA
2019,1,"Melanoma Cancer",NA,"Rates",81.2348110386325,0,73.1089349569275,69.6877944315994,76.6980274541827,0.26006286726199,"2010-2023",-0.811925413103509,1.3436368032421
2019,1,"Pancreatic Cancer",NA,"Counts",318,0,315.201754385966,288.380979603613,342.022529168319,1.2531288476711,"2010-2023",-1.41090970740245,3.98915408404841
2019,1,"Pancreatic Cancer",NA,"ltr",0.0146988848729466,0,NA,NA,NA,NA,NA,NA,NA
2019,1,"Pancreatic Cancer",NA,"Rates",12.4449694934712,0,13.0390966776509,10.8777240294487,15.6299278883014,1.2531288476711,"2010-2023",-1.41090970740245,3.98915408404841
2019,1,"Prostate Cancer","*","Counts",3227,0,3462.35164129837,3271.49278957979,3653.21049301696,4.07000869628193,"2015-2023",1.03486687165351,7.19632781624258
2019,1,"Prostate Cancer","*","Rates",124.787268879428,0,135.924026498798,127.971782780429,144.370427435127,4.07000869628193,"2015-2023",1.03486687165351,7.19632781624258
2019,1,"Prostate Cancer",NA,"ltr",0.146389008395015,NA,NA,NA,NA,NA,NA,NA,NA
2019,2,"All malignant neoplasms",NA,"Counts",9471,0,9283.2982456141,9200.75247538023,9365.84401584797,0.341131637334224,"2017-2023",-0.632888975309087,1.32469983714263
2019,2,"All malignant neoplasms",NA,"ltr",0.350060095709096,0,NA,NA,NA,NA,NA,NA,NA
2019,2,"All malignant neoplasms",NA,"Rates",434.688399878752,0,421.554012957803,415.902472855156,427.282349683736,0.341131637334224,"2017-2023",-0.632888975309087,1.32469983714263
2019,2,"Breast (Female) Cancer","*","Counts",2554,0,2500.14912280702,2468.17069650437,2532.12754910968,0.88784025730746,"2005-2023",0.607939116878975,1.16852011012287
2019,2,"Breast (Female) Cancer","*","Rates",131.976698325059,0,126.069940507141,123.4989795905,128.694422837941,0.88784025730746,"2005-2023",0.607939116878975,1.16852011012287
2019,2,"Breast (Female) Cancer",NA,"ltr",0.113650135590462,NA,NA,NA,NA,NA,NA,NA,NA
2019,2,"Colorectal Cancer",NA,"Counts",971,0,983.929824561405,946.738280319463,1021.12136880335,-0.0677166427633824,"2005-2023",-0.915790707436481,0.787616193254892
2019,2,"Colorectal Cancer",NA,"ltr",0.0417826244305585,0,NA,NA,NA,NA,NA,NA,NA
2019,2,"Colorectal Cancer",NA,"Rates",39.7049985544133,0,38.7946015860006,36.4184330090493,41.3258064080503,-0.0677166427633824,"2005-2023",-0.915790707436481,0.787616193254892
2019,2,"Leukaemia","*","Counts",259,0,244.947368421053,222.758787747799,267.135949094308,-2.18001854228266,"2005-2023",-3.89066476934524,-0.43892459120719
2019,2,"Leukaemia","*","Rates",13.0428471298659,0,10.1441212575224,8.90003056441337,11.5621171570776,-2.18001854228266,"2005-2023",-3.89066476934524,-0.43892459120719
2019,2,"Leukaemia",NA,"ltr",0.0102244145676593,NA,NA,NA,NA,NA,NA,NA,NA
2019,2,"Lung Cancer","*","Counts",885,0,893.81578947368,857.456849886502,930.174729060857,2.54465572762086,"2005-2023",1.55046218313042,3.54858256906201
2019,2,"Lung Cancer","*","Rates",32.0035127527953,0,32.669397843401,30.3922079292465,35.1172102380676,2.54465572762086,"2005-2023",1.55046218313042,3.54858256906201
2019,2,"Lung Cancer",NA,"ltr",0.0410830528573604,NA,NA,NA,NA,NA,NA,NA,NA
2019,2,"Lymphoma",NA,"Counts",382,0,400.298245614038,366.765620868493,433.830870359583,1.71200253972468,"2005-2023",-0.49884007181491,3.9719684484854
2019,2,"Lymphoma",NA,"ltr",0.016227280612328,0,NA,NA,NA,NA,NA,NA,NA
2019,2,"Lymphoma",NA,"Rates",16.3512737692035,0,17.8396586446758,15.1567429879543,20.9974808447623,1.71200253972468,"2005-2023",-0.49884007181491,3.9719684484854
2019,2,"Melanoma Cancer",NA,"Counts",1207,0,1136.76315789474,1093.98148190322,1179.54483388626,-0.588922765989164,"2012-2023",-1.89989029889681,0.739563971306456
2019,2,"Melanoma Cancer",NA,"ltr",0.0557961903724756,0,NA,NA,NA,NA,NA,NA,NA
2019,2,"Melanoma Cancer",NA,"Rates",65.4508506007423,0,58.9803767494918,56.1075624931405,62.0002845772758,-0.588922765989164,"2012-2023",-1.89989029889681,0.739563971306456
2019,2,"Pancreatic Cancer",NA,"Counts",261,0,280.114035087721,253.388572905115,306.839497270328,0.897117190121888,"2005-2023",-1.06073093986927,2.89370796837112
2019,2,"Pancreatic Cancer",NA,"ltr",0.0107750323620163,0,NA,NA,NA,NA,NA,NA,NA
2019,2,"Pancreatic Cancer",NA,"Rates",11.1145383322608,0,10.7351803727373,9.28318594800692,12.414283014545,0.897117190121888,"2005-2023",-1.06073093986927,2.89370796837112
2019,3,"All malignant neoplasms","*","Counts",21548,0,21413.291483018,21252.6109625258,21573.9720035102,1.16936915549559,"2005-2023",1.06259355382545,1.27625756872844
2019,3,"All malignant neoplasms","*","Rates",462.219814282838,0,453.064712397332,449.530485606432,456.626725421668,1.16936915549559,"2005-2023",1.06259355382545,1.27625756872844
2019,3,"All malignant neoplasms",NA,"ltr",0.394876378895101,NA,NA,NA,NA,NA,NA,NA,NA
2019,3,"Colorectal Cancer",NA,"Counts",2240,0,2149.95614035088,2098.95086103595,2200.96141966581,-0.24541100885368,"2005-2023",-0.589340602087618,0.0997084725252506
2019,3,"Colorectal Cancer",NA,"ltr",0.0496157455576787,0,NA,NA,NA,NA,NA,NA,NA
2019,3,"Colorectal Cancer",NA,"Rates",45.7519191861626,0,43.5619276729212,42.4603253800442,44.6921102369293,-0.24541100885368,"2005-2023",-0.589340602087618,0.0997084725252506
2019,3,"Leukaemia",NA,"Counts",612,0,639.877192982458,593.323061045221,686.431324919695,-0.629778232872891,"2005-2023",-1.88329143937521,0.639749527948741
2019,3,"Leukaemia",NA,"ltr",0.0131749439046114,0,NA,NA,NA,NA,NA,NA,NA
2019,3,"Leukaemia",NA,"Rates",13.6229908805245,0,13.1394164799176,11.9588230319675,14.4365599333003,-0.629778232872891,"2005-2023",-1.88329143937521,0.639749527948741
2019,3,"Lung Cancer","*","Counts",1963,0,1997.71929824563,1951.04783124193,2044.39076524933,0.935068780092707,"2005-2023",0.38595570686335,1.48718551220111
2019,3,"Lung Cancer","*","Rates",34.6032013717278,0,35.4020397336302,33.998392354245,36.8636376756516,0.935068780092707,"2005-2023",0.38595570686335,1.48718551220111
2019,3,"Lung Cancer",NA,"ltr",0.0452125088122385,NA,NA,NA,NA,NA,NA,NA,NA
2019,3,"Lymphoma","*","Counts",879,0,939.596491228061,891.097677640931,988.095304815192,1.80330278966307,"2005-2023",0.493625904081041,3.13004795723011
2019,3,"Lymphoma","*","Rates",17.6535421006078,0,20.5525501471384,18.6707525873197,22.6240113019074,1.80330278966307,"2005-2023",0.493625904081041,3.13004795723011
2019,3,"Lymphoma",NA,"ltr",0.0193651149718214,NA,NA,NA,NA,NA,NA,NA,NA
2019,3,"Melanoma Cancer","*","Counts",2967,0,2757.0740801848,2682.70365398552,2831.44450638409,-2.26304462665309,"2017-2023",-4.44764129033706,-0.0285019161375688
2019,3,"Melanoma Cancer","*","Rates",72.9656652375644,0,67.476817752571,65.0677505216333,69.9750782455572,-2.26304462665309,"2017-2023",-4.44764129033706,-0.0285019161375688
2019,3,"Melanoma Cancer",NA,"ltr",0.067922560051509,NA,NA,NA,NA,NA,NA,NA,NA
2019,3,"Pancreatic Cancer","*","Counts",579,0,595.315789473694,560.996668106574,629.634910840815,2.50676895407362,"2005-2023",1.163490341541,3.86788401555433
2019,3,"Pancreatic Cancer","*","Rates",11.7532356786899,0,12.1461598754693,11.0142143147139,13.3944369979596,2.50676895407362,"2005-2023",1.163490341541,3.86788401555433
2019,3,"Pancreatic Cancer",NA,"ltr",0.0126939579675721,NA,NA,NA,NA,NA,NA,NA,NA
2020,1,"All malignant neoplasms","*","Counts",12108,0,12553.5936181919,12380.0323292002,12727.1549071836,1.2020153294249,"2005-2023",1.02423222833266,1.38011129437501
2020,1,"All malignant neoplasms","*","Rates",480.667760851601,0,495.498863570568,488.471383606209,502.627445618502,1.2020153294249,"2005-2023",1.02423222833266,1.38011129437501
2020,1,"All malignant neoplasms",NA,"ltr",0.435594004163429,NA,NA,NA,NA,NA,NA,NA,NA
2020,1,"Colorectal Cancer",NA,"Counts",1154,0,1174.82105263158,1128.09102895577,1221.55107630738,-0.353858585035838,"2005-2023",-1.04259986890383,0.339676322709437
2020,1,"Colorectal Cancer",NA,"ltr",0.0527716817299995,0,NA,NA,NA,NA,NA,NA,NA
2020,1,"Colorectal Cancer",NA,"Rates",49.8535720047779,0,48.1742645662145,45.5348371443473,50.9666864326039,-0.353858585035838,"2005-2023",-1.04259986890383,0.339676322709437
2020,1,"Leukaemia",NA,"Counts",408,0,404.989473684211,368.115636562436,441.863310805985,0.516500398362441,"2005-2023",-0.951904528355085,2.00667467883222
2020,1,"Leukaemia",NA,"ltr",0.0175992198702992,0,NA,NA,NA,NA,NA,NA,NA
2020,1,"Leukaemia",NA,"Rates",15.6072935654585,0,16.1383865668766,14.3198184516056,18.1879066317869,0.516500398362441,"2005-2023",-0.951904528355085,2.00667467883222
2020,1,"Lung Cancer",NA,"Counts",1106,0,1123.66315789474,1097.85844482698,1149.4678709625,-0.225142056683547,"2005-2023",-0.696987769907031,0.248945666848455
2020,1,"Lung Cancer",NA,"ltr",0.0503827909097462,0,NA,NA,NA,NA,NA,NA,NA
2020,1,"Lung Cancer",NA,"Rates",39.2161020378583,0,38.1056728718214,36.6660994669351,39.6017663761506,-0.225142056683547,"2005-2023",-0.696987769907031,0.248945666848455
2020,1,"Lymphoma","*","Counts",594,0,560.010526315797,527.157875892004,592.86317673959,1.96880930478758,"2005-2023",0.933171283689282,3.01507362541757
2020,1,"Lymphoma","*","Rates",23.7043296346913,0,23.6269495522291,21.746546850427,25.6699488421361,1.96880930478758,"2005-2023",0.933171283689282,3.01507362541757
2020,1,"Lymphoma",NA,"ltr",0.0266948578565391,NA,NA,NA,NA,NA,NA,NA,NA
2020,1,"Melanoma Cancer",NA,"Counts",1617,0,1663.54832202459,1618.95112147169,1708.1455225775,0.26006286726199,"2010-2023",-0.811925413103509,1.3436368032421
2020,1,"Melanoma Cancer",NA,"ltr",0.0749226416334838,0,NA,NA,NA,NA,NA,NA,NA
2020,1,"Melanoma Cancer",NA,"Rates",70.6486487133255,0,73.2990641494011,69.4591790830364,77.3512281041364,0.26006286726199,"2010-2023",-0.811925413103509,1.3436368032421
2020,1,"Pancreatic Cancer",NA,"Counts",374,0,328.326315789476,298.945629073355,357.707002505598,1.2531288476711,"2010-2023",-1.41090970740245,3.98915408404841
2020,1,"Pancreatic Cancer",NA,"ltr",0.0178052813148616,0,NA,NA,NA,NA,NA,NA,NA
2020,1,"Pancreatic Cancer",NA,"Rates",14.4836761488722,0,13.2024933595943,10.7717011895636,16.181829391908,1.2531288476711,"2010-2023",-1.41090970740245,3.98915408404841
2020,1,"Prostate Cancer","*","Counts",3366,0,3779.0784889052,3575.64727868443,3982.50969912597,4.07000869628193,"2015-2023",1.03486687165351,7.19632781624258
2020,1,"Prostate Cancer","*","Rates",126.294626848086,0,141.456146197635,132.059526716745,151.521376719803,4.07000869628193,"2015-2023",1.03486687165351,7.19632781624258
2020,1,"Prostate Cancer",NA,"ltr",0.151224899199947,NA,NA,NA,NA,NA,NA,NA,NA
2020,2,"All malignant neoplasms",NA,"Counts",9535,0,9527.32631578954,9436.90195502208,9617.750676557,0.341131637334224,"2017-2023",-0.632888975309087,1.32469983714263
2020,2,"All malignant neoplasms",NA,"ltr",0.346929461738329,0,NA,NA,NA,NA,NA,NA,NA
2020,2,"All malignant neoplasms",NA,"Rates",421.257969680899,0,422.992067064453,416.95037662141,429.121302753781,0.341131637334224,"2017-2023",-0.632888975309087,1.32469983714263
2020,2,"Breast (Female) Cancer","*","Counts",2551,0,2563.0947368421,2528.06412596314,2598.12534772107,0.88784025730746,"2005-2023",0.607939116878975,1.16852011012287
2020,2,"Breast (Female) Cancer","*","Rates",126.025241789923,0,127.189240191327,124.35067136415,130.092605395541,0.88784025730746,"2005-2023",0.607939116878975,1.16852011012287
2020,2,"Breast (Female) Cancer",NA,"ltr",0.110149218245996,NA,NA,NA,NA,NA,NA,NA,NA
2020,2,"Colorectal Cancer",NA,"Counts",902,0,994.200000000001,953.458704540475,1034.94129545953,-0.0677166427633824,"2005-2023",-0.915790707436481,0.787616193254892
2020,2,"Colorectal Cancer",NA,"ltr",0.036355962942657,0,NA,NA,NA,NA,NA,NA,NA
2020,2,"Colorectal Cancer",NA,"Rates",34.3331403607733,0,38.7683311842331,36.1748795490593,41.5477127096465,-0.0677166427633824,"2005-2023",-0.915790707436481,0.787616193254892
2020,2,"Leukaemia","*","Counts",300,0,247.494736842105,223.188364534575,271.801109149635,-2.18001854228266,"2005-2023",-3.89066476934524,-0.43892459120719
2020,2,"Leukaemia","*","Rates",10.8360077089672,0,9.92297753315684,8.59796361259092,11.4521865362796,-2.18001854228266,"2005-2023",-3.89066476934524,-0.43892459120719
2020,2,"Leukaemia",NA,"ltr",0.0122345593886177,NA,NA,NA,NA,NA,NA,NA,NA
2020,2,"Lung Cancer","*","Counts",980,0,928.273684210522,888.444461452792,968.102906968253,2.54465572762086,"2005-2023",1.55046218313042,3.54858256906201
2020,2,"Lung Cancer","*","Rates",37.9788116747863,0,33.5007215468024,30.9514017573281,36.2600166853727,2.54465572762086,"2005-2023",1.55046218313042,3.54858256906201
2020,2,"Lung Cancer",NA,"ltr",0.0438190864400752,NA,NA,NA,NA,NA,NA,NA,NA
2020,2,"Lymphoma",NA,"Counts",510,0,412.242105263162,375.508955292179,448.975255234144,1.71200253972468,"2005-2023",-0.49884007181491,3.9719684484854
2020,2,"Lymphoma",NA,"ltr",0.0225626513430783,0,NA,NA,NA,NA,NA,NA,NA
2020,2,"Lymphoma",NA,"Rates",23.3513779218996,0,18.1450740537509,15.1782752291324,21.6917737651884,1.71200253972468,"2005-2023",-0.49884007181491,3.9719684484854
2020,2,"Melanoma Cancer",NA,"Counts",1180,0,1166.35789473684,1119.49291675997,1213.22287271372,-0.588922765989164,"2012-2023",-1.89989029889681,0.739563971306456
2020,2,"Melanoma Cancer",NA,"ltr",0.0527847670815096,0,NA,NA,NA,NA,NA,NA,NA
2020,2,"Melanoma Cancer",NA,"Rates",58.9932991331336,0,58.6330278833483,55.4012246421249,62.0533567800505,-0.588922765989164,"2012-2023",-1.89989029889681,0.739563971306456
2020,2,"Pancreatic Cancer",NA,"Counts",345,0,289.115789473686,259.839512479356,318.392066468016,0.897117190121888,"2005-2023",-1.06073093986927,2.89370796837112
2020,2,"Pancreatic Cancer",NA,"ltr",0.014401498443446,0,NA,NA,NA,NA,NA,NA,NA
2020,2,"Pancreatic Cancer",NA,"Rates",15.6420828037612,0,10.8314875212518,9.23744886278732,12.7005977154208,0.897117190121888,"2005-2023",-1.06073093986927,2.89370796837112
2020,3,"All malignant neoplasms","*","Counts",21643,0,22102.163598652,21922.124359164,22282.2028381399,1.16936915549559,"2005-2023",1.06259355382545,1.27625756872844
2020,3,"All malignant neoplasms","*","Rates",449.491468296076,0,458.362711398542,454.447348754343,462.311807465717,1.16936915549559,"2005-2023",1.06259355382545,1.27625756872844
2020,3,"All malignant neoplasms",NA,"ltr",0.391699973794841,NA,NA,NA,NA,NA,NA,NA,NA
2020,3,"Colorectal Cancer",NA,"Counts",2056,0,2169.02105263158,2113.1475685663,2224.89453669686,-0.24541100885368,"2005-2023",-0.589340602087618,0.0997084725252506
2020,3,"Colorectal Cancer",NA,"ltr",0.0444668969859496,0,NA,NA,NA,NA,NA,NA,NA
2020,3,"Colorectal Cancer",NA,"Rates",41.9998572985434,0,43.455021906743,42.2527024997183,44.6915538462446,-0.24541100885368,"2005-2023",-0.589340602087618,0.0997084725252506
2020,3,"Leukaemia",NA,"Counts",708,0,652.484210526316,601.486714112123,703.48170694051,-0.629778232872891,"2005-2023",-1.88329143937521,0.639749527948741
2020,3,"Leukaemia",NA,"ltr",0.0148794336006433,0,NA,NA,NA,NA,NA,NA,NA
2020,3,"Leukaemia",NA,"Rates",13.2040081993468,0,13.0566672950006,11.7772033219145,14.4751309960933,-0.629778232872891,"2005-2023",-1.88329143937521,0.639749527948741
2020,3,"Lung Cancer","*","Counts",2086,0,2051.93684210528,2000.81081156571,2103.06287264485,0.935068780092707,"2005-2023",0.38595570686335,1.48718551220111
2020,3,"Lung Cancer","*","Rates",38.5225357875868,0,35.7330731546954,34.1840490783565,37.3522900740055,0.935068780092707,"2005-2023",0.38595570686335,1.48718551220111
2020,3,"Lung Cancer",NA,"ltr",0.0470105652937818,NA,NA,NA,NA,NA,NA,NA,NA
2020,3,"Lymphoma","*","Counts",1104,0,972.252631578944,919.124843151124,1025.38042000676,1.80330278966307,"2005-2023",0.493625904081041,3.13004795723011
2020,3,"Lymphoma","*","Rates",23.4673692667025,0,20.9231748572886,18.8340300565924,23.2440558283722,1.80330278966307,"2005-2023",0.493625904081041,3.13004795723011
2020,3,"Lymphoma",NA,"ltr",0.0245663568687261,NA,NA,NA,NA,NA,NA,NA,NA
2020,3,"Melanoma Cancer","*","Counts",2797,0,2809.73568718035,2725.29374448929,2894.17762987142,-2.26304462665309,"2017-2023",-4.44764129033706,-0.0285019161375688
2020,3,"Melanoma Cancer","*","Rates",64.6277478783899,0,65.9497872541852,63.4431226251649,68.555491263715,-2.26304462665309,"2017-2023",-4.44764129033706,-0.0285019161375688
2020,3,"Melanoma Cancer",NA,"ltr",0.0636549604594446,NA,NA,NA,NA,NA,NA,NA,NA
2020,3,"Pancreatic Cancer","*","Counts",719,0,617.442105263166,579.847391410106,655.036819116226,2.50676895407362,"2005-2023",1.163490341541,3.86788401555433
2020,3,"Pancreatic Cancer","*","Rates",14.9624202168466,0,12.4506360403397,11.1853875672099,13.8590046055663,2.50676895407362,"2005-2023",1.163490341541,3.86788401555433
2020,3,"Pancreatic Cancer",NA,"ltr",0.0160173782739388,NA,NA,NA,NA,NA,NA,NA,NA
2021,1,"All malignant neoplasms","*","Counts",12517,0,13047.7555474051,12835.7355301212,13259.7755646891,1.2020153294249,"2005-2023",1.02423222833266,1.38011129437501
2021,1,"All malignant neoplasms","*","Rates",487.08992988827,0,501.454835867811,493.67913890869,509.353003999876,1.2020153294249,"2005-2023",1.02423222833266,1.38011129437501
2021,1,"All malignant neoplasms",NA,"ltr",0.440163254347161,NA,NA,NA,NA,NA,NA,NA,NA
2021,1,"Colorectal Cancer",NA,"Counts",1121,0,1183.61578947368,1132.49028823045,1234.74129071692,-0.353858585035838,"2005-2023",-1.04259986890383,0.339676322709437
2021,1,"Colorectal Cancer",NA,"ltr",0.0488650048041885,0,NA,NA,NA,NA,NA,NA,NA
2021,1,"Colorectal Cancer",NA,"Rates",47.7395591409758,0,48.0037957952691,45.133859838218,51.0562229557559,-0.353858585035838,"2005-2023",-1.04259986890383,0.339676322709437
2021,1,"Leukaemia",NA,"Counts",423,0,415.04912280702,374.706891895885,455.391353718156,0.516500398362441,"2005-2023",-0.951904528355085,2.00667467883222
2021,1,"Leukaemia",NA,"ltr",0.0198101153336762,0,NA,NA,NA,NA,NA,NA,NA
2021,1,"Leukaemia",NA,"Rates",14.7853906037893,0,16.2217413977838,14.2328205739422,18.4885977174717,0.516500398362441,"2005-2023",-0.951904528355085,2.00667467883222
2021,1,"Lung Cancer",NA,"Counts",1153,0,1143.42280701755,1115.19087417755,1171.65473985755,-0.225142056683547,"2005-2023",-0.696987769907031,0.248945666848455
2021,1,"Lung Cancer",NA,"ltr",0.0515368646665142,0,NA,NA,NA,NA,NA,NA,NA
2021,1,"Lung Cancer",NA,"Rates",35.998253813746,0,38.0198809762047,36.451270127398,39.6559939994594,-0.225142056683547,"2005-2023",-0.696987769907031,0.248945666848455
2021,1,"Lymphoma","*","Counts",519,0,580.722807017548,544.78000006034,616.665613974756,1.96880930478758,"2005-2023",0.933171283689282,3.01507362541757
2021,1,"Lymphoma","*","Rates",22.9373929363736,0,24.0921191334507,22.002388118874,26.380327499199,1.96880930478758,"2005-2023",0.933171283689282,3.01507362541757
2021,1,"Lymphoma",NA,"ltr",0.0239295162154576,NA,NA,NA,NA,NA,NA,NA,NA
2021,1,"Melanoma Cancer",NA,"Counts",1617,0,1675.42279479187,1620.94348499317,1729.90210459056,0.26006286726199,"2010-2023",-0.811925413103509,1.3436368032421
2021,1,"Melanoma Cancer",NA,"ltr",0.0718137148099226,0,NA,NA,NA,NA,NA,NA,NA
2021,1,"Melanoma Cancer",NA,"Rates",68.1947640538454,0,73.4896877973045,69.1697493456027,78.0794243674476,0.26006286726199,"2010-2023",-0.811925413103509,1.3436368032421
2021,1,"Pancreatic Cancer",NA,"Counts",315,0,341.450877192983,309.306610679163,373.595143706803,1.2531288476711,"2010-2023",-1.41090970740245,3.98915408404841
2021,1,"Pancreatic Cancer",NA,"ltr",0.0142829843360042,0,NA,NA,NA,NA,NA,NA,NA
2021,1,"Pancreatic Cancer",NA,"Rates",14.139792768295,0,13.3679376124952,10.6308858238918,16.8096769142183,1.2531288476711,"2010-2023",-1.41090970740245,3.98915408404841
2021,1,"Prostate Cancer","*","Counts",3557,0,4095.80533651202,3847.29664567629,4344.31402734776,4.07000869628193,"2015-2023",1.03486687165351,7.19632781624258
2021,1,"Prostate Cancer","*","Rates",131.585523185417,0,147.213423649304,135.664905436837,159.745013146672,4.07000869628193,"2015-2023",1.03486687165351,7.19632781624258
2021,1,"Prostate Cancer",NA,"ltr",0.157640473923668,NA,NA,NA,NA,NA,NA,NA,NA
2021,2,"All malignant neoplasms",NA,"Counts",9797,0,9771.35438596498,9672.42461009095,9870.28416183901,0.341131637334224,"2017-2023",-0.632888975309087,1.32469983714263
2021,2,"All malignant neoplasms",NA,"ltr",0.35324221859144,0,NA,NA,NA,NA,NA,NA,NA
2021,2,"All malignant neoplasms",NA,"Rates",433.050216770234,0,424.435026828624,417.041169115711,431.959972635298,0.341131637334224,"2017-2023",-0.632888975309087,1.32469983714263
2021,2,"Breast (Female) Cancer","*","Counts",2595,0,2626.0403508772,2587.71472210225,2664.36597965215,0.88784025730746,"2005-2023",0.607939116878975,1.16852011012287
2021,2,"Breast (Female) Cancer","*","Rates",127.010572778382,0,128.318477468709,125.188648232545,131.526555261638,0.88784025730746,"2005-2023",0.607939116878975,1.16852011012287
2021,2,"Breast (Female) Cancer",NA,"ltr",0.11280789386657,NA,NA,NA,NA,NA,NA,NA,NA
2021,2,"Colorectal Cancer",NA,"Counts",952,0,1004.4701754386,959.89670879288,1049.04364208431,-0.0677166427633824,"2005-2023",-0.915790707436481,0.787616193254892
2021,2,"Colorectal Cancer",NA,"ltr",0.0383878544684952,0,NA,NA,NA,NA,NA,NA,NA
2021,2,"Colorectal Cancer",NA,"Rates",40.000123641804,0,38.7420785718998,35.915712453015,41.7908639299527,-0.0677166427633824,"2005-2023",-0.915790707436481,0.787616193254892
2021,2,"Leukaemia","*","Counts",216,0,250.042105263158,223.449448767874,276.634761758442,-2.18001854228266,"2005-2023",-3.89066476934524,-0.43892459120719
2021,2,"Leukaemia","*","Rates",8.92937778801596,0,9.70665478298744,8.29790031913049,11.3545768751734,-2.18001854228266,"2005-2023",-3.89066476934524,-0.43892459120719
2021,2,"Leukaemia",NA,"ltr",0.0094053568840371,NA,NA,NA,NA,NA,NA,NA,NA
2021,2,"Lung Cancer","*","Counts",978,0,962.731578947365,919.155975567738,1006.30718232699,2.54465572762086,"2005-2023",1.55046218313042,3.54858256906201
2021,2,"Lung Cancer","*","Rates",35.1838203227933,0,34.3531995764374,31.5035947881191,37.4605605828705,2.54465572762086,"2005-2023",1.55046218313042,3.54858256906201
2021,2,"Lung Cancer",NA,"ltr",0.0435234137214069,NA,NA,NA,NA,NA,NA,NA,NA
2021,2,"Lymphoma",NA,"Counts",421,0,424.185964912282,383.997654340511,464.374275484052,1.71200253972468,"2005-2023",-0.49884007181491,3.9719684484854
2021,2,"Lymphoma",NA,"ltr",0.018712858818394,0,NA,NA,NA,NA,NA,NA,NA
2021,2,"Lymphoma",NA,"Rates",18.6232918107256,0,18.455718182386,15.1810383262911,22.4367745016338,1.71200253972468,"2005-2023",-0.49884007181491,3.9719684484854
2021,2,"Melanoma Cancer",NA,"Counts",1025,0,1195.95263157895,1144.67948208424,1247.22578107365,-0.588922765989164,"2012-2023",-1.89989029889681,0.739563971306456
2021,2,"Melanoma Cancer",NA,"ltr",0.0463632230855606,0,NA,NA,NA,NA,NA,NA,NA
2021,2,"Melanoma Cancer",NA,"Rates",51.2673867852144,0,58.2877246337541,54.6234739750257,62.197780473166,-0.588922765989164,"2012-2023",-1.89989029889681,0.739563971306456
2021,2,"Pancreatic Cancer",NA,"Counts",329,0,298.117543859651,266.087507961212,330.14757975809,0.897117190121888,"2005-2023",-1.06073093986927,2.89370796837112
2021,2,"Pancreatic Cancer",NA,"ltr",0.0130552893320864,0,NA,NA,NA,NA,NA,NA,NA
2021,2,"Pancreatic Cancer",NA,"Rates",11.1585880461342,0,10.9286586577508,9.18179921150922,13.0078623270177,0.897117190121888,"2005-2023",-1.06073093986927,2.89370796837112
2021,3,"All malignant neoplasms","*","Counts",22314,0,22791.0357142859,22573.7819023558,23008.289526216,1.16936915549559,"2005-2023",1.06259355382545,1.27625756872844
2021,3,"All malignant neoplasms","*","Rates",458.533541212853,0,463.72266356593,459.390671494224,468.095505738592,1.16936915549559,"2005-2023",1.06259355382545,1.27625756872844
2021,3,"All malignant neoplasms",NA,"ltr",0.397133976730985,NA,NA,NA,NA,NA,NA,NA,NA
2021,3,"Colorectal Cancer",NA,"Counts",2073,0,2188.08596491229,2126.95695931064,2249.21497051393,-0.24541100885368,"2005-2023",-0.589340602087618,0.0997084725252506
2021,3,"Colorectal Cancer",NA,"ltr",0.0435296093101625,0,NA,NA,NA,NA,NA,NA,NA
2021,3,"Colorectal Cancer",NA,"Rates",43.7589864693517,0,43.3483784990841,42.0379176978592,44.6996906936603,-0.24541100885368,"2005-2023",-0.589340602087618,0.0997084725252506
2021,3,"Leukaemia",NA,"Counts",639,0,665.091228070178,609.296850896008,720.885605244348,-0.629778232872891,"2005-2023",-1.88329143937521,0.639749527948741
2021,3,"Leukaemia",NA,"ltr",0.0145210537360969,0,NA,NA,NA,NA,NA,NA,NA
2021,3,"Leukaemia",NA,"Rates",11.7943056488321,0,12.974439246438,11.5900529352527,14.5241850662731,-0.629778232872891,"2005-2023",-1.88329143937521,0.639749527948741
2021,3,"Lung Cancer","*","Counts",2131,0,2106.15438596492,2050.21938460378,2162.08938732607,0.935068780092707,"2005-2023",0.38595570686335,1.48718551220111
2021,3,"Lung Cancer","*","Rates",35.4696265975647,0,36.0672019659326,34.3601621983002,37.859048806112,0.935068780092707,"2005-2023",0.38595570686335,1.48718551220111
2021,3,"Lung Cancer",NA,"ltr",0.0474039678850574,NA,NA,NA,NA,NA,NA,NA,NA
2021,3,"Lymphoma","*","Counts",940,0,1004.90877192983,946.78372512564,1063.03381873401,1.80330278966307,"2005-2023",0.493625904081041,3.13004795723011
2021,3,"Lymphoma","*","Rates",20.72418076496,0,21.3004830531762,18.984886676235,23.8985139093086,1.80330278966307,"2005-2023",0.493625904081041,3.13004795723011
2021,3,"Lymphoma",NA,"ltr",0.0212697716431219,NA,NA,NA,NA,NA,NA,NA,NA
2021,3,"Melanoma Cancer","*","Counts",2642,0,2862.39729417591,2765.69584163783,2959.09874671399,-2.26304462665309,"2017-2023",-4.44764129033706,-0.0285019161375688
2021,3,"Melanoma Cancer","*","Rates",59.5432850678978,0,64.45731413744,61.4772343247572,67.5818519074057,-2.26304462665309,"2017-2023",-4.44764129033706,-0.0285019161375688
2021,3,"Melanoma Cancer",NA,"ltr",0.0589255351505122,NA,NA,NA,NA,NA,NA,NA,NA
2021,3,"Pancreatic Cancer","*","Counts",644,0,639.568421052638,598.437506949788,680.699335155488,2.50676895407362,"2005-2023",1.163490341541,3.86788401555433
2021,3,"Pancreatic Cancer","*","Rates",12.6930935388492,0,12.7627447191837,11.3507858601559,14.3503414454171,2.50676895407362,"2005-2023",1.163490341541,3.86788401555433
2021,3,"Pancreatic Cancer",NA,"ltr",0.0136981875687315,NA,NA,NA,NA,NA,NA,NA,NA
2022,1,"All malignant neoplasms","*","Counts",13840,0,13541.9174766185,13275.4552526222,13808.3797006148,1.2020153294249,"2005-2023",1.02423222833266,1.38011129437501
2022,1,"All malignant neoplasms","*","Rates",524.48069872233,0,507.482399865085,498.904686469447,516.207590662907,1.2020153294249,"2005-2023",1.02423222833266,1.38011129437501
2022,1,"All malignant neoplasms",NA,"ltr",0.473666937900743,NA,NA,NA,NA,NA,NA,NA,NA
2022,1,"Colorectal Cancer",NA,"Counts",1098,0,1192.41052631579,1136.64215516173,1248.17889746985,-0.353858585035838,"2005-2023",-1.04259986890383,0.339676322709437
2022,1,"Colorectal Cancer",NA,"ltr",0.0475221092807463,0,NA,NA,NA,NA,NA,NA,NA
2022,1,"Colorectal Cancer",NA,"Rates",46.056627276711,0,47.8339302427045,44.7230703325198,51.1611762218428,-0.353858585035838,"2005-2023",-1.04259986890383,0.339676322709437
2022,1,"Leukaemia",NA,"Counts",407,0,425.108771929827,381.102934296447,469.114609563206,0.516500398362441,"2005-2023",-0.951904528355085,2.00667467883222
2022,1,"Leukaemia",NA,"ltr",0.0191503415212063,0,NA,NA,NA,NA,NA,NA,NA
2022,1,"Leukaemia",NA,"Rates",16.2725052818832,0,16.3055267567246,14.137400283233,18.8061593707285,0.516500398362441,"2005-2023",-0.951904528355085,2.00667467883222
2022,1,"Lung Cancer",NA,"Counts",1153,0,1163.18245614036,1132.38669139025,1193.97822089046,-0.225142056683547,"2005-2023",-0.696987769907031,0.248945666848455
2022,1,"Lung Cancer",NA,"ltr",0.0507688051723255,0,NA,NA,NA,NA,NA,NA,NA
2022,1,"Lung Cancer",NA,"Rates",37.2351134824258,0,37.9342822342262,36.2303121771623,39.7183927532649,-0.225142056683547,"2005-2023",-0.696987769907031,0.248945666848455
2022,1,"Lymphoma","*","Counts",592,0,601.435087719299,562.22819976779,640.641975670808,1.96880930478758,"2005-2023",0.933171283689282,3.01507362541757
2022,1,"Lymphoma","*","Rates",22.1339797556011,0,24.5664470166706,22.2514675439865,27.1222703774424,1.96880930478758,"2005-2023",0.933171283689282,3.01507362541757
2022,1,"Lymphoma",NA,"ltr",0.0257389861092293,NA,NA,NA,NA,NA,NA,NA,NA
2022,1,"Melanoma Cancer",NA,"Counts",1635,0,1687.29726755915,1618.82883596149,1755.76569915682,0.26006286726199,"2010-2023",-0.811925413103509,1.3436368032421
2022,1,"Melanoma Cancer",NA,"ltr",0.0729322771783248,0,NA,NA,NA,NA,NA,NA,NA
2022,1,"Melanoma Cancer",NA,"Rates",68.0826191668644,0,73.6808071865319,68.8385393628534,78.863691732954,0.26006286726199,"2010-2023",-0.811925413103509,1.3436368032421
2022,1,"Pancreatic Cancer",NA,"Counts",321,0,354.575438596494,319.512048667288,389.6388285257,1.2531288476711,"2010-2023",-1.41090970740245,3.98915408404841
2022,1,"Pancreatic Cancer",NA,"ltr",0.0140785468166912,0,NA,NA,NA,NA,NA,NA,NA
2022,1,"Pancreatic Cancer",NA,"Rates",12.8810575402552,0,13.5354550950561,10.4671723298677,17.5031554708907,1.2531288476711,"2010-2023",-1.41090970740245,3.98915408404841
2022,1,"Prostate Cancer","*","Counts",5067,0,4412.53218411883,4100.21177545756,4724.85259278011,4.07000869628193,"2015-2023",1.03486687165351,7.19632781624258
2022,1,"Prostate Cancer","*","Rates",183.433571301657,0,153.205022793925,138.989514384272,168.874458719191,4.07000869628193,"2015-2023",1.03486687165351,7.19632781624258
2022,1,"Prostate Cancer",NA,"ltr",0.215511489997131,NA,NA,NA,NA,NA,NA,NA,NA
2022,2,"All malignant neoplasms",NA,"Counts",9645,0,10015.3824561404,9907.46855163154,10123.2963606493,0.341131637334224,"2017-2023",-0.632888975309087,1.32469983714263
2022,2,"All malignant neoplasms",NA,"ltr",0.342323787983337,0,NA,NA,NA,NA,NA,NA,NA
2022,2,"All malignant neoplasms",NA,"Rates",409.998330715406,0,425.882908985065,416.579712344879,435.393867705739,0.341131637334224,"2017-2023",-0.632888975309087,1.32469983714263
2022,2,"Breast (Female) Cancer","*","Counts",2624,0,2688.98596491228,2647.17986349011,2730.79206633446,0.88784025730746,"2005-2023",0.607939116878975,1.16852011012287
2022,2,"Breast (Female) Cancer","*","Rates",126.469473740325,0,129.45774056924,126.017213392408,132.992201161484,0.88784025730746,"2005-2023",0.607939116878975,1.16852011012287
2022,2,"Breast (Female) Cancer",NA,"ltr",0.112163334060127,NA,NA,NA,NA,NA,NA,NA,NA
2022,2,"Colorectal Cancer",NA,"Counts",1024,0,1014.74035087719,966.119025490182,1063.3616762642,-0.0677166427633824,"2005-2023",-0.915790707436481,0.787616193254892
2022,2,"Colorectal Cancer",NA,"ltr",0.0394248128391388,0,NA,NA,NA,NA,NA,NA,NA
2022,2,"Colorectal Cancer",NA,"Rates",39.5195343314689,0,38.7158437369542,35.645333720865,42.0508492921435,-0.0677166427633824,"2005-2023",-0.915790707436481,0.787616193254892
2022,2,"Leukaemia","*","Counts",231,0,252.589473684211,223.581853194669,281.597094173753,-2.18001854228266,"2005-2023",-3.89066476934524,-0.43892459120719
2022,2,"Leukaemia","*","Rates",7.5055485305078,0,9.49504790888297,8.00223473724664,11.2663446839855,-2.18001854228266,"2005-2023",-3.89066476934524,-0.43892459120719
2022,2,"Leukaemia",NA,"ltr",0.00897717845331658,NA,NA,NA,NA,NA,NA,NA,NA
2022,2,"Lung Cancer","*","Counts",992,0,997.189473684208,949.65663071069,1044.72231665773,2.54465572762086,"2005-2023",1.55046218313042,3.54858256906201
2022,2,"Lung Cancer","*","Rates",32.3586156785355,0,35.2273702370803,32.0522059943035,38.7170734532556,2.54465572762086,"2005-2023",1.55046218313042,3.54858256906201
2022,2,"Lung Cancer",NA,"ltr",0.0420075028137233,NA,NA,NA,NA,NA,NA,NA,NA
2022,2,"Lymphoma",NA,"Counts",391,0,436.129824561405,392.291885264573,479.967763858237,1.71200253972468,"2005-2023",-0.49884007181491,3.9719684484854
2022,2,"Lymphoma",NA,"ltr",0.0167666235261645,0,NA,NA,NA,NA,NA,NA,NA
2022,2,"Lymphoma",NA,"Rates",15.4783890936435,0,18.7716805463929,15.1694573926396,23.2293075101554,1.71200253972468,"2005-2023",-0.49884007181491,3.9719684484854
2022,2,"Melanoma Cancer",NA,"Counts",1186,0,1225.54736842105,1169.61794060666,1281.47679623545,-0.588922765989164,"2012-2023",-1.89989029889681,0.739563971306456
2022,2,"Melanoma Cancer",NA,"ltr",0.051235353158894,0,NA,NA,NA,NA,NA,NA,NA
2022,2,"Melanoma Cancer",NA,"Rates",58.0377063072368,0,57.9444549536093,53.8038142633143,62.4037515897861,-0.588922765989164,"2012-2023",-1.89989029889681,0.739563971306456
2022,2,"Pancreatic Cancer",NA,"Counts",305,0,307.119298245616,272.180512578486,342.058083912746,0.897117190121888,"2005-2023",-1.06073093986927,2.89370796837112
2022,2,"Pancreatic Cancer",NA,"ltr",0.0131351702401925,0,NA,NA,NA,NA,NA,NA,NA
2022,2,"Pancreatic Cancer",NA,"Rates",10.7795646596564,0,11.0267015332193,9.11879649978598,13.3337931936033,0.897117190121888,"2005-2023",-1.06073093986927,2.89370796837112
2022,3,"All malignant neoplasms","*","Counts",23485,0,23479.9078299199,23215.0050122792,23744.8106475605,1.16936915549559,"2005-2023",1.06259355382545,1.27625756872844
2022,3,"All malignant neoplasms","*","Rates",465.278120470337,0,469.145293360712,464.366675579062,473.973086048969,1.16936915549559,"2005-2023",1.06259355382545,1.27625756872844
2022,3,"All malignant neoplasms",NA,"ltr",0.410104534397085,NA,NA,NA,NA,NA,NA,NA,NA
2022,3,"Colorectal Cancer",NA,"Counts",2122,0,2207.15087719299,2140.47055152827,2273.83120285771,-0.24541100885368,"2005-2023",-0.589340602087618,0.0997084725252506
2022,3,"Colorectal Cancer",NA,"ltr",0.0433959945904692,0,NA,NA,NA,NA,NA,NA,NA
2022,3,"Colorectal Cancer",NA,"Rates",42.7046314635651,0,43.2419968060878,41.8180125364041,44.7144704964139,-0.24541100885368,"2005-2023",-0.589340602087618,0.0997084725252506
2022,3,"Leukaemia",NA,"Counts",638,0,677.698245614036,616.837003007239,738.559488220833,-0.629778232872891,"2005-2023",-1.88329143937521,0.639749527948741
2022,3,"Leukaemia",NA,"ltr",0.0140057042519239,0,NA,NA,NA,NA,NA,NA,NA
2022,3,"Leukaemia",NA,"Rates",11.8620386545094,0,12.8927290522267,11.3996506862128,14.5813645513862,-0.629778232872891,"2005-2023",-1.88329143937521,0.639749527948741
2022,3,"Lung Cancer","*","Counts",2145,0,2160.37192982457,2099.35729249964,2221.3865671495,0.935068780092707,"2005-2023",0.38595570686335,1.48718551220111
2022,3,"Lung Cancer","*","Rates",34.7266042759639,0,36.404455111369,34.5290804567055,38.3816868108433,0.935068780092707,"2005-2023",0.38595570686335,1.48718551220111
2022,3,"Lung Cancer",NA,"ltr",0.0462961046740913,NA,NA,NA,NA,NA,NA,NA,NA
2022,3,"Lymphoma","*","Counts",983,0,1037.56491228069,974.161344497546,1100.96848006384,1.80330278966307,"2005-2023",0.493625904081041,3.13004795723011
2022,3,"Lymphoma","*","Rates",18.7625844155808,0,21.6845952582858,19.1262973238806,24.5850863631909,1.80330278966307,"2005-2023",0.493625904081041,3.13004795723011
2022,3,"Lymphoma",NA,"ltr",0.0211843750479077,NA,NA,NA,NA,NA,NA,NA,NA
2022,3,"Melanoma Cancer","*","Counts",2821,0,2915.05890117146,2804.63631287693,3025.48148946599,-2.26304462665309,"2017-2023",-4.44764129033706,-0.0285019161375688
2022,3,"Melanoma Cancer","*","Rates",62.7980150391378,0,62.998616353368,59.3600561285977,66.8602073731328,-2.26304462665309,"2017-2023",-4.44764129033706,-0.0285019161375688
2022,3,"Melanoma Cancer",NA,"ltr",0.0618505525950712,NA,NA,NA,NA,NA,NA,NA,NA
2022,3,"Pancreatic Cancer","*","Counts",626,0,661.69473684211,616.828593179666,706.560880504554,2.50676895407362,"2005-2023",1.163490341541,3.86788401555433
2022,3,"Pancreatic Cancer","*","Rates",11.8579994836458,0,13.0826772414918,11.51209686746,14.8675298493047,2.50676895407362,"2005-2023",1.163490341541,3.86788401555433
2022,3,"Pancreatic Cancer",NA,"ltr",0.0136231241973498,NA,NA,NA,NA,NA,NA,NA,NA
2023,1,"All malignant neoplasms","*","Counts",14335,0,14036.0794058317,13707.0316763146,14365.1271353488,1.2020153294249,"2005-2023",1.02423222833266,1.38011129437501
2023,1,"All malignant neoplasms","*","Rates",530.134178480928,0,513.582416105598,504.156178547311,523.18489657885,1.2020153294249,"2005-2023",1.02423222833266,1.38011129437501
2023,1,"All malignant neoplasms",NA,"ltr",0.479561020124121,NA,NA,NA,NA,NA,NA,NA,NA
2023,1,"Colorectal Cancer",NA,"Counts",1182,0,1201.20526315789,1140.60346331535,1261.80706300044,-0.353858585035838,"2005-2023",-1.04259986890383,0.339676322709437
2023,1,"Colorectal Cancer",NA,"ltr",0.050460053535067,0,NA,NA,NA,NA,NA,NA,NA
2023,1,"Colorectal Cancer",NA,"Rates",46.2154511317156,0,47.6646657739806,44.305838046709,51.2781263938655,-0.353858585035838,"2005-2023",-1.04259986890383,0.339676322709437
2023,1,"Leukaemia",NA,"Counts",448,0,435.168421052633,387.348610128005,482.98823197726,0.516500398362441,"2005-2023",-0.951904528355085,2.00667467883222
2023,1,"Leukaemia",NA,"ltr",0.0195664961971599,0,NA,NA,NA,NA,NA,NA,NA
2023,1,"Leukaemia",NA,"Rates",17.8789895334059,0,16.3897448673782,14.0357751244839,19.1385038899038,0.516500398362441,"2005-2023",-0.951904528355085,2.00667467883222
2023,1,"Lung Cancer",NA,"Counts",1197,0,1182.94210526317,1149.47728043929,1216.40693008705,-0.225142056683547,"2005-2023",-0.696987769907031,0.248945666848455
2023,1,"Lung Cancer",NA,"ltr",0.0513271044147297,0,NA,NA,NA,NA,NA,NA,NA
2023,1,"Lung Cancer",NA,"Rates",38.2172726919822,0,37.8488762110159,36.0050389079933,39.7871374086691,-0.225142056683547,"2005-2023",-0.696987769907031,0.248945666848455
2023,1,"Lymphoma","*","Counts",680,0,622.147368421058,579.542430767011,664.752306075104,1.96880930478758,"2005-2023",0.933171283689282,3.01507362541757
2023,1,"Lymphoma","*","Rates",28.5517714606671,0,25.0501135113906,22.495757568104,27.89451233344,1.96880930478758,"2005-2023",0.933171283689282,3.01507362541757
2023,1,"Lymphoma",NA,"ltr",0.0310048681828405,NA,NA,NA,NA,NA,NA,NA,NA
2023,1,"Melanoma Cancer",NA,"Counts",1781,0,1699.17174032644,1614.62173686658,1783.72174378631,0.26006286726199,"2010-2023",-0.811925413103509,1.3436368032421
2023,1,"Melanoma Cancer",NA,"ltr",0.0767989862392009,0,NA,NA,NA,NA,NA,NA,NA
2023,1,"Melanoma Cancer",NA,"Rates",71.798259530388,0,73.8724236063229,68.478657575032,79.6910331294481,0.26006286726199,"2010-2023",-0.811925413103509,1.3436368032421
2023,1,"Pancreatic Cancer",NA,"Counts",410,0,367.700000000001,329.597676150146,405.802323849855,1.2531288476711,"2010-2023",-1.41090970740245,3.98915408404841
2023,1,"Pancreatic Cancer",NA,"ltr",0.0178276907153453,0,NA,NA,NA,NA,NA,NA,NA
2023,1,"Pancreatic Cancer",NA,"Rates",15.3950716440689,0,13.7050717875158,10.2887775886741,18.2557151306025,1.2531288476711,"2010-2023",-1.41090970740245,3.98915408404841
2023,1,"Prostate Cancer","*","Counts",4813,0,4729.25903172566,4343.58214360783,5114.93591984349,4.07000869628193,"2015-2023",1.03486687165351,7.19632781624258
2023,1,"Prostate Cancer","*","Rates",171.615846840405,0,159.440480544779,142.16622539555,178.81368634231,4.07000869628193,"2015-2023",1.03486687165351,7.19632781624258
2023,1,"Prostate Cancer",NA,"ltr",0.204532792586495,NA,NA,NA,NA,NA,NA,NA,NA
2023,2,"All malignant neoplasms",NA,"Counts",10311,0,10259.4105263159,10142.1437547401,10376.6772978916,0.341131637334224,"2017-2023",-0.632888975309087,1.32469983714263
2023,2,"All malignant neoplasms",NA,"ltr",0.358534347200037,0,NA,NA,NA,NA,NA,NA,NA
2023,2,"All malignant neoplasms",NA,"Rates",431.036364805732,0,427.335730325612,415.837987145408,439.15138120623,0.341131637334224,"2017-2023",-0.632888975309087,1.32469983714263
2023,2,"Breast (Female) Cancer","*","Counts",2772,0,2751.93157894738,2706.50215473872,2797.36100315604,0.88784025730746,"2005-2023",0.607939116878975,1.16852011012287
2023,2,"Breast (Female) Cancer","*","Rates",129.01127255482,0,130.607118506215,126.839587657412,134.486556756791,0.88784025730746,"2005-2023",0.607939116878975,1.16852011012287
2023,2,"Breast (Female) Cancer",NA,"ltr",0.116543885810022,NA,NA,NA,NA,NA,NA,NA,NA
2023,2,"Colorectal Cancer",NA,"Counts",1051,0,1025.01052631579,972.175204641375,1077.8458479902,-0.0677166427633824,"2005-2023",-0.915790707436481,0.787616193254892
2023,2,"Colorectal Cancer",NA,"ltr",0.0409360734444193,0,NA,NA,NA,NA,NA,NA,NA
2023,2,"Colorectal Cancer",NA,"Rates",39.6805967696531,0,38.689626667358,35.3670032832172,42.3244005061029,-0.0677166427633824,"2005-2023",-0.915790707436481,0.787616193254892
2023,2,"Leukaemia","*","Counts",288,0,255.136842105264,223.61513949072,286.658544719807,-2.18001854228266,"2005-2023",-3.89066476934524,-0.43892459120719
2023,2,"Leukaemia","*","Rates",12.7907342559983,0,9.28805410387073,7.71259502076814,11.185333704691,-2.18001854228266,"2005-2023",-3.89066476934524,-0.43892459120719
2023,2,"Leukaemia",NA,"ltr",0.0130437969424526,NA,NA,NA,NA,NA,NA,NA,NA
2023,2,"Lung Cancer","*","Counts",1054,0,1031.64736842105,979.99486761785,1083.29986922425,2.54465572762086,"2005-2023",1.55046218313042,3.54858256906201
2023,2,"Lung Cancer","*","Rates",35.0063829871825,0,36.1237855315084,32.5998472969617,40.028650111132,2.54465572762086,"2005-2023",1.55046218313042,3.54858256906201
2023,2,"Lung Cancer",NA,"ltr",0.0444532846684116,NA,NA,NA,NA,NA,NA,NA,NA
2023,2,"Lymphoma",NA,"Counts",453,0,448.073684210529,400.436323322988,495.71104509807,1.71200253972468,"2005-2023",-0.49884007181491,3.9719684484854
2023,2,"Lymphoma",NA,"ltr",0.0200164289278965,0,NA,NA,NA,NA,NA,NA,NA
2023,2,"Lymphoma",NA,"Rates",19.0452097364785,0,19.0930521940962,15.1468537985576,24.067350681182,1.71200253972468,"2005-2023",-0.49884007181491,3.9719684484854
2023,2,"Melanoma Cancer",NA,"Counts",1248,0,1255.14210526316,1194.36529002585,1315.91892050047,-0.588922765989164,"2012-2023",-1.89989029889681,0.739563971306456
2023,2,"Melanoma Cancer",NA,"ltr",0.0527592187365887,0,NA,NA,NA,NA,NA,NA,NA
2023,2,"Melanoma Cancer",NA,"Rates",57.3934015750573,0,57.6032068667588,52.961533417036,62.6516875032035,-0.588922765989164,"2012-2023",-1.89989029889681,0.739563971306456
2023,2,"Pancreatic Cancer",NA,"Counts",298,0,316.121052631581,278.15413245936,354.087972803802,0.897117190121888,"2005-2023",-1.06073093986927,2.89370796837112
2023,2,"Pancreatic Cancer",NA,"ltr",0.0118261797737589,0,NA,NA,NA,NA,NA,NA,NA
2023,2,"Pancreatic Cancer",NA,"Rates",8.67552605205814,0,11.1256239681772,9.05034904126988,13.6767662901,0.897117190121888,"2005-2023",-1.06073093986927,2.89370796837112
2023,3,"All malignant neoplasms","*","Counts",24646,0,24168.7799455537,23850.4452478804,24487.1146432269,1.16936915549559,"2005-2023",1.06259355382545,1.27625756872844
2023,3,"All malignant neoplasms","*","Rates",478.553019025354,0,474.631333715733,469.380157868619,479.941256928526,1.16936915549559,"2005-2023",1.06259355382545,1.27625756872844
2023,3,"All malignant neoplasms",NA,"ltr",0.420670035721464,NA,NA,NA,NA,NA,NA,NA,NA
2023,3,"Colorectal Cancer",NA,"Counts",2233,0,2226.21578947369,2153.75629916141,2298.67527978597,-0.24541100885368,"2005-2023",-0.589340602087618,0.0997084725252506
2023,3,"Colorectal Cancer",NA,"ltr",0.0455774200493377,0,NA,NA,NA,NA,NA,NA,NA
2023,3,"Colorectal Cancer",NA,"Rates",42.8168271494463,0,43.1358761854775,41.5944983254972,44.7343732752329,-0.24541100885368,"2005-2023",-0.589340602087618,0.0997084725252506
2023,3,"Leukaemia",NA,"Counts",736,0,690.305263157894,624.169194158554,756.441332157234,-0.629778232872891,"2005-2023",-1.88329143937521,0.639749527948741
2023,3,"Leukaemia",NA,"ltr",0.0162507679917154,0,NA,NA,NA,NA,NA,NA,NA
2023,3,"Leukaemia",NA,"Rates",15.2870580236758,0,12.8115334510324,11.2076618575698,14.6449269662846,-0.629778232872891,"2005-2023",-1.88329143937521,0.639749527948741
2023,3,"Lung Cancer","*","Counts",2251,0,2214.58947368422,2148.28671529064,2280.89223207779,0.935068780092707,"2005-2023",0.38595570686335,1.48718551220111
2023,3,"Lung Cancer","*","Rates",36.5539503240912,0,36.7448618056783,34.6925588945531,38.9185725164362,0.935068780092707,"2005-2023",0.38595570686335,1.48718551220111
2023,3,"Lung Cancer",NA,"ltr",0.0478197777433436,NA,NA,NA,NA,NA,NA,NA,NA
2023,3,"Lymphoma","*","Counts",1133,0,1070.22105263158,1001.32231586404,1139.11978939911,1.80330278966307,"2005-2023",0.493625904081041,3.13004795723011
2023,3,"Lymphoma","*","Rates",23.7805071196091,0,22.0756341695056,19.260497544022,25.3022344242139,1.80330278966307,"2005-2023",0.493625904081041,3.13004795723011
2023,3,"Lymphoma",NA,"ltr",0.0254486222122328,NA,NA,NA,NA,NA,NA,NA,NA
2023,3,"Melanoma Cancer","*","Counts",3029,0,2967.72050816701,2842.59507936252,3092.8459369715,-2.26304462665309,"2017-2023",-4.44764129033706,-0.0285019161375688
2023,3,"Melanoma Cancer","*","Rates",64.365267345295,0,61.5729295511171,57.2116790579001,66.2666384894941,-2.26304462665309,"2017-2023",-4.44764129033706,-0.0285019161375688
2023,3,"Melanoma Cancer",NA,"ltr",0.0645705792226702,NA,NA,NA,NA,NA,NA,NA,NA
2023,3,"Pancreatic Cancer","*","Counts",708,0,683.821052631589,635.066373201789,732.575732061389,2.50676895407362,"2005-2023",1.163490341541,3.86788401555433
2023,3,"Pancreatic Cancer","*","Rates",12.0266610580505,0,13.4106297329431,11.6705991904128,15.4100905103346,2.50676895407362,"2005-2023",1.163490341541,3.86788401555433
2023,3,"Pancreatic Cancer",NA,"ltr",0.0148027323377481,NA,NA,NA,NA,NA,NA,NA,NA
