"age.grp_string","year","sex","cancer.type","suppress","measure","obs"
"15-34",2005,1,"All malignant neoplasms",0,"Counts",220
"15-34",2005,1,"All malignant neoplasms",0,"Rates",64.421944434005
"15-34",2005,1,"Breast (Female) Cancer",1,"Counts",NA
"15-34",2005,1,"Breast (Female) Cancer",1,"Rates",NA
"15-34",2005,1,"Colorectal Cancer",0,"Counts",29
"15-34",2005,1,"Colorectal Cancer",0,"Rates",8.24790545628257
"15-34",2005,1,"Leukaemia",0,"Counts",22
"15-34",2005,1,"Leukaemia",0,"Rates",7.07539107874554
"15-34",2005,1,"Lung Cancer",0,"Counts",17
"15-34",2005,1,"Lung Cancer",0,"Rates",4.87700586206367
"15-34",2005,1,"Lymphoma",0,"Counts",41
"15-34",2005,1,"Lymphoma",0,"Rates",12.3554629623545
"15-34",2005,1,"Melanoma Cancer",0,"Counts",42
"15-34",2005,1,"Melanoma Cancer",0,"Rates",12.1527533127745
"15-34",2005,1,"Pancreatic Cancer",1,"Counts",NA
"15-34",2005,1,"Pancreatic Cancer",1,"Rates",NA
"15-34",2005,1,"Prostate Cancer",0,"Counts",8
"15-34",2005,1,"Prostate Cancer",0,"Rates",2.5728694831802
"15-34",2005,2,"All malignant neoplasms",0,"Counts",272
"15-34",2005,2,"All malignant neoplasms",0,"Rates",83.5203742820174
"15-34",2005,2,"Breast (Female) Cancer",0,"Counts",34
"15-34",2005,2,"Breast (Female) Cancer",0,"Rates",10.4807840751245
"15-34",2005,2,"Colorectal Cancer",0,"Counts",42
"15-34",2005,2,"Colorectal Cancer",0,"Rates",13.1786782679627
"15-34",2005,2,"Leukaemia",0,"Counts",41
"15-34",2005,2,"Leukaemia",0,"Rates",13.4537686641441
"15-34",2005,2,"Lung Cancer",0,"Counts",26
"15-34",2005,2,"Lung Cancer",0,"Rates",8.60323920554741
"15-34",2005,2,"Lymphoma",0,"Counts",23
"15-34",2005,2,"Lymphoma",0,"Rates",7.20131427611458
"15-34",2005,2,"Melanoma Cancer",0,"Counts",69
"15-34",2005,2,"Melanoma Cancer",0,"Rates",21.0285178455447
"15-34",2005,2,"Pancreatic Cancer",0,"Counts",23
"15-34",2005,2,"Pancreatic Cancer",0,"Rates",7.16909801260444
"15-34",2005,2,"Prostate Cancer",1,"Counts",NA
"15-34",2005,2,"Prostate Cancer",1,"Rates",NA
"15-34",2005,3,"All malignant neoplasms",0,"Counts",492
"15-34",2005,3,"All malignant neoplasms",0,"Rates",73.7199183599566
"15-34",2005,3,"Breast (Female) Cancer",1,"Counts",NA
"15-34",2005,3,"Breast (Female) Cancer",1,"Rates",NA
"15-34",2005,3,"Colorectal Cancer",0,"Counts",71
"15-34",2005,3,"Colorectal Cancer",0,"Rates",10.6500939199269
"15-34",2005,3,"Leukaemia",0,"Counts",63
"15-34",2005,3,"Leukaemia",0,"Rates",10.1818467079929
"15-34",2005,3,"Lung Cancer",0,"Counts",43
"15-34",2005,3,"Lung Cancer",0,"Rates",6.69129268100938
"15-34",2005,3,"Lymphoma",0,"Counts",64
"15-34",2005,3,"Lymphoma",0,"Rates",9.84735185315694
"15-34",2005,3,"Melanoma Cancer",0,"Counts",111
"15-34",2005,3,"Melanoma Cancer",0,"Rates",16.4747959684856
"15-34",2005,3,"Pancreatic Cancer",0,"Counts",23
"15-34",2005,3,"Pancreatic Cancer",0,"Rates",3.49026793844671
"15-34",2005,3,"Prostate Cancer",1,"Counts",NA
"15-34",2005,3,"Prostate Cancer",1,"Rates",NA
"15-34",2006,1,"All malignant neoplasms",0,"Counts",230
"15-34",2006,1,"All malignant neoplasms",0,"Rates",66.6664006654108
"15-34",2006,1,"Breast (Female) Cancer",1,"Counts",NA
"15-34",2006,1,"Breast (Female) Cancer",1,"Rates",NA
"15-34",2006,1,"Colorectal Cancer",0,"Counts",6
"15-34",2006,1,"Colorectal Cancer",0,"Rates",1.88787238383319
"15-34",2006,1,"Leukaemia",0,"Counts",19
"15-34",2006,1,"Leukaemia",0,"Rates",5.97826254880511
"15-34",2006,1,"Lung Cancer",0,"Counts",16
"15-34",2006,1,"Lung Cancer",0,"Rates",4.95612432172296
"15-34",2006,1,"Lymphoma",0,"Counts",25
"15-34",2006,1,"Lymphoma",0,"Rates",6.76307437130823
"15-34",2006,1,"Melanoma Cancer",0,"Counts",71
"15-34",2006,1,"Melanoma Cancer",0,"Rates",20.5855042309958
"15-34",2006,1,"Pancreatic Cancer",1,"Counts",NA
"15-34",2006,1,"Pancreatic Cancer",1,"Rates",NA
"15-34",2006,1,"Prostate Cancer",1,"Counts",NA
"15-34",2006,1,"Prostate Cancer",1,"Rates",NA
"15-34",2006,2,"All malignant neoplasms",0,"Counts",235
"15-34",2006,2,"All malignant neoplasms",0,"Rates",70.9896042907747
"15-34",2006,2,"Breast (Female) Cancer",0,"Counts",40
"15-34",2006,2,"Breast (Female) Cancer",0,"Rates",12.0602140172812
"15-34",2006,2,"Colorectal Cancer",0,"Counts",8
"15-34",2006,2,"Colorectal Cancer",0,"Rates",2.43080113907069
"15-34",2006,2,"Leukaemia",0,"Counts",26
"15-34",2006,2,"Leukaemia",0,"Rates",8.35737402500728
"15-34",2006,2,"Lung Cancer",0,"Counts",25
"15-34",2006,2,"Lung Cancer",0,"Rates",7.57184359860847
"15-34",2006,2,"Lymphoma",0,"Counts",19
"15-34",2006,2,"Lymphoma",0,"Rates",6.16105235505879
"15-34",2006,2,"Melanoma Cancer",0,"Counts",38
"15-34",2006,2,"Melanoma Cancer",0,"Rates",11.3137723859902
"15-34",2006,2,"Pancreatic Cancer",0,"Counts",19
"15-34",2006,2,"Pancreatic Cancer",0,"Rates",5.92459385782353
"15-34",2006,2,"Prostate Cancer",1,"Counts",NA
"15-34",2006,2,"Prostate Cancer",1,"Rates",NA
"15-34",2006,3,"All malignant neoplasms",0,"Counts",465
"15-34",2006,3,"All malignant neoplasms",0,"Rates",68.7808689674371
"15-34",2006,3,"Breast (Female) Cancer",1,"Counts",NA
"15-34",2006,3,"Breast (Female) Cancer",1,"Rates",NA
"15-34",2006,3,"Colorectal Cancer",0,"Counts",14
"15-34",2006,3,"Colorectal Cancer",0,"Rates",2.15438681457236
"15-34",2006,3,"Leukaemia",0,"Counts",45
"15-34",2006,3,"Leukaemia",0,"Rates",7.13833676220644
"15-34",2006,3,"Lung Cancer",0,"Counts",41
"15-34",2006,3,"Lung Cancer",0,"Rates",6.23618428091453
"15-34",2006,3,"Lymphoma",0,"Counts",44
"15-34",2006,3,"Lymphoma",0,"Rates",6.45823113793185
"15-34",2006,3,"Melanoma Cancer",0,"Counts",109
"15-34",2006,3,"Melanoma Cancer",0,"Rates",16.0688101741639
"15-34",2006,3,"Pancreatic Cancer",0,"Counts",19
"15-34",2006,3,"Pancreatic Cancer",0,"Rates",2.88581141369586
"15-34",2006,3,"Prostate Cancer",1,"Counts",NA
"15-34",2006,3,"Prostate Cancer",1,"Rates",NA
"15-34",2007,1,"All malignant neoplasms",0,"Counts",199
"15-34",2007,1,"All malignant neoplasms",0,"Rates",55.9505591091414
"15-34",2007,1,"Breast (Female) Cancer",1,"Counts",NA
"15-34",2007,1,"Breast (Female) Cancer",1,"Rates",NA
"15-34",2007,1,"Colorectal Cancer",0,"Counts",16
"15-34",2007,1,"Colorectal Cancer",0,"Rates",4.7247182439548
"15-34",2007,1,"Leukaemia",1,"Counts",NA
"15-34",2007,1,"Leukaemia",1,"Rates",NA
"15-34",2007,1,"Lung Cancer",0,"Counts",24
"15-34",2007,1,"Lung Cancer",0,"Rates",6.80703316592712
"15-34",2007,1,"Lymphoma",0,"Counts",41
"15-34",2007,1,"Lymphoma",0,"Rates",11.7669175492062
"15-34",2007,1,"Melanoma Cancer",0,"Counts",77
"15-34",2007,1,"Melanoma Cancer",0,"Rates",21.8407372274445
"15-34",2007,1,"Pancreatic Cancer",0,"Counts",7
"15-34",2007,1,"Pancreatic Cancer",0,"Rates",1.88064641721116
"15-34",2007,1,"Prostate Cancer",1,"Counts",NA
"15-34",2007,1,"Prostate Cancer",1,"Rates",NA
"15-34",2007,2,"All malignant neoplasms",0,"Counts",243
"15-34",2007,2,"All malignant neoplasms",0,"Rates",71.9202371946821
"15-34",2007,2,"Breast (Female) Cancer",0,"Counts",28
"15-34",2007,2,"Breast (Female) Cancer",0,"Rates",8.08731965429875
"15-34",2007,2,"Colorectal Cancer",0,"Counts",21
"15-34",2007,2,"Colorectal Cancer",0,"Rates",6.43312346168353
"15-34",2007,2,"Leukaemia",0,"Counts",44
"15-34",2007,2,"Leukaemia",0,"Rates",13.2914760798464
"15-34",2007,2,"Lung Cancer",0,"Counts",14
"15-34",2007,2,"Lung Cancer",0,"Rates",4.28653794352161
"15-34",2007,2,"Lymphoma",0,"Counts",16
"15-34",2007,2,"Lymphoma",0,"Rates",5.05469378092258
"15-34",2007,2,"Melanoma Cancer",0,"Counts",57
"15-34",2007,2,"Melanoma Cancer",0,"Rates",17.1500912201152
"15-34",2007,2,"Pancreatic Cancer",0,"Counts",38
"15-34",2007,2,"Pancreatic Cancer",0,"Rates",11.2054821073645
"15-34",2007,2,"Prostate Cancer",1,"Counts",NA
"15-34",2007,2,"Prostate Cancer",1,"Rates",NA
"15-34",2007,3,"All malignant neoplasms",0,"Counts",442
"15-34",2007,3,"All malignant neoplasms",0,"Rates",63.7237183327364
"15-34",2007,3,"Breast (Female) Cancer",1,"Counts",NA
"15-34",2007,3,"Breast (Female) Cancer",1,"Rates",NA
"15-34",2007,3,"Colorectal Cancer",0,"Counts",37
"15-34",2007,3,"Colorectal Cancer",0,"Rates",5.55391382618006
"15-34",2007,3,"Leukaemia",0,"Counts",45
"15-34",2007,3,"Leukaemia",0,"Rates",6.62101781127947
"15-34",2007,3,"Lung Cancer",0,"Counts",38
"15-34",2007,3,"Lung Cancer",0,"Rates",5.58049773577403
"15-34",2007,3,"Lymphoma",0,"Counts",57
"15-34",2007,3,"Lymphoma",0,"Rates",8.49200010555788
"15-34",2007,3,"Melanoma Cancer",0,"Counts",134
"15-34",2007,3,"Melanoma Cancer",0,"Rates",19.5707342602323
"15-34",2007,3,"Pancreatic Cancer",0,"Counts",45
"15-34",2007,3,"Pancreatic Cancer",0,"Rates",6.42228715199291
"15-34",2007,3,"Prostate Cancer",1,"Counts",NA
"15-34",2007,3,"Prostate Cancer",1,"Rates",NA
"15-34",2008,1,"All malignant neoplasms",0,"Counts",199
"15-34",2008,1,"All malignant neoplasms",0,"Rates",55.5435762513789
"15-34",2008,1,"Breast (Female) Cancer",1,"Counts",NA
"15-34",2008,1,"Breast (Female) Cancer",1,"Rates",NA
"15-34",2008,1,"Colorectal Cancer",0,"Counts",28
"15-34",2008,1,"Colorectal Cancer",0,"Rates",7.71214152514854
"15-34",2008,1,"Leukaemia",0,"Counts",16
"15-34",2008,1,"Leukaemia",0,"Rates",4.40407220132506
"15-34",2008,1,"Lung Cancer",0,"Counts",17
"15-34",2008,1,"Lung Cancer",0,"Rates",4.71812349067468
"15-34",2008,1,"Lymphoma",0,"Counts",34
"15-34",2008,1,"Lymphoma",0,"Rates",9.45376215089792
"15-34",2008,1,"Melanoma Cancer",0,"Counts",45
"15-34",2008,1,"Melanoma Cancer",0,"Rates",12.3852144471614
"15-34",2008,1,"Pancreatic Cancer",0,"Counts",12
"15-34",2008,1,"Pancreatic Cancer",0,"Rates",3.1979479595602
"15-34",2008,1,"Prostate Cancer",1,"Counts",NA
"15-34",2008,1,"Prostate Cancer",1,"Rates",NA
"15-34",2008,2,"All malignant neoplasms",0,"Counts",307
"15-34",2008,2,"All malignant neoplasms",0,"Rates",89.8930242731153
"15-34",2008,2,"Breast (Female) Cancer",0,"Counts",66
"15-34",2008,2,"Breast (Female) Cancer",0,"Rates",19.0283634919632
"15-34",2008,2,"Colorectal Cancer",0,"Counts",39
"15-34",2008,2,"Colorectal Cancer",0,"Rates",11.2884644083056
"15-34",2008,2,"Leukaemia",0,"Counts",35
"15-34",2008,2,"Leukaemia",0,"Rates",10.5290787652599
"15-34",2008,2,"Lung Cancer",0,"Counts",20
"15-34",2008,2,"Lung Cancer",0,"Rates",5.59959108962948
"15-34",2008,2,"Lymphoma",1,"Counts",NA
"15-34",2008,2,"Lymphoma",1,"Rates",NA
"15-34",2008,2,"Melanoma Cancer",0,"Counts",87
"15-34",2008,2,"Melanoma Cancer",0,"Rates",25.6642857708616
"15-34",2008,2,"Pancreatic Cancer",1,"Counts",NA
"15-34",2008,2,"Pancreatic Cancer",1,"Rates",NA
"15-34",2008,2,"Prostate Cancer",1,"Counts",NA
"15-34",2008,2,"Prostate Cancer",1,"Rates",NA
"15-34",2008,3,"All malignant neoplasms",0,"Counts",506
"15-34",2008,3,"All malignant neoplasms",0,"Rates",72.2614893220236
"15-34",2008,3,"Breast (Female) Cancer",1,"Counts",NA
"15-34",2008,3,"Breast (Female) Cancer",1,"Rates",NA
"15-34",2008,3,"Colorectal Cancer",0,"Counts",67
"15-34",2008,3,"Colorectal Cancer",0,"Rates",9.44761369370418
"15-34",2008,3,"Leukaemia",0,"Counts",51
"15-34",2008,3,"Leukaemia",0,"Rates",7.3741094968718
"15-34",2008,3,"Lung Cancer",0,"Counts",37
"15-34",2008,3,"Lung Cancer",0,"Rates",5.15168950066863
"15-34",2008,3,"Lymphoma",0,"Counts",37
"15-34",2008,3,"Lymphoma",0,"Rates",5.26268765694599
"15-34",2008,3,"Melanoma Cancer",0,"Counts",132
"15-34",2008,3,"Melanoma Cancer",0,"Rates",18.8330255498371
"15-34",2008,3,"Pancreatic Cancer",0,"Counts",12
"15-34",2008,3,"Pancreatic Cancer",0,"Rates",1.63842753677455
"15-34",2008,3,"Prostate Cancer",1,"Counts",NA
"15-34",2008,3,"Prostate Cancer",1,"Rates",NA
"15-34",2009,1,"All malignant neoplasms",0,"Counts",217
"15-34",2009,1,"All malignant neoplasms",0,"Rates",59.253986638593
"15-34",2009,1,"Breast (Female) Cancer",1,"Counts",NA
"15-34",2009,1,"Breast (Female) Cancer",1,"Rates",NA
"15-34",2009,1,"Colorectal Cancer",0,"Counts",35
"15-34",2009,1,"Colorectal Cancer",0,"Rates",9.38468274917844
"15-34",2009,1,"Leukaemia",0,"Counts",29
"15-34",2009,1,"Leukaemia",0,"Rates",7.93757554006656
"15-34",2009,1,"Lung Cancer",0,"Counts",11
"15-34",2009,1,"Lung Cancer",0,"Rates",2.95606285208349
"15-34",2009,1,"Lymphoma",0,"Counts",33
"15-34",2009,1,"Lymphoma",0,"Rates",8.89247167014095
"15-34",2009,1,"Melanoma Cancer",0,"Counts",62
"15-34",2009,1,"Melanoma Cancer",0,"Rates",17.0727679671972
"15-34",2009,1,"Pancreatic Cancer",1,"Counts",NA
"15-34",2009,1,"Pancreatic Cancer",1,"Rates",NA
"15-34",2009,1,"Prostate Cancer",0,"Counts",8
"15-34",2009,1,"Prostate Cancer",0,"Rates",2.21758066065476
"15-34",2009,2,"All malignant neoplasms",0,"Counts",283
"15-34",2009,2,"All malignant neoplasms",0,"Rates",81.6832054826607
"15-34",2009,2,"Breast (Female) Cancer",0,"Counts",56
"15-34",2009,2,"Breast (Female) Cancer",0,"Rates",15.7008826935171
"15-34",2009,2,"Colorectal Cancer",0,"Counts",5
"15-34",2009,2,"Colorectal Cancer",0,"Rates",1.46692273006146
"15-34",2009,2,"Leukaemia",0,"Counts",22
"15-34",2009,2,"Leukaemia",0,"Rates",6.3650768442492
"15-34",2009,2,"Lung Cancer",0,"Counts",31
"15-34",2009,2,"Lung Cancer",0,"Rates",9.15731309105102
"15-34",2009,2,"Lymphoma",0,"Counts",21
"15-34",2009,2,"Lymphoma",0,"Rates",6.27592963134033
"15-34",2009,2,"Melanoma Cancer",0,"Counts",81
"15-34",2009,2,"Melanoma Cancer",0,"Rates",23.5262235032167
"15-34",2009,2,"Pancreatic Cancer",1,"Counts",NA
"15-34",2009,2,"Pancreatic Cancer",1,"Rates",NA
"15-34",2009,2,"Prostate Cancer",1,"Counts",NA
"15-34",2009,2,"Prostate Cancer",1,"Rates",NA
"15-34",2009,3,"All malignant neoplasms",0,"Counts",500
"15-34",2009,3,"All malignant neoplasms",0,"Rates",70.1681914971838
"15-34",2009,3,"Breast (Female) Cancer",1,"Counts",NA
"15-34",2009,3,"Breast (Female) Cancer",1,"Rates",NA
"15-34",2009,3,"Colorectal Cancer",0,"Counts",40
"15-34",2009,3,"Colorectal Cancer",0,"Rates",5.52458952583262
"15-34",2009,3,"Leukaemia",0,"Counts",51
"15-34",2009,3,"Leukaemia",0,"Rates",7.17174550024611
"15-34",2009,3,"Lung Cancer",0,"Counts",42
"15-34",2009,3,"Lung Cancer",0,"Rates",5.96103408468391
"15-34",2009,3,"Lymphoma",0,"Counts",54
"15-34",2009,3,"Lymphoma",0,"Rates",7.60978446991375
"15-34",2009,3,"Melanoma Cancer",0,"Counts",143
"15-34",2009,3,"Melanoma Cancer",0,"Rates",20.2194455829221
"15-34",2009,3,"Pancreatic Cancer",0,"Counts",6
"15-34",2009,3,"Pancreatic Cancer",0,"Rates",0.841960950120118
"15-34",2009,3,"Prostate Cancer",1,"Counts",NA
"15-34",2009,3,"Prostate Cancer",1,"Rates",NA
"15-34",2010,1,"All malignant neoplasms",0,"Counts",197
"15-34",2010,1,"All malignant neoplasms",0,"Rates",53.1126846380651
"15-34",2010,1,"Breast (Female) Cancer",1,"Counts",NA
"15-34",2010,1,"Breast (Female) Cancer",1,"Rates",NA
"15-34",2010,1,"Colorectal Cancer",0,"Counts",39
"15-34",2010,1,"Colorectal Cancer",0,"Rates",10.606130096445
"15-34",2010,1,"Leukaemia",0,"Counts",20
"15-34",2010,1,"Leukaemia",0,"Rates",5.33504948295916
"15-34",2010,1,"Lung Cancer",0,"Counts",39
"15-34",2010,1,"Lung Cancer",0,"Rates",10.5781948302643
"15-34",2010,1,"Lymphoma",0,"Counts",16
"15-34",2010,1,"Lymphoma",0,"Rates",4.22668574956888
"15-34",2010,1,"Melanoma Cancer",0,"Counts",40
"15-34",2010,1,"Melanoma Cancer",0,"Rates",10.7547670196158
"15-34",2010,1,"Pancreatic Cancer",0,"Counts",24
"15-34",2010,1,"Pancreatic Cancer",0,"Rates",6.47597685210168
"15-34",2010,1,"Prostate Cancer",0,"Counts",18
"15-34",2010,1,"Prostate Cancer",0,"Rates",5.00230814160433
"15-34",2010,2,"All malignant neoplasms",0,"Counts",250
"15-34",2010,2,"All malignant neoplasms",0,"Rates",71.1499198046931
"15-34",2010,2,"Breast (Female) Cancer",0,"Counts",34
"15-34",2010,2,"Breast (Female) Cancer",0,"Rates",9.42918681350414
"15-34",2010,2,"Colorectal Cancer",0,"Counts",17
"15-34",2010,2,"Colorectal Cancer",0,"Rates",4.98658997910169
"15-34",2010,2,"Leukaemia",0,"Counts",19
"15-34",2010,2,"Leukaemia",0,"Rates",5.41906160407003
"15-34",2010,2,"Lung Cancer",0,"Counts",13
"15-34",2010,2,"Lung Cancer",0,"Rates",3.74112522899103
"15-34",2010,2,"Lymphoma",0,"Counts",30
"15-34",2010,2,"Lymphoma",0,"Rates",8.55986769340037
"15-34",2010,2,"Melanoma Cancer",0,"Counts",96
"15-34",2010,2,"Melanoma Cancer",0,"Rates",27.27733997244
"15-34",2010,2,"Pancreatic Cancer",0,"Counts",6
"15-34",2010,2,"Pancreatic Cancer",0,"Rates",1.7599729338006
"15-34",2010,2,"Prostate Cancer",1,"Counts",NA
"15-34",2010,2,"Prostate Cancer",1,"Rates",NA
"15-34",2010,3,"All malignant neoplasms",0,"Counts",447
"15-34",2010,3,"All malignant neoplasms",0,"Rates",61.9185875182118
"15-34",2010,3,"Breast (Female) Cancer",1,"Counts",NA
"15-34",2010,3,"Breast (Female) Cancer",1,"Rates",NA
"15-34",2010,3,"Colorectal Cancer",0,"Counts",56
"15-34",2010,3,"Colorectal Cancer",0,"Rates",7.86875327846102
"15-34",2010,3,"Leukaemia",0,"Counts",39
"15-34",2010,3,"Leukaemia",0,"Rates",5.37112540268796
"15-34",2010,3,"Lung Cancer",0,"Counts",52
"15-34",2010,3,"Lung Cancer",0,"Rates",7.23942106137552
"15-34",2010,3,"Lymphoma",0,"Counts",46
"15-34",2010,3,"Lymphoma",0,"Rates",6.33716020557355
"15-34",2010,3,"Melanoma Cancer",0,"Counts",136
"15-34",2010,3,"Melanoma Cancer",0,"Rates",18.7989425228697
"15-34",2010,3,"Pancreatic Cancer",0,"Counts",30
"15-34",2010,3,"Pancreatic Cancer",0,"Rates",4.17771732911536
"15-34",2010,3,"Prostate Cancer",1,"Counts",NA
"15-34",2010,3,"Prostate Cancer",1,"Rates",NA
"15-34",2011,1,"All malignant neoplasms",0,"Counts",218
"15-34",2011,1,"All malignant neoplasms",0,"Rates",58.2779431976469
"15-34",2011,1,"Breast (Female) Cancer",1,"Counts",NA
"15-34",2011,1,"Breast (Female) Cancer",1,"Rates",NA
"15-34",2011,1,"Colorectal Cancer",0,"Counts",38
"15-34",2011,1,"Colorectal Cancer",0,"Rates",10.1341208657665
"15-34",2011,1,"Leukaemia",0,"Counts",26
"15-34",2011,1,"Leukaemia",0,"Rates",7.03595635302357
"15-34",2011,1,"Lung Cancer",0,"Counts",26
"15-34",2011,1,"Lung Cancer",0,"Rates",7.06647489452606
"15-34",2011,1,"Lymphoma",0,"Counts",33
"15-34",2011,1,"Lymphoma",0,"Rates",8.96735422299774
"15-34",2011,1,"Melanoma Cancer",0,"Counts",97
"15-34",2011,1,"Melanoma Cancer",0,"Rates",25.8733266478793
"15-34",2011,1,"Pancreatic Cancer",1,"Counts",NA
"15-34",2011,1,"Pancreatic Cancer",1,"Rates",NA
"15-34",2011,1,"Prostate Cancer",0,"Counts",10
"15-34",2011,1,"Prostate Cancer",0,"Rates",2.61568376387089
"15-34",2011,2,"All malignant neoplasms",0,"Counts",267
"15-34",2011,2,"All malignant neoplasms",0,"Rates",75.1043567983545
"15-34",2011,2,"Breast (Female) Cancer",0,"Counts",43
"15-34",2011,2,"Breast (Female) Cancer",0,"Rates",11.8861892092138
"15-34",2011,2,"Colorectal Cancer",0,"Counts",16
"15-34",2011,2,"Colorectal Cancer",0,"Rates",4.58631516167813
"15-34",2011,2,"Leukaemia",0,"Counts",11
"15-34",2011,2,"Leukaemia",0,"Rates",3.15309167365372
"15-34",2011,2,"Lung Cancer",0,"Counts",38
"15-34",2011,2,"Lung Cancer",0,"Rates",10.6754446553192
"15-34",2011,2,"Lymphoma",0,"Counts",74
"15-34",2011,2,"Lymphoma",0,"Rates",20.9516959272698
"15-34",2011,2,"Melanoma Cancer",0,"Counts",114
"15-34",2011,2,"Melanoma Cancer",0,"Rates",32.214591571149
"15-34",2011,2,"Pancreatic Cancer",0,"Counts",17
"15-34",2011,2,"Pancreatic Cancer",0,"Rates",4.89623036296121
"15-34",2011,2,"Prostate Cancer",1,"Counts",NA
"15-34",2011,2,"Prostate Cancer",1,"Rates",NA
"15-34",2011,3,"All malignant neoplasms",0,"Counts",485
"15-34",2011,3,"All malignant neoplasms",0,"Rates",66.475396336732
"15-34",2011,3,"Breast (Female) Cancer",1,"Counts",NA
"15-34",2011,3,"Breast (Female) Cancer",1,"Rates",NA
"15-34",2011,3,"Colorectal Cancer",0,"Counts",54
"15-34",2011,3,"Colorectal Cancer",0,"Rates",7.43030406263299
"15-34",2011,3,"Leukaemia",0,"Counts",37
"15-34",2011,3,"Leukaemia",0,"Rates",5.15061370927001
"15-34",2011,3,"Lung Cancer",0,"Counts",64
"15-34",2011,3,"Lung Cancer",0,"Rates",8.83256173695978
"15-34",2011,3,"Lymphoma",0,"Counts",107
"15-34",2011,3,"Lymphoma",0,"Rates",14.8063151497314
"15-34",2011,3,"Melanoma Cancer",0,"Counts",211
"15-34",2011,3,"Melanoma Cancer",0,"Rates",28.9549095009468
"15-34",2011,3,"Pancreatic Cancer",0,"Counts",17
"15-34",2011,3,"Pancreatic Cancer",0,"Rates",2.37726582539756
"15-34",2011,3,"Prostate Cancer",1,"Counts",NA
"15-34",2011,3,"Prostate Cancer",1,"Rates",NA
"15-34",2012,1,"All malignant neoplasms",0,"Counts",233
"15-34",2012,1,"All malignant neoplasms",0,"Rates",61.3104310700327
"15-34",2012,1,"Breast (Female) Cancer",1,"Counts",NA
"15-34",2012,1,"Breast (Female) Cancer",1,"Rates",NA
"15-34",2012,1,"Colorectal Cancer",0,"Counts",34
"15-34",2012,1,"Colorectal Cancer",0,"Rates",8.89960231959773
"15-34",2012,1,"Leukaemia",1,"Counts",NA
"15-34",2012,1,"Leukaemia",1,"Rates",NA
"15-34",2012,1,"Lung Cancer",1,"Counts",NA
"15-34",2012,1,"Lung Cancer",1,"Rates",NA
"15-34",2012,1,"Lymphoma",0,"Counts",13
"15-34",2012,1,"Lymphoma",0,"Rates",3.39013090839965
"15-34",2012,1,"Melanoma Cancer",0,"Counts",68
"15-34",2012,1,"Melanoma Cancer",0,"Rates",17.9463410833706
"15-34",2012,1,"Pancreatic Cancer",0,"Counts",15
"15-34",2012,1,"Pancreatic Cancer",0,"Rates",3.90518272106218
"15-34",2012,1,"Prostate Cancer",1,"Counts",NA
"15-34",2012,1,"Prostate Cancer",1,"Rates",NA
"15-34",2012,2,"All malignant neoplasms",0,"Counts",311
"15-34",2012,2,"All malignant neoplasms",0,"Rates",85.7709031615007
"15-34",2012,2,"Breast (Female) Cancer",0,"Counts",43
"15-34",2012,2,"Breast (Female) Cancer",0,"Rates",11.8141438992045
"15-34",2012,2,"Colorectal Cancer",0,"Counts",44
"15-34",2012,2,"Colorectal Cancer",0,"Rates",12.1018435845033
"15-34",2012,2,"Leukaemia",1,"Counts",NA
"15-34",2012,2,"Leukaemia",1,"Rates",NA
"15-34",2012,2,"Lung Cancer",1,"Counts",NA
"15-34",2012,2,"Lung Cancer",1,"Rates",NA
"15-34",2012,2,"Lymphoma",0,"Counts",12
"15-34",2012,2,"Lymphoma",0,"Rates",3.35589317615739
"15-34",2012,2,"Melanoma Cancer",0,"Counts",66
"15-34",2012,2,"Melanoma Cancer",0,"Rates",18.2303332476279
"15-34",2012,2,"Pancreatic Cancer",0,"Counts",18
"15-34",2012,2,"Pancreatic Cancer",0,"Rates",4.92072456618617
"15-34",2012,2,"Prostate Cancer",1,"Counts",NA
"15-34",2012,2,"Prostate Cancer",1,"Rates",NA
"15-34",2012,3,"All malignant neoplasms",0,"Counts",544
"15-34",2012,3,"All malignant neoplasms",0,"Rates",73.246639261293
"15-34",2012,3,"Breast (Female) Cancer",1,"Counts",NA
"15-34",2012,3,"Breast (Female) Cancer",1,"Rates",NA
"15-34",2012,3,"Colorectal Cancer",0,"Counts",78
"15-34",2012,3,"Colorectal Cancer",0,"Rates",10.4676570051611
"15-34",2012,3,"Leukaemia",1,"Counts",NA
"15-34",2012,3,"Leukaemia",1,"Rates",NA
"15-34",2012,3,"Lung Cancer",1,"Counts",NA
"15-34",2012,3,"Lung Cancer",1,"Rates",NA
"15-34",2012,3,"Lymphoma",0,"Counts",25
"15-34",2012,3,"Lymphoma",0,"Rates",3.36823572919363
"15-34",2012,3,"Melanoma Cancer",0,"Counts",134
"15-34",2012,3,"Melanoma Cancer",0,"Rates",18.083664124236
"15-34",2012,3,"Pancreatic Cancer",0,"Counts",33
"15-34",2012,3,"Pancreatic Cancer",0,"Rates",4.39981003620224
"15-34",2012,3,"Prostate Cancer",1,"Counts",NA
"15-34",2012,3,"Prostate Cancer",1,"Rates",NA
"15-34",2013,1,"All malignant neoplasms",0,"Counts",180
"15-34",2013,1,"All malignant neoplasms",0,"Rates",46.4030905166656
"15-34",2013,1,"Breast (Female) Cancer",1,"Counts",NA
"15-34",2013,1,"Breast (Female) Cancer",1,"Rates",NA
"15-34",2013,1,"Colorectal Cancer",0,"Counts",9
"15-34",2013,1,"Colorectal Cancer",0,"Rates",2.30955146569453
"15-34",2013,1,"Leukaemia",0,"Counts",36
"15-34",2013,1,"Leukaemia",0,"Rates",9.2586910073816
"15-34",2013,1,"Lung Cancer",0,"Counts",15
"15-34",2013,1,"Lung Cancer",0,"Rates",3.86845726588999
"15-34",2013,1,"Lymphoma",0,"Counts",20
"15-34",2013,1,"Lymphoma",0,"Rates",5.22258075118912
"15-34",2013,1,"Melanoma Cancer",0,"Counts",57
"15-34",2013,1,"Melanoma Cancer",0,"Rates",14.7250232074035
"15-34",2013,1,"Pancreatic Cancer",0,"Counts",37
"15-34",2013,1,"Pancreatic Cancer",0,"Rates",9.57153022894303
"15-34",2013,1,"Prostate Cancer",0,"Counts",23
"15-34",2013,1,"Prostate Cancer",0,"Rates",5.99627220436712
"15-34",2013,2,"All malignant neoplasms",0,"Counts",275
"15-34",2013,2,"All malignant neoplasms",0,"Rates",74.9750413326125
"15-34",2013,2,"Breast (Female) Cancer",0,"Counts",25
"15-34",2013,2,"Breast (Female) Cancer",0,"Rates",6.78835151343384
"15-34",2013,2,"Colorectal Cancer",0,"Counts",66
"15-34",2013,2,"Colorectal Cancer",0,"Rates",18.0540510436434
"15-34",2013,2,"Leukaemia",0,"Counts",33
"15-34",2013,2,"Leukaemia",0,"Rates",9.04356091974573
"15-34",2013,2,"Lung Cancer",1,"Counts",NA
"15-34",2013,2,"Lung Cancer",1,"Rates",NA
"15-34",2013,2,"Lymphoma",0,"Counts",20
"15-34",2013,2,"Lymphoma",0,"Rates",5.43068121074708
"15-34",2013,2,"Melanoma Cancer",0,"Counts",103
"15-34",2013,2,"Melanoma Cancer",0,"Rates",28.1361214567491
"15-34",2013,2,"Pancreatic Cancer",0,"Counts",13
"15-34",2013,2,"Pancreatic Cancer",0,"Rates",3.55739990908683
"15-34",2013,2,"Prostate Cancer",1,"Counts",NA
"15-34",2013,2,"Prostate Cancer",1,"Rates",NA
"15-34",2013,3,"All malignant neoplasms",0,"Counts",455
"15-34",2013,3,"All malignant neoplasms",0,"Rates",60.3092557338958
"15-34",2013,3,"Breast (Female) Cancer",1,"Counts",NA
"15-34",2013,3,"Breast (Female) Cancer",1,"Rates",NA
"15-34",2013,3,"Colorectal Cancer",0,"Counts",75
"15-34",2013,3,"Colorectal Cancer",0,"Rates",9.96756184282502
"15-34",2013,3,"Leukaemia",0,"Counts",69
"15-34",2013,3,"Leukaemia",0,"Rates",9.14999886306827
"15-34",2013,3,"Lung Cancer",0,"Counts",15
"15-34",2013,3,"Lung Cancer",0,"Rates",1.98404983766339
"15-34",2013,3,"Lymphoma",0,"Counts",40
"15-34",2013,3,"Lymphoma",0,"Rates",5.32906495631854
"15-34",2013,3,"Melanoma Cancer",0,"Counts",160
"15-34",2013,3,"Melanoma Cancer",0,"Rates",21.2471572366725
"15-34",2013,3,"Pancreatic Cancer",0,"Counts",50
"15-34",2013,3,"Pancreatic Cancer",0,"Rates",6.65692748332072
"15-34",2013,3,"Prostate Cancer",1,"Counts",NA
"15-34",2013,3,"Prostate Cancer",1,"Rates",NA
"15-34",2014,1,"All malignant neoplasms",0,"Counts",274
"15-34",2014,1,"All malignant neoplasms",0,"Rates",70.0180190291633
"15-34",2014,1,"Breast (Female) Cancer",1,"Counts",NA
"15-34",2014,1,"Breast (Female) Cancer",1,"Rates",NA
"15-34",2014,1,"Colorectal Cancer",1,"Counts",NA
"15-34",2014,1,"Colorectal Cancer",1,"Rates",NA
"15-34",2014,1,"Leukaemia",0,"Counts",31
"15-34",2014,1,"Leukaemia",0,"Rates",7.93826833323315
"15-34",2014,1,"Lung Cancer",0,"Counts",40
"15-34",2014,1,"Lung Cancer",0,"Rates",10.312847587809
"15-34",2014,1,"Lymphoma",0,"Counts",5
"15-34",2014,1,"Lymphoma",0,"Rates",1.24848643730438
"15-34",2014,1,"Melanoma Cancer",0,"Counts",38
"15-34",2014,1,"Melanoma Cancer",0,"Rates",9.73826413933572
"15-34",2014,1,"Pancreatic Cancer",0,"Counts",20
"15-34",2014,1,"Pancreatic Cancer",0,"Rates",5.15791199852762
"15-34",2014,1,"Prostate Cancer",0,"Counts",17
"15-34",2014,1,"Prostate Cancer",0,"Rates",4.36508512829467
"15-34",2014,2,"All malignant neoplasms",0,"Counts",274
"15-34",2014,2,"All malignant neoplasms",0,"Rates",73.7263716346092
"15-34",2014,2,"Breast (Female) Cancer",0,"Counts",32
"15-34",2014,2,"Breast (Female) Cancer",0,"Rates",8.72261367155631
"15-34",2014,2,"Colorectal Cancer",0,"Counts",31
"15-34",2014,2,"Colorectal Cancer",0,"Rates",8.46524020391346
"15-34",2014,2,"Leukaemia",0,"Counts",27
"15-34",2014,2,"Leukaemia",0,"Rates",7.33446939406739
"15-34",2014,2,"Lung Cancer",0,"Counts",20
"15-34",2014,2,"Lung Cancer",0,"Rates",5.4752217881735
"15-34",2014,2,"Lymphoma",0,"Counts",56
"15-34",2014,2,"Lymphoma",0,"Rates",15.2186433062322
"15-34",2014,2,"Melanoma Cancer",0,"Counts",99
"15-34",2014,2,"Melanoma Cancer",0,"Rates",26.6387290788617
"15-34",2014,2,"Pancreatic Cancer",0,"Counts",31
"15-34",2014,2,"Pancreatic Cancer",0,"Rates",8.39500480848688
"15-34",2014,2,"Prostate Cancer",1,"Counts",NA
"15-34",2014,2,"Prostate Cancer",1,"Rates",NA
"15-34",2014,3,"All malignant neoplasms",0,"Counts",548
"15-34",2014,3,"All malignant neoplasms",0,"Rates",71.8081024150455
"15-34",2014,3,"Breast (Female) Cancer",1,"Counts",NA
"15-34",2014,3,"Breast (Female) Cancer",1,"Rates",NA
"15-34",2014,3,"Colorectal Cancer",0,"Counts",31
"15-34",2014,3,"Colorectal Cancer",0,"Rates",4.12613289758931
"15-34",2014,3,"Leukaemia",0,"Counts",58
"15-34",2014,3,"Leukaemia",0,"Rates",7.64746602892988
"15-34",2014,3,"Lung Cancer",0,"Counts",60
"15-34",2014,3,"Lung Cancer",0,"Rates",7.95977911718196
"15-34",2014,3,"Lymphoma",0,"Counts",61
"15-34",2014,3,"Lymphoma",0,"Rates",8.05576855438856
"15-34",2014,3,"Melanoma Cancer",0,"Counts",137
"15-34",2014,3,"Melanoma Cancer",0,"Rates",17.9538734574699
"15-34",2014,3,"Pancreatic Cancer",0,"Counts",51
"15-34",2014,3,"Pancreatic Cancer",0,"Rates",6.73192695605111
"15-34",2014,3,"Prostate Cancer",1,"Counts",NA
"15-34",2014,3,"Prostate Cancer",1,"Rates",NA
"15-34",2015,1,"All malignant neoplasms",0,"Counts",256
"15-34",2015,1,"All malignant neoplasms",0,"Rates",64.7314883717003
"15-34",2015,1,"Breast (Female) Cancer",1,"Counts",NA
"15-34",2015,1,"Breast (Female) Cancer",1,"Rates",NA
"15-34",2015,1,"Colorectal Cancer",0,"Counts",15
"15-34",2015,1,"Colorectal Cancer",0,"Rates",3.69595915915734
"15-34",2015,1,"Leukaemia",0,"Counts",6
"15-34",2015,1,"Leukaemia",0,"Rates",1.52332359794104
"15-34",2015,1,"Lung Cancer",1,"Counts",NA
"15-34",2015,1,"Lung Cancer",1,"Rates",NA
"15-34",2015,1,"Lymphoma",0,"Counts",46
"15-34",2015,1,"Lymphoma",0,"Rates",11.5648445143588
"15-34",2015,1,"Melanoma Cancer",0,"Counts",91
"15-34",2015,1,"Melanoma Cancer",0,"Rates",22.828461783224
"15-34",2015,1,"Pancreatic Cancer",0,"Counts",20
"15-34",2015,1,"Pancreatic Cancer",0,"Rates",5.07774532647014
"15-34",2015,1,"Prostate Cancer",0,"Counts",26
"15-34",2015,1,"Prostate Cancer",0,"Rates",6.60099440853878
"15-34",2015,2,"All malignant neoplasms",0,"Counts",370
"15-34",2015,2,"All malignant neoplasms",0,"Rates",98.5842782270692
"15-34",2015,2,"Breast (Female) Cancer",0,"Counts",22
"15-34",2015,2,"Breast (Female) Cancer",0,"Rates",5.79862744932133
"15-34",2015,2,"Colorectal Cancer",0,"Counts",7
"15-34",2015,2,"Colorectal Cancer",0,"Rates",1.86268611833138
"15-34",2015,2,"Leukaemia",0,"Counts",13
"15-34",2015,2,"Leukaemia",0,"Rates",3.48035268422382
"15-34",2015,2,"Lung Cancer",0,"Counts",29
"15-34",2015,2,"Lung Cancer",0,"Rates",7.67394919973494
"15-34",2015,2,"Lymphoma",0,"Counts",44
"15-34",2015,2,"Lymphoma",0,"Rates",11.9286276475596
"15-34",2015,2,"Melanoma Cancer",0,"Counts",91
"15-34",2015,2,"Melanoma Cancer",0,"Rates",24.1958973563287
"15-34",2015,2,"Pancreatic Cancer",1,"Counts",NA
"15-34",2015,2,"Pancreatic Cancer",1,"Rates",NA
"15-34",2015,2,"Prostate Cancer",1,"Counts",NA
"15-34",2015,2,"Prostate Cancer",1,"Rates",NA
"15-34",2015,3,"All malignant neoplasms",0,"Counts",626
"15-34",2015,3,"All malignant neoplasms",0,"Rates",81.2034063137733
"15-34",2015,3,"Breast (Female) Cancer",1,"Counts",NA
"15-34",2015,3,"Breast (Female) Cancer",1,"Rates",NA
"15-34",2015,3,"Colorectal Cancer",0,"Counts",22
"15-34",2015,3,"Colorectal Cancer",0,"Rates",2.80691626088165
"15-34",2015,3,"Leukaemia",0,"Counts",19
"15-34",2015,3,"Leukaemia",0,"Rates",2.4758895090573
"15-34",2015,3,"Lung Cancer",0,"Counts",29
"15-34",2015,3,"Lung Cancer",0,"Rates",3.73231298484755
"15-34",2015,3,"Lymphoma",0,"Counts",90
"15-34",2015,3,"Lymphoma",0,"Rates",11.7532932966626
"15-34",2015,3,"Melanoma Cancer",0,"Counts",182
"15-34",2015,3,"Melanoma Cancer",0,"Rates",23.4980636297152
"15-34",2015,3,"Pancreatic Cancer",0,"Counts",22
"15-34",2015,3,"Pancreatic Cancer",0,"Rates",2.86681943154003
"15-34",2015,3,"Prostate Cancer",1,"Counts",NA
"15-34",2015,3,"Prostate Cancer",1,"Rates",NA
"15-34",2016,1,"All malignant neoplasms",0,"Counts",258
"15-34",2016,1,"All malignant neoplasms",0,"Rates",64.1741049799257
"15-34",2016,1,"Breast (Female) Cancer",1,"Counts",NA
"15-34",2016,1,"Breast (Female) Cancer",1,"Rates",NA
"15-34",2016,1,"Colorectal Cancer",0,"Counts",25
"15-34",2016,1,"Colorectal Cancer",0,"Rates",6.18864071639216
"15-34",2016,1,"Leukaemia",0,"Counts",34
"15-34",2016,1,"Leukaemia",0,"Rates",8.70788808818395
"15-34",2016,1,"Lung Cancer",0,"Counts",8
"15-34",2016,1,"Lung Cancer",0,"Rates",1.93163337863474
"15-34",2016,1,"Lymphoma",0,"Counts",8
"15-34",2016,1,"Lymphoma",0,"Rates",1.99575397154362
"15-34",2016,1,"Melanoma Cancer",0,"Counts",64
"15-34",2016,1,"Melanoma Cancer",0,"Rates",15.7678625879084
"15-34",2016,1,"Pancreatic Cancer",0,"Counts",26
"15-34",2016,1,"Pancreatic Cancer",0,"Rates",6.49825290994419
"15-34",2016,1,"Prostate Cancer",0,"Counts",5
"15-34",2016,1,"Prostate Cancer",0,"Rates",1.24734623221476
"15-34",2016,2,"All malignant neoplasms",0,"Counts",348
"15-34",2016,2,"All malignant neoplasms",0,"Rates",91.5882196785675
"15-34",2016,2,"Breast (Female) Cancer",0,"Counts",90
"15-34",2016,2,"Breast (Female) Cancer",0,"Rates",23.4996118269408
"15-34",2016,2,"Colorectal Cancer",0,"Counts",27
"15-34",2016,2,"Colorectal Cancer",0,"Rates",7.28237842111454
"15-34",2016,2,"Leukaemia",0,"Counts",25
"15-34",2016,2,"Leukaemia",0,"Rates",6.50962576203105
"15-34",2016,2,"Lung Cancer",0,"Counts",8
"15-34",2016,2,"Lung Cancer",0,"Rates",2.19096586045805
"15-34",2016,2,"Lymphoma",0,"Counts",7
"15-34",2016,2,"Lymphoma",0,"Rates",1.81793555381245
"15-34",2016,2,"Melanoma Cancer",0,"Counts",54
"15-34",2016,2,"Melanoma Cancer",0,"Rates",14.0891651256582
"15-34",2016,2,"Pancreatic Cancer",0,"Counts",28
"15-34",2016,2,"Pancreatic Cancer",0,"Rates",7.37090178933816
"15-34",2016,2,"Prostate Cancer",1,"Counts",NA
"15-34",2016,2,"Prostate Cancer",1,"Rates",NA
"15-34",2016,3,"All malignant neoplasms",0,"Counts",606
"15-34",2016,3,"All malignant neoplasms",0,"Rates",77.5065776542155
"15-34",2016,3,"Breast (Female) Cancer",1,"Counts",NA
"15-34",2016,3,"Breast (Female) Cancer",1,"Rates",NA
"15-34",2016,3,"Colorectal Cancer",0,"Counts",52
"15-34",2016,3,"Colorectal Cancer",0,"Rates",6.72786696829223
"15-34",2016,3,"Leukaemia",0,"Counts",59
"15-34",2016,3,"Leukaemia",0,"Rates",7.64251301634633
"15-34",2016,3,"Lung Cancer",0,"Counts",16
"15-34",2016,3,"Lung Cancer",0,"Rates",2.05897761429607
"15-34",2016,3,"Lymphoma",0,"Counts",15
"15-34",2016,3,"Lymphoma",0,"Rates",1.91344906117873
"15-34",2016,3,"Melanoma Cancer",0,"Counts",118
"15-34",2016,3,"Melanoma Cancer",0,"Rates",14.9401214932447
"15-34",2016,3,"Pancreatic Cancer",0,"Counts",54
"15-34",2016,3,"Pancreatic Cancer",0,"Rates",6.92431512529214
"15-34",2016,3,"Prostate Cancer",1,"Counts",NA
"15-34",2016,3,"Prostate Cancer",1,"Rates",NA
"15-34",2017,1,"All malignant neoplasms",0,"Counts",228
"15-34",2017,1,"All malignant neoplasms",0,"Rates",55.6828282115676
"15-34",2017,1,"Breast (Female) Cancer",1,"Counts",NA
"15-34",2017,1,"Breast (Female) Cancer",1,"Rates",NA
"15-34",2017,1,"Colorectal Cancer",0,"Counts",45
"15-34",2017,1,"Colorectal Cancer",0,"Rates",11.1600070044112
"15-34",2017,1,"Leukaemia",0,"Counts",22
"15-34",2017,1,"Leukaemia",0,"Rates",5.32395891008307
"15-34",2017,1,"Lung Cancer",1,"Counts",NA
"15-34",2017,1,"Lung Cancer",1,"Rates",NA
"15-34",2017,1,"Lymphoma",0,"Counts",34
"15-34",2017,1,"Lymphoma",0,"Rates",8.21120604733354
"15-34",2017,1,"Melanoma Cancer",0,"Counts",55
"15-34",2017,1,"Melanoma Cancer",0,"Rates",13.5175776461491
"15-34",2017,1,"Pancreatic Cancer",0,"Counts",29
"15-34",2017,1,"Pancreatic Cancer",0,"Rates",7.26307140924949
"15-34",2017,1,"Prostate Cancer",0,"Counts",32
"15-34",2017,1,"Prostate Cancer",0,"Rates",7.88549204496975
"15-34",2017,2,"All malignant neoplasms",0,"Counts",355
"15-34",2017,2,"All malignant neoplasms",0,"Rates",91.9708361555364
"15-34",2017,2,"Breast (Female) Cancer",0,"Counts",43
"15-34",2017,2,"Breast (Female) Cancer",0,"Rates",11.0691449039794
"15-34",2017,2,"Colorectal Cancer",0,"Counts",58
"15-34",2017,2,"Colorectal Cancer",0,"Rates",14.8091928751558
"15-34",2017,2,"Leukaemia",0,"Counts",5
"15-34",2017,2,"Leukaemia",0,"Rates",1.33506049354611
"15-34",2017,2,"Lung Cancer",0,"Counts",12
"15-34",2017,2,"Lung Cancer",0,"Rates",3.07895689025955
"15-34",2017,2,"Lymphoma",0,"Counts",21
"15-34",2017,2,"Lymphoma",0,"Rates",5.67679611410228
"15-34",2017,2,"Melanoma Cancer",0,"Counts",107
"15-34",2017,2,"Melanoma Cancer",0,"Rates",28.0801060366985
"15-34",2017,2,"Pancreatic Cancer",1,"Counts",NA
"15-34",2017,2,"Pancreatic Cancer",1,"Rates",NA
"15-34",2017,2,"Prostate Cancer",1,"Counts",NA
"15-34",2017,2,"Prostate Cancer",1,"Rates",NA
"15-34",2017,3,"All malignant neoplasms",0,"Counts",583
"15-34",2017,3,"All malignant neoplasms",0,"Rates",73.2842888002848
"15-34",2017,3,"Breast (Female) Cancer",1,"Counts",NA
"15-34",2017,3,"Breast (Female) Cancer",1,"Rates",NA
"15-34",2017,3,"Colorectal Cancer",0,"Counts",103
"15-34",2017,3,"Colorectal Cancer",0,"Rates",12.9315731181153
"15-34",2017,3,"Leukaemia",0,"Counts",27
"15-34",2017,3,"Leukaemia",0,"Rates",3.39316046719065
"15-34",2017,3,"Lung Cancer",0,"Counts",12
"15-34",2017,3,"Lung Cancer",0,"Rates",1.49346146141158
"15-34",2017,3,"Lymphoma",0,"Counts",55
"15-34",2017,3,"Lymphoma",0,"Rates",6.97905866545821
"15-34",2017,3,"Melanoma Cancer",0,"Counts",162
"15-34",2017,3,"Melanoma Cancer",0,"Rates",20.5736338694839
"15-34",2017,3,"Pancreatic Cancer",0,"Counts",30
"15-34",2017,3,"Pancreatic Cancer",0,"Rates",3.87582438183109
"15-34",2017,3,"Prostate Cancer",1,"Counts",NA
"15-34",2017,3,"Prostate Cancer",1,"Rates",NA
"15-34",2018,1,"All malignant neoplasms",0,"Counts",248
"15-34",2018,1,"All malignant neoplasms",0,"Rates",59.9908086178605
"15-34",2018,1,"Breast (Female) Cancer",1,"Counts",NA
"15-34",2018,1,"Breast (Female) Cancer",1,"Rates",NA
"15-34",2018,1,"Colorectal Cancer",0,"Counts",31
"15-34",2018,1,"Colorectal Cancer",0,"Rates",7.43203306821208
"15-34",2018,1,"Leukaemia",1,"Counts",NA
"15-34",2018,1,"Leukaemia",1,"Rates",NA
"15-34",2018,1,"Lung Cancer",0,"Counts",12
"15-34",2018,1,"Lung Cancer",0,"Rates",2.84853073655235
"15-34",2018,1,"Lymphoma",0,"Counts",35
"15-34",2018,1,"Lymphoma",0,"Rates",8.56680580911787
"15-34",2018,1,"Melanoma Cancer",0,"Counts",83
"15-34",2018,1,"Melanoma Cancer",0,"Rates",20.0202734694667
"15-34",2018,1,"Pancreatic Cancer",1,"Counts",NA
"15-34",2018,1,"Pancreatic Cancer",1,"Rates",NA
"15-34",2018,1,"Prostate Cancer",0,"Counts",17
"15-34",2018,1,"Prostate Cancer",0,"Rates",4.03541854344917
"15-34",2018,2,"All malignant neoplasms",0,"Counts",339
"15-34",2018,2,"All malignant neoplasms",0,"Rates",85.7729795745242
"15-34",2018,2,"Breast (Female) Cancer",0,"Counts",41
"15-34",2018,2,"Breast (Female) Cancer",0,"Rates",10.3531045704727
"15-34",2018,2,"Colorectal Cancer",0,"Counts",29
"15-34",2018,2,"Colorectal Cancer",0,"Rates",7.66926459846993
"15-34",2018,2,"Leukaemia",0,"Counts",27
"15-34",2018,2,"Leukaemia",0,"Rates",6.72942148431403
"15-34",2018,2,"Lung Cancer",0,"Counts",32
"15-34",2018,2,"Lung Cancer",0,"Rates",8.24366669482849
"15-34",2018,2,"Lymphoma",0,"Counts",29
"15-34",2018,2,"Lymphoma",0,"Rates",7.89809822012799
"15-34",2018,2,"Melanoma Cancer",0,"Counts",103
"15-34",2018,2,"Melanoma Cancer",0,"Rates",25.9578032513884
"15-34",2018,2,"Pancreatic Cancer",0,"Counts",13
"15-34",2018,2,"Pancreatic Cancer",0,"Rates",3.23278502127584
"15-34",2018,2,"Prostate Cancer",1,"Counts",NA
"15-34",2018,2,"Prostate Cancer",1,"Rates",NA
"15-34",2018,3,"All malignant neoplasms",0,"Counts",587
"15-34",2018,3,"All malignant neoplasms",0,"Rates",72.4981113463989
"15-34",2018,3,"Breast (Female) Cancer",1,"Counts",NA
"15-34",2018,3,"Breast (Female) Cancer",1,"Rates",NA
"15-34",2018,3,"Colorectal Cancer",0,"Counts",60
"15-34",2018,3,"Colorectal Cancer",0,"Rates",7.5436601429959
"15-34",2018,3,"Leukaemia",0,"Counts",29
"15-34",2018,3,"Leukaemia",0,"Rates",3.51963261656829
"15-34",2018,3,"Lung Cancer",0,"Counts",44
"15-34",2018,3,"Lung Cancer",0,"Rates",5.46443665499444
"15-34",2018,3,"Lymphoma",0,"Counts",64
"15-34",2018,3,"Lymphoma",0,"Rates",8.23551028518244
"15-34",2018,3,"Melanoma Cancer",0,"Counts",186
"15-34",2018,3,"Melanoma Cancer",0,"Rates",22.9109932766563
"15-34",2018,3,"Pancreatic Cancer",0,"Counts",13
"15-34",2018,3,"Pancreatic Cancer",0,"Rates",1.56851071813342
"15-34",2018,3,"Prostate Cancer",1,"Counts",NA
"15-34",2018,3,"Prostate Cancer",1,"Rates",NA
"15-34",2019,1,"All malignant neoplasms",0,"Counts",216
"15-34",2019,1,"All malignant neoplasms",0,"Rates",51.3222958967695
"15-34",2019,1,"Breast (Female) Cancer",1,"Counts",NA
"15-34",2019,1,"Breast (Female) Cancer",1,"Rates",NA
"15-34",2019,1,"Colorectal Cancer",0,"Counts",20
"15-34",2019,1,"Colorectal Cancer",0,"Rates",4.74279246581511
"15-34",2019,1,"Leukaemia",0,"Counts",9
"15-34",2019,1,"Leukaemia",0,"Rates",2.1342566096168
"15-34",2019,1,"Lung Cancer",0,"Counts",21
"15-34",2019,1,"Lung Cancer",0,"Rates",5.27954632944986
"15-34",2019,1,"Lymphoma",1,"Counts",NA
"15-34",2019,1,"Lymphoma",1,"Rates",NA
"15-34",2019,1,"Melanoma Cancer",0,"Counts",35
"15-34",2019,1,"Melanoma Cancer",0,"Rates",8.09728415291641
"15-34",2019,1,"Pancreatic Cancer",1,"Counts",NA
"15-34",2019,1,"Pancreatic Cancer",1,"Rates",NA
"15-34",2019,1,"Prostate Cancer",1,"Counts",NA
"15-34",2019,1,"Prostate Cancer",1,"Rates",NA
"15-34",2019,2,"All malignant neoplasms",0,"Counts",398
"15-34",2019,2,"All malignant neoplasms",0,"Rates",99.5309006717107
"15-34",2019,2,"Breast (Female) Cancer",0,"Counts",65
"15-34",2019,2,"Breast (Female) Cancer",0,"Rates",16.1785677648392
"15-34",2019,2,"Colorectal Cancer",0,"Counts",45
"15-34",2019,2,"Colorectal Cancer",0,"Rates",11.0325240715842
"15-34",2019,2,"Leukaemia",0,"Counts",27
"15-34",2019,2,"Leukaemia",0,"Rates",7.05670539658539
"15-34",2019,2,"Lung Cancer",0,"Counts",6
"15-34",2019,2,"Lung Cancer",0,"Rates",1.44971546436337
"15-34",2019,2,"Lymphoma",0,"Counts",35
"15-34",2019,2,"Lymphoma",0,"Rates",8.95579634807175
"15-34",2019,2,"Melanoma Cancer",0,"Counts",126
"15-34",2019,2,"Melanoma Cancer",0,"Rates",31.5519280614848
"15-34",2019,2,"Pancreatic Cancer",0,"Counts",27
"15-34",2019,2,"Pancreatic Cancer",0,"Rates",6.68337767849414
"15-34",2019,2,"Prostate Cancer",1,"Counts",NA
"15-34",2019,2,"Prostate Cancer",1,"Rates",NA
"15-34",2019,3,"All malignant neoplasms",0,"Counts",614
"15-34",2019,3,"All malignant neoplasms",0,"Rates",74.7120840710016
"15-34",2019,3,"Breast (Female) Cancer",1,"Counts",NA
"15-34",2019,3,"Breast (Female) Cancer",1,"Rates",NA
"15-34",2019,3,"Colorectal Cancer",0,"Counts",65
"15-34",2019,3,"Colorectal Cancer",0,"Rates",7.78892526639587
"15-34",2019,3,"Leukaemia",0,"Counts",36
"15-34",2019,3,"Leukaemia",0,"Rates",4.5303781751161
"15-34",2019,3,"Lung Cancer",0,"Counts",27
"15-34",2019,3,"Lung Cancer",0,"Rates",3.41028938912689
"15-34",2019,3,"Lymphoma",0,"Counts",39
"15-34",2019,3,"Lymphoma",0,"Rates",4.84230929061523
"15-34",2019,3,"Melanoma Cancer",0,"Counts",161
"15-34",2019,3,"Melanoma Cancer",0,"Rates",19.48680195422
"15-34",2019,3,"Pancreatic Cancer",0,"Counts",31
"15-34",2019,3,"Pancreatic Cancer",0,"Rates",3.7236422290357
"15-34",2019,3,"Prostate Cancer",1,"Counts",NA
"15-34",2019,3,"Prostate Cancer",1,"Rates",NA
"15-34",2020,1,"All malignant neoplasms",0,"Counts",230
"15-34",2020,1,"All malignant neoplasms",0,"Rates",54.7958876632957
"15-34",2020,1,"Breast (Female) Cancer",1,"Counts",NA
"15-34",2020,1,"Breast (Female) Cancer",1,"Rates",NA
"15-34",2020,1,"Colorectal Cancer",0,"Counts",49
"15-34",2020,1,"Colorectal Cancer",0,"Rates",11.9674433448969
"15-34",2020,1,"Leukaemia",0,"Counts",22
"15-34",2020,1,"Leukaemia",0,"Rates",5.21420717758748
"15-34",2020,1,"Lung Cancer",0,"Counts",9
"15-34",2020,1,"Lung Cancer",0,"Rates",2.17787410485807
"15-34",2020,1,"Lymphoma",0,"Counts",24
"15-34",2020,1,"Lymphoma",0,"Rates",5.50942767797643
"15-34",2020,1,"Melanoma Cancer",0,"Counts",74
"15-34",2020,1,"Melanoma Cancer",0,"Rates",17.7118935242402
"15-34",2020,1,"Pancreatic Cancer",0,"Counts",5
"15-34",2020,1,"Pancreatic Cancer",0,"Rates",1.10377511584389
"15-34",2020,1,"Prostate Cancer",1,"Counts",NA
"15-34",2020,1,"Prostate Cancer",1,"Rates",NA
"15-34",2020,2,"All malignant neoplasms",0,"Counts",285
"15-34",2020,2,"All malignant neoplasms",0,"Rates",70.3113485042862
"15-34",2020,2,"Breast (Female) Cancer",0,"Counts",47
"15-34",2020,2,"Breast (Female) Cancer",0,"Rates",11.8116769008851
"15-34",2020,2,"Colorectal Cancer",0,"Counts",39
"15-34",2020,2,"Colorectal Cancer",0,"Rates",9.40120920996304
"15-34",2020,2,"Leukaemia",0,"Counts",13
"15-34",2020,2,"Leukaemia",0,"Rates",3.15048134988336
"15-34",2020,2,"Lung Cancer",0,"Counts",34
"15-34",2020,2,"Lung Cancer",0,"Rates",8.93035740160063
"15-34",2020,2,"Lymphoma",0,"Counts",59
"15-34",2020,2,"Lymphoma",0,"Rates",15.424043809039
"15-34",2020,2,"Melanoma Cancer",0,"Counts",72
"15-34",2020,2,"Melanoma Cancer",0,"Rates",18.2822956844116
"15-34",2020,2,"Pancreatic Cancer",0,"Counts",31
"15-34",2020,2,"Pancreatic Cancer",0,"Rates",8.41805241936121
"15-34",2020,2,"Prostate Cancer",1,"Counts",NA
"15-34",2020,2,"Prostate Cancer",1,"Rates",NA
"15-34",2020,3,"All malignant neoplasms",0,"Counts",515
"15-34",2020,3,"All malignant neoplasms",0,"Rates",62.3080893655702
"15-34",2020,3,"Breast (Female) Cancer",1,"Counts",NA
"15-34",2020,3,"Breast (Female) Cancer",1,"Rates",NA
"15-34",2020,3,"Colorectal Cancer",0,"Counts",88
"15-34",2020,3,"Colorectal Cancer",0,"Rates",10.71555356996
"15-34",2020,3,"Leukaemia",0,"Counts",35
"15-34",2020,3,"Leukaemia",0,"Rates",4.20274165251462
"15-34",2020,3,"Lung Cancer",0,"Counts",43
"15-34",2020,3,"Lung Cancer",0,"Rates",5.46715660546559
"15-34",2020,3,"Lymphoma",0,"Counts",83
"15-34",2020,3,"Lymphoma",0,"Rates",10.3303765029467
"15-34",2020,3,"Melanoma Cancer",0,"Counts",146
"15-34",2020,3,"Melanoma Cancer",0,"Rates",17.9882164092441
"15-34",2020,3,"Pancreatic Cancer",0,"Counts",36
"15-34",2020,3,"Pancreatic Cancer",0,"Rates",4.66491668082687
"15-34",2020,3,"Prostate Cancer",1,"Counts",NA
"15-34",2020,3,"Prostate Cancer",1,"Rates",NA
"15-34",2021,1,"All malignant neoplasms",0,"Counts",251
"15-34",2021,1,"All malignant neoplasms",0,"Rates",59.6776371133685
"15-34",2021,1,"Breast (Female) Cancer",1,"Counts",NA
"15-34",2021,1,"Breast (Female) Cancer",1,"Rates",NA
"15-34",2021,1,"Colorectal Cancer",0,"Counts",42
"15-34",2021,1,"Colorectal Cancer",0,"Rates",9.2510365499604
"15-34",2021,1,"Leukaemia",0,"Counts",19
"15-34",2021,1,"Leukaemia",0,"Rates",4.1322218705086
"15-34",2021,1,"Lung Cancer",1,"Counts",NA
"15-34",2021,1,"Lung Cancer",1,"Rates",NA
"15-34",2021,1,"Lymphoma",0,"Counts",24
"15-34",2021,1,"Lymphoma",0,"Rates",5.49183519108463
"15-34",2021,1,"Melanoma Cancer",0,"Counts",36
"15-34",2021,1,"Melanoma Cancer",0,"Rates",8.5916165134496
"15-34",2021,1,"Pancreatic Cancer",0,"Counts",29
"15-34",2021,1,"Pancreatic Cancer",0,"Rates",7.48790673863603
"15-34",2021,1,"Prostate Cancer",0,"Counts",7
"15-34",2021,1,"Prostate Cancer",0,"Rates",1.52239753124001
"15-34",2021,2,"All malignant neoplasms",0,"Counts",333
"15-34",2021,2,"All malignant neoplasms",0,"Rates",81.8490662001544
"15-34",2021,2,"Breast (Female) Cancer",0,"Counts",64
"15-34",2021,2,"Breast (Female) Cancer",0,"Rates",16.0320028445705
"15-34",2021,2,"Colorectal Cancer",0,"Counts",41
"15-34",2021,2,"Colorectal Cancer",0,"Rates",10.4601139702879
"15-34",2021,2,"Leukaemia",0,"Counts",28
"15-34",2021,2,"Leukaemia",0,"Rates",7.56424826218144
"15-34",2021,2,"Lung Cancer",0,"Counts",27
"15-34",2021,2,"Lung Cancer",0,"Rates",7.50588526095599
"15-34",2021,2,"Lymphoma",0,"Counts",39
"15-34",2021,2,"Lymphoma",0,"Rates",10.1021693946934
"15-34",2021,2,"Melanoma Cancer",0,"Counts",71
"15-34",2021,2,"Melanoma Cancer",0,"Rates",17.0490568220761
"15-34",2021,2,"Pancreatic Cancer",0,"Counts",16
"15-34",2021,2,"Pancreatic Cancer",0,"Rates",3.71056989077405
"15-34",2021,2,"Prostate Cancer",1,"Counts",NA
"15-34",2021,2,"Prostate Cancer",1,"Rates",NA
"15-34",2021,3,"All malignant neoplasms",0,"Counts",584
"15-34",2021,3,"All malignant neoplasms",0,"Rates",70.4166286189166
"15-34",2021,3,"Breast (Female) Cancer",1,"Counts",NA
"15-34",2021,3,"Breast (Female) Cancer",1,"Rates",NA
"15-34",2021,3,"Colorectal Cancer",0,"Counts",83
"15-34",2021,3,"Colorectal Cancer",0,"Rates",9.8339197063945
"15-34",2021,3,"Leukaemia",0,"Counts",47
"15-34",2021,3,"Leukaemia",0,"Rates",5.79291727327466
"15-34",2021,3,"Lung Cancer",0,"Counts",27
"15-34",2021,3,"Lung Cancer",0,"Rates",3.63548739576773
"15-34",2021,3,"Lymphoma",0,"Counts",63
"15-34",2021,3,"Lymphoma",0,"Rates",7.72677152837928
"15-34",2021,3,"Melanoma Cancer",0,"Counts",107
"15-34",2021,3,"Melanoma Cancer",0,"Rates",12.6847223742355
"15-34",2021,3,"Pancreatic Cancer",0,"Counts",45
"15-34",2021,3,"Pancreatic Cancer",0,"Rates",5.65598861232765
"15-34",2021,3,"Prostate Cancer",1,"Counts",NA
"15-34",2021,3,"Prostate Cancer",1,"Rates",NA
"15-34",2022,1,"All malignant neoplasms",0,"Counts",210
"15-34",2022,1,"All malignant neoplasms",0,"Rates",49.0161803089254
"15-34",2022,1,"Breast (Female) Cancer",1,"Counts",NA
"15-34",2022,1,"Breast (Female) Cancer",1,"Rates",NA
"15-34",2022,1,"Colorectal Cancer",0,"Counts",48
"15-34",2022,1,"Colorectal Cancer",0,"Rates",11.420879859144
"15-34",2022,1,"Leukaemia",0,"Counts",11
"15-34",2022,1,"Leukaemia",0,"Rates",2.6393922601812
"15-34",2022,1,"Lung Cancer",0,"Counts",12
"15-34",2022,1,"Lung Cancer",0,"Rates",2.82213798565047
"15-34",2022,1,"Lymphoma",0,"Counts",29
"15-34",2022,1,"Lymphoma",0,"Rates",6.24546418886414
"15-34",2022,1,"Melanoma Cancer",0,"Counts",36
"15-34",2022,1,"Melanoma Cancer",0,"Rates",8.24109616778349
"15-34",2022,1,"Pancreatic Cancer",0,"Counts",9
"15-34",2022,1,"Pancreatic Cancer",0,"Rates",2.42635364711687
"15-34",2022,1,"Prostate Cancer",1,"Counts",NA
"15-34",2022,1,"Prostate Cancer",1,"Rates",NA
"15-34",2022,2,"All malignant neoplasms",0,"Counts",267
"15-34",2022,2,"All malignant neoplasms",0,"Rates",64.6972914156256
"15-34",2022,2,"Breast (Female) Cancer",0,"Counts",35
"15-34",2022,2,"Breast (Female) Cancer",0,"Rates",8.07796116268094
"15-34",2022,2,"Colorectal Cancer",0,"Counts",24
"15-34",2022,2,"Colorectal Cancer",0,"Rates",6.87754030635357
"15-34",2022,2,"Leukaemia",1,"Counts",NA
"15-34",2022,2,"Leukaemia",1,"Rates",NA
"15-34",2022,2,"Lung Cancer",0,"Counts",18
"15-34",2022,2,"Lung Cancer",0,"Rates",5.09895059206266
"15-34",2022,2,"Lymphoma",0,"Counts",20
"15-34",2022,2,"Lymphoma",0,"Rates",5.67207895092546
"15-34",2022,2,"Melanoma Cancer",0,"Counts",87
"15-34",2022,2,"Melanoma Cancer",0,"Rates",21.2552460964363
"15-34",2022,2,"Pancreatic Cancer",0,"Counts",8
"15-34",2022,2,"Pancreatic Cancer",0,"Rates",2.01147985730317
"15-34",2022,2,"Prostate Cancer",1,"Counts",NA
"15-34",2022,2,"Prostate Cancer",1,"Rates",NA
"15-34",2022,3,"All malignant neoplasms",0,"Counts",477
"15-34",2022,3,"All malignant neoplasms",0,"Rates",56.6449356286245
"15-34",2022,3,"Breast (Female) Cancer",1,"Counts",NA
"15-34",2022,3,"Breast (Female) Cancer",1,"Rates",NA
"15-34",2022,3,"Colorectal Cancer",0,"Counts",72
"15-34",2022,3,"Colorectal Cancer",0,"Rates",9.20992004373706
"15-34",2022,3,"Leukaemia",0,"Counts",15
"15-34",2022,3,"Leukaemia",0,"Rates",1.89760524839202
"15-34",2022,3,"Lung Cancer",0,"Counts",30
"15-34",2022,3,"Lung Cancer",0,"Rates",3.92463695775058
"15-34",2022,3,"Lymphoma",0,"Counts",49
"15-34",2022,3,"Lymphoma",0,"Rates",5.95725989864665
"15-34",2022,3,"Melanoma Cancer",0,"Counts",123
"15-34",2022,3,"Melanoma Cancer",0,"Rates",14.5618277732136
"15-34",2022,3,"Pancreatic Cancer",0,"Counts",17
"15-34",2022,3,"Pancreatic Cancer",0,"Rates",2.22616665518181
"15-34",2022,3,"Prostate Cancer",1,"Counts",NA
"15-34",2022,3,"Prostate Cancer",1,"Rates",NA
"15-34",2023,1,"All malignant neoplasms",0,"Counts",263
"15-34",2023,1,"All malignant neoplasms",0,"Rates",60.7880123648014
"15-34",2023,1,"Breast (Female) Cancer",1,"Counts",NA
"15-34",2023,1,"Breast (Female) Cancer",1,"Rates",NA
"15-34",2023,1,"Colorectal Cancer",0,"Counts",40
"15-34",2023,1,"Colorectal Cancer",0,"Rates",8.74218706365561
"15-34",2023,1,"Leukaemia",0,"Counts",15
"15-34",2023,1,"Leukaemia",0,"Rates",3.20503811159035
"15-34",2023,1,"Lung Cancer",0,"Counts",15
"15-34",2023,1,"Lung Cancer",0,"Rates",3.54702095223268
"15-34",2023,1,"Lymphoma",0,"Counts",51
"15-34",2023,1,"Lymphoma",0,"Rates",11.8950696449578
"15-34",2023,1,"Melanoma Cancer",0,"Counts",65
"15-34",2023,1,"Melanoma Cancer",0,"Rates",15.1427655724521
"15-34",2023,1,"Pancreatic Cancer",0,"Counts",16
"15-34",2023,1,"Pancreatic Cancer",0,"Rates",3.80954485119237
"15-34",2023,1,"Prostate Cancer",0,"Counts",36
"15-34",2023,1,"Prostate Cancer",0,"Rates",8.08292899997951
"15-34",2023,2,"All malignant neoplasms",0,"Counts",325
"15-34",2023,2,"All malignant neoplasms",0,"Rates",79.3741550717506
"15-34",2023,2,"Breast (Female) Cancer",0,"Counts",65
"15-34",2023,2,"Breast (Female) Cancer",0,"Rates",15.4750863814867
"15-34",2023,2,"Colorectal Cancer",0,"Counts",33
"15-34",2023,2,"Colorectal Cancer",0,"Rates",8.40264386546913
"15-34",2023,2,"Leukaemia",0,"Counts",38
"15-34",2023,2,"Leukaemia",0,"Rates",9.75138425707607
"15-34",2023,2,"Lung Cancer",0,"Counts",33
"15-34",2023,2,"Lung Cancer",0,"Rates",8.52785562435572
"15-34",2023,2,"Lymphoma",0,"Counts",27
"15-34",2023,2,"Lymphoma",0,"Rates",6.804180025752
"15-34",2023,2,"Melanoma Cancer",0,"Counts",64
"15-34",2023,2,"Melanoma Cancer",0,"Rates",16.1006982744711
"15-34",2023,2,"Pancreatic Cancer",0,"Counts",6
"15-34",2023,2,"Pancreatic Cancer",0,"Rates",1.51256690253273
"15-34",2023,2,"Prostate Cancer",1,"Counts",NA
"15-34",2023,2,"Prostate Cancer",1,"Rates",NA
"15-34",2023,3,"All malignant neoplasms",0,"Counts",588
"15-34",2023,3,"All malignant neoplasms",0,"Rates",69.8164084097923
"15-34",2023,3,"Breast (Female) Cancer",1,"Counts",NA
"15-34",2023,3,"Breast (Female) Cancer",1,"Rates",NA
"15-34",2023,3,"Colorectal Cancer",0,"Counts",73
"15-34",2023,3,"Colorectal Cancer",0,"Rates",8.57287925451837
"15-34",2023,3,"Leukaemia",0,"Counts",53
"15-34",2023,3,"Leukaemia",0,"Rates",6.38099209794638
"15-34",2023,3,"Lung Cancer",0,"Counts",48
"15-34",2023,3,"Lung Cancer",0,"Rates",5.96430936089053
"15-34",2023,3,"Lymphoma",0,"Counts",78
"15-34",2023,3,"Lymphoma",0,"Rates",9.42141130888194
"15-34",2023,3,"Melanoma Cancer",0,"Counts",129
"15-34",2023,3,"Melanoma Cancer",0,"Rates",15.6068314972072
"15-34",2023,3,"Pancreatic Cancer",0,"Counts",22
"15-34",2023,3,"Pancreatic Cancer",0,"Rates",2.69385221073023
"15-34",2023,3,"Prostate Cancer",1,"Counts",NA
"15-34",2023,3,"Prostate Cancer",1,"Rates",NA
"35-49",2005,1,"All malignant neoplasms",0,"Counts",595
"35-49",2005,1,"All malignant neoplasms",0,"Rates",238.642804779328
"35-49",2005,1,"Breast (Female) Cancer",1,"Counts",NA
"35-49",2005,1,"Breast (Female) Cancer",1,"Rates",NA
"35-49",2005,1,"Colorectal Cancer",0,"Counts",81
"35-49",2005,1,"Colorectal Cancer",0,"Rates",31.7270000539078
"35-49",2005,1,"Leukaemia",0,"Counts",31
"35-49",2005,1,"Leukaemia",0,"Rates",12.3234813390642
"35-49",2005,1,"Lung Cancer",0,"Counts",32
"35-49",2005,1,"Lung Cancer",0,"Rates",13.0504658279861
"35-49",2005,1,"Lymphoma",0,"Counts",33
"35-49",2005,1,"Lymphoma",0,"Rates",12.9161498491964
"35-49",2005,1,"Melanoma Cancer",0,"Counts",186
"35-49",2005,1,"Melanoma Cancer",0,"Rates",74.4622443425899
"35-49",2005,1,"Pancreatic Cancer",1,"Counts",NA
"35-49",2005,1,"Pancreatic Cancer",1,"Rates",NA
"35-49",2005,1,"Prostate Cancer",0,"Counts",60
"35-49",2005,1,"Prostate Cancer",0,"Rates",23.7252534067352
"35-49",2005,2,"All malignant neoplasms",0,"Counts",950
"35-49",2005,2,"All malignant neoplasms",0,"Rates",390.276666548152
"35-49",2005,2,"Breast (Female) Cancer",0,"Counts",388
"35-49",2005,2,"Breast (Female) Cancer",0,"Rates",158.898732402041
"35-49",2005,2,"Colorectal Cancer",0,"Counts",64
"35-49",2005,2,"Colorectal Cancer",0,"Rates",27.1802270866926
"35-49",2005,2,"Leukaemia",0,"Counts",9
"35-49",2005,2,"Leukaemia",0,"Rates",3.55486966160639
"35-49",2005,2,"Lung Cancer",0,"Counts",34
"35-49",2005,2,"Lung Cancer",0,"Rates",14.3614407796814
"35-49",2005,2,"Lymphoma",0,"Counts",67
"35-49",2005,2,"Lymphoma",0,"Rates",28.0275925078282
"35-49",2005,2,"Melanoma Cancer",0,"Counts",183
"35-49",2005,2,"Melanoma Cancer",0,"Rates",76.1601877660868
"35-49",2005,2,"Pancreatic Cancer",1,"Counts",NA
"35-49",2005,2,"Pancreatic Cancer",1,"Rates",NA
"35-49",2005,2,"Prostate Cancer",1,"Counts",NA
"35-49",2005,2,"Prostate Cancer",1,"Rates",NA
"35-49",2005,3,"All malignant neoplasms",0,"Counts",1545
"35-49",2005,3,"All malignant neoplasms",0,"Rates",313.536307232112
"35-49",2005,3,"Breast (Female) Cancer",1,"Counts",NA
"35-49",2005,3,"Breast (Female) Cancer",1,"Rates",NA
"35-49",2005,3,"Colorectal Cancer",0,"Counts",145
"35-49",2005,3,"Colorectal Cancer",0,"Rates",29.3936823129178
"35-49",2005,3,"Leukaemia",0,"Counts",40
"35-49",2005,3,"Leukaemia",0,"Rates",7.9715415682207
"35-49",2005,3,"Lung Cancer",0,"Counts",66
"35-49",2005,3,"Lung Cancer",0,"Rates",13.7248019349233
"35-49",2005,3,"Lymphoma",0,"Counts",100
"35-49",2005,3,"Lymphoma",0,"Rates",20.3906086767638
"35-49",2005,3,"Melanoma Cancer",0,"Counts",369
"35-49",2005,3,"Melanoma Cancer",0,"Rates",75.2045787056934
"35-49",2005,3,"Pancreatic Cancer",0,"Counts",5
"35-49",2005,3,"Pancreatic Cancer",0,"Rates",1.03397616499447
"35-49",2005,3,"Prostate Cancer",1,"Counts",NA
"35-49",2005,3,"Prostate Cancer",1,"Rates",NA
"35-49",2006,1,"All malignant neoplasms",0,"Counts",584
"35-49",2006,1,"All malignant neoplasms",0,"Rates",225.971668424316
"35-49",2006,1,"Breast (Female) Cancer",1,"Counts",NA
"35-49",2006,1,"Breast (Female) Cancer",1,"Rates",NA
"35-49",2006,1,"Colorectal Cancer",0,"Counts",42
"35-49",2006,1,"Colorectal Cancer",0,"Rates",16.4879348030578
"35-49",2006,1,"Leukaemia",0,"Counts",15
"35-49",2006,1,"Leukaemia",0,"Rates",5.6970716702865
"35-49",2006,1,"Lung Cancer",0,"Counts",19
"35-49",2006,1,"Lung Cancer",0,"Rates",7.29206155277271
"35-49",2006,1,"Lymphoma",0,"Counts",49
"35-49",2006,1,"Lymphoma",0,"Rates",19.307483866614
"35-49",2006,1,"Melanoma Cancer",0,"Counts",171
"35-49",2006,1,"Melanoma Cancer",0,"Rates",66.9551138942519
"35-49",2006,1,"Pancreatic Cancer",0,"Counts",35
"35-49",2006,1,"Pancreatic Cancer",0,"Rates",13.8978014409019
"35-49",2006,1,"Prostate Cancer",0,"Counts",59
"35-49",2006,1,"Prostate Cancer",0,"Rates",22.2957862634313
"35-49",2006,2,"All malignant neoplasms",0,"Counts",955
"35-49",2006,2,"All malignant neoplasms",0,"Rates",379.554015276031
"35-49",2006,2,"Breast (Female) Cancer",0,"Counts",409
"35-49",2006,2,"Breast (Female) Cancer",0,"Rates",161.608118279579
"35-49",2006,2,"Colorectal Cancer",0,"Counts",44
"35-49",2006,2,"Colorectal Cancer",0,"Rates",16.9482598050926
"35-49",2006,2,"Leukaemia",0,"Counts",20
"35-49",2006,2,"Leukaemia",0,"Rates",8.73528066543255
"35-49",2006,2,"Lung Cancer",0,"Counts",15
"35-49",2006,2,"Lung Cancer",0,"Rates",6.25699810332251
"35-49",2006,2,"Lymphoma",0,"Counts",27
"35-49",2006,2,"Lymphoma",0,"Rates",11.1758076693379
"35-49",2006,2,"Melanoma Cancer",0,"Counts",146
"35-49",2006,2,"Melanoma Cancer",0,"Rates",59.9033168719985
"35-49",2006,2,"Pancreatic Cancer",0,"Counts",52
"35-49",2006,2,"Pancreatic Cancer",0,"Rates",21.204818769869
"35-49",2006,2,"Prostate Cancer",1,"Counts",NA
"35-49",2006,2,"Prostate Cancer",1,"Rates",NA
"35-49",2006,3,"All malignant neoplasms",0,"Counts",1539
"35-49",2006,3,"All malignant neoplasms",0,"Rates",301.684232661996
"35-49",2006,3,"Breast (Female) Cancer",1,"Counts",NA
"35-49",2006,3,"Breast (Female) Cancer",1,"Rates",NA
"35-49",2006,3,"Colorectal Cancer",0,"Counts",86
"35-49",2006,3,"Colorectal Cancer",0,"Rates",16.7579405960282
"35-49",2006,3,"Leukaemia",0,"Counts",35
"35-49",2006,3,"Leukaemia",0,"Rates",7.15683943741918
"35-49",2006,3,"Lung Cancer",0,"Counts",34
"35-49",2006,3,"Lung Cancer",0,"Rates",6.76881972484802
"35-49",2006,3,"Lymphoma",0,"Counts",76
"35-49",2006,3,"Lymphoma",0,"Rates",15.3062529755494
"35-49",2006,3,"Melanoma Cancer",0,"Counts",317
"35-49",2006,3,"Melanoma Cancer",0,"Rates",63.4367952665874
"35-49",2006,3,"Pancreatic Cancer",0,"Counts",87
"35-49",2006,3,"Pancreatic Cancer",0,"Rates",17.4933205405983
"35-49",2006,3,"Prostate Cancer",1,"Counts",NA
"35-49",2006,3,"Prostate Cancer",1,"Rates",NA
"35-49",2007,1,"All malignant neoplasms",0,"Counts",651
"35-49",2007,1,"All malignant neoplasms",0,"Rates",243.687138043123
"35-49",2007,1,"Breast (Female) Cancer",1,"Counts",NA
"35-49",2007,1,"Breast (Female) Cancer",1,"Rates",NA
"35-49",2007,1,"Colorectal Cancer",0,"Counts",52
"35-49",2007,1,"Colorectal Cancer",0,"Rates",19.9505869186294
"35-49",2007,1,"Leukaemia",0,"Counts",58
"35-49",2007,1,"Leukaemia",0,"Rates",22.2055927605913
"35-49",2007,1,"Lung Cancer",0,"Counts",39
"35-49",2007,1,"Lung Cancer",0,"Rates",15.2048721711541
"35-49",2007,1,"Lymphoma",0,"Counts",49
"35-49",2007,1,"Lymphoma",0,"Rates",18.5457427878549
"35-49",2007,1,"Melanoma Cancer",0,"Counts",168
"35-49",2007,1,"Melanoma Cancer",0,"Rates",63.4385714724895
"35-49",2007,1,"Pancreatic Cancer",1,"Counts",NA
"35-49",2007,1,"Pancreatic Cancer",1,"Rates",NA
"35-49",2007,1,"Prostate Cancer",0,"Counts",44
"35-49",2007,1,"Prostate Cancer",0,"Rates",15.9350035326633
"35-49",2007,2,"All malignant neoplasms",0,"Counts",948
"35-49",2007,2,"All malignant neoplasms",0,"Rates",364.555919063378
"35-49",2007,2,"Breast (Female) Cancer",0,"Counts",380
"35-49",2007,2,"Breast (Female) Cancer",0,"Rates",144.736470121726
"35-49",2007,2,"Colorectal Cancer",0,"Counts",64
"35-49",2007,2,"Colorectal Cancer",0,"Rates",24.0449335804463
"35-49",2007,2,"Leukaemia",0,"Counts",37
"35-49",2007,2,"Leukaemia",0,"Rates",13.9887437893359
"35-49",2007,2,"Lung Cancer",0,"Counts",46
"35-49",2007,2,"Lung Cancer",0,"Rates",17.13504596352
"35-49",2007,2,"Lymphoma",0,"Counts",10
"35-49",2007,2,"Lymphoma",0,"Rates",3.67521965669037
"35-49",2007,2,"Melanoma Cancer",0,"Counts",180
"35-49",2007,2,"Melanoma Cancer",0,"Rates",70.1399280820582
"35-49",2007,2,"Pancreatic Cancer",0,"Counts",29
"35-49",2007,2,"Pancreatic Cancer",0,"Rates",11.6277698018913
"35-49",2007,2,"Prostate Cancer",1,"Counts",NA
"35-49",2007,2,"Prostate Cancer",1,"Rates",NA
"35-49",2007,3,"All malignant neoplasms",0,"Counts",1599
"35-49",2007,3,"All malignant neoplasms",0,"Rates",303.235705183548
"35-49",2007,3,"Breast (Female) Cancer",1,"Counts",NA
"35-49",2007,3,"Breast (Female) Cancer",1,"Rates",NA
"35-49",2007,3,"Colorectal Cancer",0,"Counts",116
"35-49",2007,3,"Colorectal Cancer",0,"Rates",21.9918576859697
"35-49",2007,3,"Leukaemia",0,"Counts",95
"35-49",2007,3,"Leukaemia",0,"Rates",18.1695950309595
"35-49",2007,3,"Lung Cancer",0,"Counts",85
"35-49",2007,3,"Lung Cancer",0,"Rates",16.1995430661324
"35-49",2007,3,"Lymphoma",0,"Counts",59
"35-49",2007,3,"Lymphoma",0,"Rates",11.2175823048604
"35-49",2007,3,"Melanoma Cancer",0,"Counts",348
"35-49",2007,3,"Melanoma Cancer",0,"Rates",66.7164695896143
"35-49",2007,3,"Pancreatic Cancer",0,"Counts",29
"35-49",2007,3,"Pancreatic Cancer",0,"Rates",5.70971229401154
"35-49",2007,3,"Prostate Cancer",1,"Counts",NA
"35-49",2007,3,"Prostate Cancer",1,"Rates",NA
"35-49",2008,1,"All malignant neoplasms",0,"Counts",692
"35-49",2008,1,"All malignant neoplasms",0,"Rates",249.290529662354
"35-49",2008,1,"Breast (Female) Cancer",1,"Counts",NA
"35-49",2008,1,"Breast (Female) Cancer",1,"Rates",NA
"35-49",2008,1,"Colorectal Cancer",0,"Counts",51
"35-49",2008,1,"Colorectal Cancer",0,"Rates",17.7357684172663
"35-49",2008,1,"Leukaemia",0,"Counts",17
"35-49",2008,1,"Leukaemia",0,"Rates",6.45067875409661
"35-49",2008,1,"Lung Cancer",0,"Counts",72
"35-49",2008,1,"Lung Cancer",0,"Rates",25.5778718395611
"35-49",2008,1,"Lymphoma",0,"Counts",20
"35-49",2008,1,"Lymphoma",0,"Rates",6.99571744908684
"35-49",2008,1,"Melanoma Cancer",0,"Counts",223
"35-49",2008,1,"Melanoma Cancer",0,"Rates",81.9937482820282
"35-49",2008,1,"Pancreatic Cancer",0,"Counts",25
"35-49",2008,1,"Pancreatic Cancer",0,"Rates",8.87565151964097
"35-49",2008,1,"Prostate Cancer",0,"Counts",92
"35-49",2008,1,"Prostate Cancer",0,"Rates",31.7610851992957
"35-49",2008,2,"All malignant neoplasms",0,"Counts",1059
"35-49",2008,2,"All malignant neoplasms",0,"Rates",394.011190865077
"35-49",2008,2,"Breast (Female) Cancer",0,"Counts",412
"35-49",2008,2,"Breast (Female) Cancer",0,"Rates",152.700535700283
"35-49",2008,2,"Colorectal Cancer",0,"Counts",62
"35-49",2008,2,"Colorectal Cancer",0,"Rates",22.4395420719283
"35-49",2008,2,"Leukaemia",0,"Counts",37
"35-49",2008,2,"Leukaemia",0,"Rates",13.0808601201322
"35-49",2008,2,"Lung Cancer",0,"Counts",43
"35-49",2008,2,"Lung Cancer",0,"Rates",15.8381598157384
"35-49",2008,2,"Lymphoma",0,"Counts",17
"35-49",2008,2,"Lymphoma",0,"Rates",6.06795777424539
"35-49",2008,2,"Melanoma Cancer",0,"Counts",193
"35-49",2008,2,"Melanoma Cancer",0,"Rates",73.2921302665815
"35-49",2008,2,"Pancreatic Cancer",0,"Counts",25
"35-49",2008,2,"Pancreatic Cancer",0,"Rates",9.49694009217456
"35-49",2008,2,"Prostate Cancer",1,"Counts",NA
"35-49",2008,2,"Prostate Cancer",1,"Rates",NA
"35-49",2008,3,"All malignant neoplasms",0,"Counts",1751
"35-49",2008,3,"All malignant neoplasms",0,"Rates",320.48275141848
"35-49",2008,3,"Breast (Female) Cancer",1,"Counts",NA
"35-49",2008,3,"Breast (Female) Cancer",1,"Rates",NA
"35-49",2008,3,"Colorectal Cancer",0,"Counts",113
"35-49",2008,3,"Colorectal Cancer",0,"Rates",20.0537982909984
"35-49",2008,3,"Leukaemia",0,"Counts",54
"35-49",2008,3,"Leukaemia",0,"Rates",9.72938097587466
"35-49",2008,3,"Lung Cancer",0,"Counts",115
"35-49",2008,3,"Lung Cancer",0,"Rates",20.7673679309698
"35-49",2008,3,"Lymphoma",0,"Counts",37
"35-49",2008,3,"Lymphoma",0,"Rates",6.53730662173298
"35-49",2008,3,"Melanoma Cancer",0,"Counts",416
"35-49",2008,3,"Melanoma Cancer",0,"Rates",77.7051657737431
"35-49",2008,3,"Pancreatic Cancer",0,"Counts",50
"35-49",2008,3,"Pancreatic Cancer",0,"Rates",9.17524748091145
"35-49",2008,3,"Prostate Cancer",1,"Counts",NA
"35-49",2008,3,"Prostate Cancer",1,"Rates",NA
"35-49",2009,1,"All malignant neoplasms",0,"Counts",715
"35-49",2009,1,"All malignant neoplasms",0,"Rates",246.290900094227
"35-49",2009,1,"Breast (Female) Cancer",1,"Counts",NA
"35-49",2009,1,"Breast (Female) Cancer",1,"Rates",NA
"35-49",2009,1,"Colorectal Cancer",0,"Counts",98
"35-49",2009,1,"Colorectal Cancer",0,"Rates",33.4966617307508
"35-49",2009,1,"Leukaemia",0,"Counts",12
"35-49",2009,1,"Leukaemia",0,"Rates",3.84466483201934
"35-49",2009,1,"Lung Cancer",0,"Counts",36
"35-49",2009,1,"Lung Cancer",0,"Rates",11.7019108489696
"35-49",2009,1,"Lymphoma",0,"Counts",52
"35-49",2009,1,"Lymphoma",0,"Rates",17.3878518013672
"35-49",2009,1,"Melanoma Cancer",0,"Counts",179
"35-49",2009,1,"Melanoma Cancer",0,"Rates",63.8743255844043
"35-49",2009,1,"Pancreatic Cancer",0,"Counts",22
"35-49",2009,1,"Pancreatic Cancer",0,"Rates",7.04855219203546
"35-49",2009,1,"Prostate Cancer",0,"Counts",69
"35-49",2009,1,"Prostate Cancer",0,"Rates",22.4706415487529
"35-49",2009,2,"All malignant neoplasms",0,"Counts",1049
"35-49",2009,2,"All malignant neoplasms",0,"Rates",375.743347351919
"35-49",2009,2,"Breast (Female) Cancer",0,"Counts",382
"35-49",2009,2,"Breast (Female) Cancer",0,"Rates",133.971661239782
"35-49",2009,2,"Colorectal Cancer",0,"Counts",50
"35-49",2009,2,"Colorectal Cancer",0,"Rates",17.8585314249314
"35-49",2009,2,"Leukaemia",0,"Counts",51
"35-49",2009,2,"Leukaemia",0,"Rates",18.3854727971022
"35-49",2009,2,"Lung Cancer",0,"Counts",28
"35-49",2009,2,"Lung Cancer",0,"Rates",10.2732020308585
"35-49",2009,2,"Lymphoma",0,"Counts",26
"35-49",2009,2,"Lymphoma",0,"Rates",10.4111040366391
"35-49",2009,2,"Melanoma Cancer",0,"Counts",170
"35-49",2009,2,"Melanoma Cancer",0,"Rates",61.3884496260719
"35-49",2009,2,"Pancreatic Cancer",0,"Counts",31
"35-49",2009,2,"Pancreatic Cancer",0,"Rates",11.6548640987218
"35-49",2009,2,"Prostate Cancer",1,"Counts",NA
"35-49",2009,2,"Prostate Cancer",1,"Rates",NA
"35-49",2009,3,"All malignant neoplasms",0,"Counts",1764
"35-49",2009,3,"All malignant neoplasms",0,"Rates",309.887380595972
"35-49",2009,3,"Breast (Female) Cancer",1,"Counts",NA
"35-49",2009,3,"Breast (Female) Cancer",1,"Rates",NA
"35-49",2009,3,"Colorectal Cancer",0,"Counts",148
"35-49",2009,3,"Colorectal Cancer",0,"Rates",25.8086316920936
"35-49",2009,3,"Leukaemia",0,"Counts",63
"35-49",2009,3,"Leukaemia",0,"Rates",10.9774761142029
"35-49",2009,3,"Lung Cancer",0,"Counts",64
"35-49",2009,3,"Lung Cancer",0,"Rates",10.9964327835841
"35-49",2009,3,"Lymphoma",0,"Counts",78
"35-49",2009,3,"Lymphoma",0,"Rates",13.9344463609843
"35-49",2009,3,"Melanoma Cancer",0,"Counts",349
"35-49",2009,3,"Melanoma Cancer",0,"Rates",62.6707942823944
"35-49",2009,3,"Pancreatic Cancer",0,"Counts",53
"35-49",2009,3,"Pancreatic Cancer",0,"Rates",9.30552049787049
"35-49",2009,3,"Prostate Cancer",1,"Counts",NA
"35-49",2009,3,"Prostate Cancer",1,"Rates",NA
"35-49",2010,1,"All malignant neoplasms",0,"Counts",668
"35-49",2010,1,"All malignant neoplasms",0,"Rates",224.644624278517
"35-49",2010,1,"Breast (Female) Cancer",1,"Counts",NA
"35-49",2010,1,"Breast (Female) Cancer",1,"Rates",NA
"35-49",2010,1,"Colorectal Cancer",0,"Counts",100
"35-49",2010,1,"Colorectal Cancer",0,"Rates",32.94918833809
"35-49",2010,1,"Leukaemia",0,"Counts",36
"35-49",2010,1,"Leukaemia",0,"Rates",12.0908978006221
"35-49",2010,1,"Lung Cancer",0,"Counts",50
"35-49",2010,1,"Lung Cancer",0,"Rates",16.6940574123865
"35-49",2010,1,"Lymphoma",0,"Counts",38
"35-49",2010,1,"Lymphoma",0,"Rates",12.5508013203695
"35-49",2010,1,"Melanoma Cancer",0,"Counts",157
"35-49",2010,1,"Melanoma Cancer",0,"Rates",54.5840276774791
"35-49",2010,1,"Pancreatic Cancer",0,"Counts",27
"35-49",2010,1,"Pancreatic Cancer",0,"Rates",9.64170875165159
"35-49",2010,1,"Prostate Cancer",0,"Counts",72
"35-49",2010,1,"Prostate Cancer",0,"Rates",22.5109537738306
"35-49",2010,2,"All malignant neoplasms",0,"Counts",1084
"35-49",2010,2,"All malignant neoplasms",0,"Rates",377.86300910537
"35-49",2010,2,"Breast (Female) Cancer",0,"Counts",403
"35-49",2010,2,"Breast (Female) Cancer",0,"Rates",137.89275406447
"35-49",2010,2,"Colorectal Cancer",0,"Counts",67
"35-49",2010,2,"Colorectal Cancer",0,"Rates",22.0659077350591
"35-49",2010,2,"Leukaemia",0,"Counts",59
"35-49",2010,2,"Leukaemia",0,"Rates",20.9917078113847
"35-49",2010,2,"Lung Cancer",0,"Counts",23
"35-49",2010,2,"Lung Cancer",0,"Rates",8.11721668061896
"35-49",2010,2,"Lymphoma",0,"Counts",8
"35-49",2010,2,"Lymphoma",0,"Rates",2.57453618359527
"35-49",2010,2,"Melanoma Cancer",0,"Counts",240
"35-49",2010,2,"Melanoma Cancer",0,"Rates",85.2052026916583
"35-49",2010,2,"Pancreatic Cancer",0,"Counts",24
"35-49",2010,2,"Pancreatic Cancer",0,"Rates",8.32135705146438
"35-49",2010,2,"Prostate Cancer",1,"Counts",NA
"35-49",2010,2,"Prostate Cancer",1,"Rates",NA
"35-49",2010,3,"All malignant neoplasms",0,"Counts",1752
"35-49",2010,3,"All malignant neoplasms",0,"Rates",299.956473235715
"35-49",2010,3,"Breast (Female) Cancer",1,"Counts",NA
"35-49",2010,3,"Breast (Female) Cancer",1,"Rates",NA
"35-49",2010,3,"Colorectal Cancer",0,"Counts",167
"35-49",2010,3,"Colorectal Cancer",0,"Rates",27.5965931431842
"35-49",2010,3,"Leukaemia",0,"Counts",95
"35-49",2010,3,"Leukaemia",0,"Rates",16.4632115394956
"35-49",2010,3,"Lung Cancer",0,"Counts",73
"35-49",2010,3,"Lung Cancer",0,"Rates",12.487638157119
"35-49",2010,3,"Lymphoma",0,"Counts",46
"35-49",2010,3,"Lymphoma",0,"Rates",7.6400792240186
"35-49",2010,3,"Melanoma Cancer",0,"Counts",397
"35-49",2010,3,"Melanoma Cancer",0,"Rates",69.6434289485988
"35-49",2010,3,"Pancreatic Cancer",0,"Counts",51
"35-49",2010,3,"Pancreatic Cancer",0,"Rates",8.99409555808387
"35-49",2010,3,"Prostate Cancer",1,"Counts",NA
"35-49",2010,3,"Prostate Cancer",1,"Rates",NA
"35-49",2011,1,"All malignant neoplasms",0,"Counts",712
"35-49",2011,1,"All malignant neoplasms",0,"Rates",238.205064735434
"35-49",2011,1,"Breast (Female) Cancer",1,"Counts",NA
"35-49",2011,1,"Breast (Female) Cancer",1,"Rates",NA
"35-49",2011,1,"Colorectal Cancer",0,"Counts",78
"35-49",2011,1,"Colorectal Cancer",0,"Rates",26.6187111540191
"35-49",2011,1,"Leukaemia",0,"Counts",29
"35-49",2011,1,"Leukaemia",0,"Rates",10.554354543448
"35-49",2011,1,"Lung Cancer",0,"Counts",33
"35-49",2011,1,"Lung Cancer",0,"Rates",10.4650870051231
"35-49",2011,1,"Lymphoma",0,"Counts",67
"35-49",2011,1,"Lymphoma",0,"Rates",22.9455794980906
"35-49",2011,1,"Melanoma Cancer",0,"Counts",199
"35-49",2011,1,"Melanoma Cancer",0,"Rates",68.0777489529531
"35-49",2011,1,"Pancreatic Cancer",0,"Counts",26
"35-49",2011,1,"Pancreatic Cancer",0,"Rates",8.41510441985256
"35-49",2011,1,"Prostate Cancer",0,"Counts",73
"35-49",2011,1,"Prostate Cancer",0,"Rates",24.379125145132
"35-49",2011,2,"All malignant neoplasms",0,"Counts",1052
"35-49",2011,2,"All malignant neoplasms",0,"Rates",365.570781495583
"35-49",2011,2,"Breast (Female) Cancer",0,"Counts",394
"35-49",2011,2,"Breast (Female) Cancer",0,"Rates",135.717627316041
"35-49",2011,2,"Colorectal Cancer",0,"Counts",38
"35-49",2011,2,"Colorectal Cancer",0,"Rates",12.4047301657226
"35-49",2011,2,"Leukaemia",0,"Counts",27
"35-49",2011,2,"Leukaemia",0,"Rates",9.55823082255639
"35-49",2011,2,"Lung Cancer",0,"Counts",66
"35-49",2011,2,"Lung Cancer",0,"Rates",23.2576935699155
"35-49",2011,2,"Lymphoma",0,"Counts",40
"35-49",2011,2,"Lymphoma",0,"Rates",14.9111581225565
"35-49",2011,2,"Melanoma Cancer",0,"Counts",251
"35-49",2011,2,"Melanoma Cancer",0,"Rates",89.9455179405372
"35-49",2011,2,"Pancreatic Cancer",1,"Counts",NA
"35-49",2011,2,"Pancreatic Cancer",1,"Rates",NA
"35-49",2011,2,"Prostate Cancer",1,"Counts",NA
"35-49",2011,2,"Prostate Cancer",1,"Rates",NA
"35-49",2011,3,"All malignant neoplasms",0,"Counts",1764
"35-49",2011,3,"All malignant neoplasms",0,"Rates",300.807496277344
"35-49",2011,3,"Breast (Female) Cancer",1,"Counts",NA
"35-49",2011,3,"Breast (Female) Cancer",1,"Rates",NA
"35-49",2011,3,"Colorectal Cancer",0,"Counts",116
"35-49",2011,3,"Colorectal Cancer",0,"Rates",19.6615343238487
"35-49",2011,3,"Leukaemia",0,"Counts",56
"35-49",2011,3,"Leukaemia",0,"Rates",10.09025641963
"35-49",2011,3,"Lung Cancer",0,"Counts",99
"35-49",2011,3,"Lung Cancer",0,"Rates",16.7342164533321
"35-49",2011,3,"Lymphoma",0,"Counts",107
"35-49",2011,3,"Lymphoma",0,"Rates",18.9772690124473
"35-49",2011,3,"Melanoma Cancer",0,"Counts",450
"35-49",2011,3,"Melanoma Cancer",0,"Rates",78.7808775281108
"35-49",2011,3,"Pancreatic Cancer",0,"Counts",26
"35-49",2011,3,"Pancreatic Cancer",0,"Rates",4.26924802551528
"35-49",2011,3,"Prostate Cancer",1,"Counts",NA
"35-49",2011,3,"Prostate Cancer",1,"Rates",NA
"35-49",2012,1,"All malignant neoplasms",0,"Counts",714
"35-49",2012,1,"All malignant neoplasms",0,"Rates",234.6313429139
"35-49",2012,1,"Breast (Female) Cancer",1,"Counts",NA
"35-49",2012,1,"Breast (Female) Cancer",1,"Rates",NA
"35-49",2012,1,"Colorectal Cancer",0,"Counts",67
"35-49",2012,1,"Colorectal Cancer",0,"Rates",21.9349037552321
"35-49",2012,1,"Leukaemia",0,"Counts",80
"35-49",2012,1,"Leukaemia",0,"Rates",27.0021716237443
"35-49",2012,1,"Lung Cancer",0,"Counts",19
"35-49",2012,1,"Lung Cancer",0,"Rates",7.31280800080019
"35-49",2012,1,"Lymphoma",0,"Counts",62
"35-49",2012,1,"Lymphoma",0,"Rates",20.5546259354947
"35-49",2012,1,"Melanoma Cancer",0,"Counts",193
"35-49",2012,1,"Melanoma Cancer",0,"Rates",64.0834452508182
"35-49",2012,1,"Pancreatic Cancer",0,"Counts",37
"35-49",2012,1,"Pancreatic Cancer",0,"Rates",12.9199087762667
"35-49",2012,1,"Prostate Cancer",0,"Counts",87
"35-49",2012,1,"Prostate Cancer",0,"Rates",27.8852425775904
"35-49",2012,2,"All malignant neoplasms",0,"Counts",1078
"35-49",2012,2,"All malignant neoplasms",0,"Rates",363.304563959095
"35-49",2012,2,"Breast (Female) Cancer",0,"Counts",452
"35-49",2012,2,"Breast (Female) Cancer",0,"Rates",149.735504947562
"35-49",2012,2,"Colorectal Cancer",0,"Counts",51
"35-49",2012,2,"Colorectal Cancer",0,"Rates",16.6023327748444
"35-49",2012,2,"Leukaemia",0,"Counts",27
"35-49",2012,2,"Leukaemia",0,"Rates",9.08785579417173
"35-49",2012,2,"Lung Cancer",0,"Counts",20
"35-49",2012,2,"Lung Cancer",0,"Rates",7.39911399334016
"35-49",2012,2,"Lymphoma",0,"Counts",20
"35-49",2012,2,"Lymphoma",0,"Rates",7.39911399334016
"35-49",2012,2,"Melanoma Cancer",0,"Counts",180
"35-49",2012,2,"Melanoma Cancer",0,"Rates",60.4206485845852
"35-49",2012,2,"Pancreatic Cancer",0,"Counts",5
"35-49",2012,2,"Pancreatic Cancer",0,"Rates",1.533852222201
"35-49",2012,2,"Prostate Cancer",1,"Counts",NA
"35-49",2012,2,"Prostate Cancer",1,"Rates",NA
"35-49",2012,3,"All malignant neoplasms",0,"Counts",1792
"35-49",2012,3,"All malignant neoplasms",0,"Rates",298.137476263913
"35-49",2012,3,"Breast (Female) Cancer",1,"Counts",NA
"35-49",2012,3,"Breast (Female) Cancer",1,"Rates",NA
"35-49",2012,3,"Colorectal Cancer",0,"Counts",118
"35-49",2012,3,"Colorectal Cancer",0,"Rates",19.3327761817372
"35-49",2012,3,"Leukaemia",0,"Counts",107
"35-49",2012,3,"Leukaemia",0,"Rates",18.1876357737869
"35-49",2012,3,"Lung Cancer",0,"Counts",39
"35-49",2012,3,"Lung Cancer",0,"Rates",7.37171290392954
"35-49",2012,3,"Lymphoma",0,"Counts",82
"35-49",2012,3,"Lymphoma",0,"Rates",14.0319499956709
"35-49",2012,3,"Melanoma Cancer",0,"Counts",373
"35-49",2012,3,"Melanoma Cancer",0,"Rates",62.298158945811
"35-49",2012,3,"Pancreatic Cancer",0,"Counts",42
"35-49",2012,3,"Pancreatic Cancer",0,"Rates",7.32564557306721
"35-49",2012,3,"Prostate Cancer",1,"Counts",NA
"35-49",2012,3,"Prostate Cancer",1,"Rates",NA
"35-49",2013,1,"All malignant neoplasms",0,"Counts",753
"35-49",2013,1,"All malignant neoplasms",0,"Rates",243.876257035783
"35-49",2013,1,"Breast (Female) Cancer",1,"Counts",NA
"35-49",2013,1,"Breast (Female) Cancer",1,"Rates",NA
"35-49",2013,1,"Colorectal Cancer",0,"Counts",67
"35-49",2013,1,"Colorectal Cancer",0,"Rates",21.2061224123655
"35-49",2013,1,"Leukaemia",0,"Counts",44
"35-49",2013,1,"Leukaemia",0,"Rates",15.0200670486941
"35-49",2013,1,"Lung Cancer",0,"Counts",42
"35-49",2013,1,"Lung Cancer",0,"Rates",12.7420876386662
"35-49",2013,1,"Lymphoma",0,"Counts",65
"35-49",2013,1,"Lymphoma",0,"Rates",20.6660869758947
"35-49",2013,1,"Melanoma Cancer",0,"Counts",220
"35-49",2013,1,"Melanoma Cancer",0,"Rates",71.1436413396921
"35-49",2013,1,"Pancreatic Cancer",0,"Counts",55
"35-49",2013,1,"Pancreatic Cancer",0,"Rates",18.1498089882351
"35-49",2013,1,"Prostate Cancer",0,"Counts",106
"35-49",2013,1,"Prostate Cancer",0,"Rates",32.2255066557231
"35-49",2013,2,"All malignant neoplasms",0,"Counts",1151
"35-49",2013,2,"All malignant neoplasms",0,"Rates",382.397494545823
"35-49",2013,2,"Breast (Female) Cancer",0,"Counts",490
"35-49",2013,2,"Breast (Female) Cancer",0,"Rates",161.387220562146
"35-49",2013,2,"Colorectal Cancer",0,"Counts",103
"35-49",2013,2,"Colorectal Cancer",0,"Rates",34.9737750064593
"35-49",2013,2,"Leukaemia",0,"Counts",25
"35-49",2013,2,"Leukaemia",0,"Rates",9.71266345300502
"35-49",2013,2,"Lung Cancer",0,"Counts",50
"35-49",2013,2,"Lung Cancer",0,"Rates",15.8173697259086
"35-49",2013,2,"Lymphoma",0,"Counts",27
"35-49",2013,2,"Lymphoma",0,"Rates",8.9487993185538
"35-49",2013,2,"Melanoma Cancer",0,"Counts",233
"35-49",2013,2,"Melanoma Cancer",0,"Rates",78.7575524772589
"35-49",2013,2,"Pancreatic Cancer",0,"Counts",10
"35-49",2013,2,"Pancreatic Cancer",0,"Rates",3.26757158584192
"35-49",2013,2,"Prostate Cancer",1,"Counts",NA
"35-49",2013,2,"Prostate Cancer",1,"Rates",NA
"35-49",2013,3,"All malignant neoplasms",0,"Counts",1904
"35-49",2013,3,"All malignant neoplasms",0,"Rates",312.323014507782
"35-49",2013,3,"Breast (Female) Cancer",1,"Counts",NA
"35-49",2013,3,"Breast (Female) Cancer",1,"Rates",NA
"35-49",2013,3,"Colorectal Cancer",0,"Counts",170
"35-49",2013,3,"Colorectal Cancer",0,"Rates",27.9770362558489
"35-49",2013,3,"Leukaemia",0,"Counts",69
"35-49",2013,3,"Leukaemia",0,"Rates",12.3851691524664
"35-49",2013,3,"Lung Cancer",0,"Counts",92
"35-49",2013,3,"Lung Cancer",0,"Rates",14.267510875441
"35-49",2013,3,"Lymphoma",0,"Counts",92
"35-49",2013,3,"Lymphoma",0,"Rates",14.860599697519
"35-49",2013,3,"Melanoma Cancer",0,"Counts",453
"35-49",2013,3,"Melanoma Cancer",0,"Rates",74.8574094117672
"35-49",2013,3,"Pancreatic Cancer",0,"Counts",65
"35-49",2013,3,"Pancreatic Cancer",0,"Rates",10.8089243678313
"35-49",2013,3,"Prostate Cancer",1,"Counts",NA
"35-49",2013,3,"Prostate Cancer",1,"Rates",NA
"35-49",2014,1,"All malignant neoplasms",0,"Counts",722
"35-49",2014,1,"All malignant neoplasms",0,"Rates",234.470126139828
"35-49",2014,1,"Breast (Female) Cancer",1,"Counts",NA
"35-49",2014,1,"Breast (Female) Cancer",1,"Rates",NA
"35-49",2014,1,"Colorectal Cancer",0,"Counts",79
"35-49",2014,1,"Colorectal Cancer",0,"Rates",26.3821933596978
"35-49",2014,1,"Leukaemia",1,"Counts",NA
"35-49",2014,1,"Leukaemia",1,"Rates",NA
"35-49",2014,1,"Lung Cancer",0,"Counts",20
"35-49",2014,1,"Lung Cancer",0,"Rates",5.96096357150647
"35-49",2014,1,"Lymphoma",0,"Counts",74
"35-49",2014,1,"Lymphoma",0,"Rates",24.6527238387259
"35-49",2014,1,"Melanoma Cancer",0,"Counts",196
"35-49",2014,1,"Melanoma Cancer",0,"Rates",65.0454827021341
"35-49",2014,1,"Pancreatic Cancer",0,"Counts",17
"35-49",2014,1,"Pancreatic Cancer",0,"Rates",5.51817610433853
"35-49",2014,1,"Prostate Cancer",0,"Counts",71
"35-49",2014,1,"Prostate Cancer",0,"Rates",22.9416729668702
"35-49",2014,2,"All malignant neoplasms",0,"Counts",1196
"35-49",2014,2,"All malignant neoplasms",0,"Rates",393.385843168169
"35-49",2014,2,"Breast (Female) Cancer",0,"Counts",440
"35-49",2014,2,"Breast (Female) Cancer",0,"Rates",141.484556618488
"35-49",2014,2,"Colorectal Cancer",0,"Counts",70
"35-49",2014,2,"Colorectal Cancer",0,"Rates",24.0879917250311
"35-49",2014,2,"Leukaemia",1,"Counts",NA
"35-49",2014,2,"Leukaemia",1,"Rates",NA
"35-49",2014,2,"Lung Cancer",0,"Counts",16
"35-49",2014,2,"Lung Cancer",0,"Rates",6.38149769197506
"35-49",2014,2,"Lymphoma",0,"Counts",54
"35-49",2014,2,"Lymphoma",0,"Rates",18.4360410842823
"35-49",2014,2,"Melanoma Cancer",0,"Counts",221
"35-49",2014,2,"Melanoma Cancer",0,"Rates",74.3380219805469
"35-49",2014,2,"Pancreatic Cancer",0,"Counts",42
"35-49",2014,2,"Pancreatic Cancer",0,"Rates",14.5596820296035
"35-49",2014,2,"Prostate Cancer",1,"Counts",NA
"35-49",2014,2,"Prostate Cancer",1,"Rates",NA
"35-49",2014,3,"All malignant neoplasms",0,"Counts",1918
"35-49",2014,3,"All malignant neoplasms",0,"Rates",313.241163069337
"35-49",2014,3,"Breast (Female) Cancer",1,"Counts",NA
"35-49",2014,3,"Breast (Female) Cancer",1,"Rates",NA
"35-49",2014,3,"Colorectal Cancer",0,"Counts",149
"35-49",2014,3,"Colorectal Cancer",0,"Rates",25.2356035670523
"35-49",2014,3,"Leukaemia",1,"Counts",NA
"35-49",2014,3,"Leukaemia",1,"Rates",NA
"35-49",2014,3,"Lung Cancer",0,"Counts",36
"35-49",2014,3,"Lung Cancer",0,"Rates",6.11614299925748
"35-49",2014,3,"Lymphoma",0,"Counts",128
"35-49",2014,3,"Lymphoma",0,"Rates",21.5765098837764
"35-49",2014,3,"Melanoma Cancer",0,"Counts",417
"35-49",2014,3,"Melanoma Cancer",0,"Rates",69.6684627219321
"35-49",2014,3,"Pancreatic Cancer",0,"Counts",59
"35-49",2014,3,"Pancreatic Cancer",0,"Rates",9.98271462943043
"35-49",2014,3,"Prostate Cancer",1,"Counts",NA
"35-49",2014,3,"Prostate Cancer",1,"Rates",NA
"35-49",2015,1,"All malignant neoplasms",0,"Counts",770
"35-49",2015,1,"All malignant neoplasms",0,"Rates",248.110576851736
"35-49",2015,1,"Breast (Female) Cancer",1,"Counts",NA
"35-49",2015,1,"Breast (Female) Cancer",1,"Rates",NA
"35-49",2015,1,"Colorectal Cancer",0,"Counts",39
"35-49",2015,1,"Colorectal Cancer",0,"Rates",12.3912452115708
"35-49",2015,1,"Leukaemia",0,"Counts",26
"35-49",2015,1,"Leukaemia",0,"Rates",8.23719406225079
"35-49",2015,1,"Lung Cancer",0,"Counts",60
"35-49",2015,1,"Lung Cancer",0,"Rates",18.3869841700073
"35-49",2015,1,"Lymphoma",0,"Counts",34
"35-49",2015,1,"Lymphoma",0,"Rates",10.3955627190363
"35-49",2015,1,"Melanoma Cancer",0,"Counts",184
"35-49",2015,1,"Melanoma Cancer",0,"Rates",58.1210649904305
"35-49",2015,1,"Pancreatic Cancer",0,"Counts",6
"35-49",2015,1,"Pancreatic Cancer",0,"Rates",1.77522435723803
"35-49",2015,1,"Prostate Cancer",0,"Counts",85
"35-49",2015,1,"Prostate Cancer",0,"Rates",26.3384042052299
"35-49",2015,2,"All malignant neoplasms",0,"Counts",1171
"35-49",2015,2,"All malignant neoplasms",0,"Rates",381.9004911346
"35-49",2015,2,"Breast (Female) Cancer",0,"Counts",445
"35-49",2015,2,"Breast (Female) Cancer",0,"Rates",142.858931935935
"35-49",2015,2,"Colorectal Cancer",0,"Counts",73
"35-49",2015,2,"Colorectal Cancer",0,"Rates",24.2118083026227
"35-49",2015,2,"Leukaemia",0,"Counts",20
"35-49",2015,2,"Leukaemia",0,"Rates",8.06236084143793
"35-49",2015,2,"Lung Cancer",0,"Counts",20
"35-49",2015,2,"Lung Cancer",0,"Rates",5.90991310835851
"35-49",2015,2,"Lymphoma",0,"Counts",69
"35-49",2015,2,"Lymphoma",0,"Rates",22.8897229779108
"35-49",2015,2,"Melanoma Cancer",0,"Counts",209
"35-49",2015,2,"Melanoma Cancer",0,"Rates",69.5859363866715
"35-49",2015,2,"Pancreatic Cancer",0,"Counts",11
"35-49",2015,2,"Pancreatic Cancer",0,"Rates",3.68094175621307
"35-49",2015,2,"Prostate Cancer",1,"Counts",NA
"35-49",2015,2,"Prostate Cancer",1,"Rates",NA
"35-49",2015,3,"All malignant neoplasms",0,"Counts",1941
"35-49",2015,3,"All malignant neoplasms",0,"Rates",314.357082091347
"35-49",2015,3,"Breast (Female) Cancer",1,"Counts",NA
"35-49",2015,3,"Breast (Female) Cancer",1,"Rates",NA
"35-49",2015,3,"Colorectal Cancer",0,"Counts",112
"35-49",2015,3,"Colorectal Cancer",0,"Rates",18.2220495466701
"35-49",2015,3,"Leukaemia",0,"Counts",46
"35-49",2015,3,"Leukaemia",0,"Rates",8.10917672016533
"35-49",2015,3,"Lung Cancer",0,"Counts",80
"35-49",2015,3,"Lung Cancer",0,"Rates",12.1979529127781
"35-49",2015,3,"Lymphoma",0,"Counts",103
"35-49",2015,3,"Lymphoma",0,"Rates",16.5445147687498
"35-49",2015,3,"Melanoma Cancer",0,"Counts",393
"35-49",2015,3,"Melanoma Cancer",0,"Rates",63.7111243878683
"35-49",2015,3,"Pancreatic Cancer",0,"Counts",17
"35-49",2015,3,"Pancreatic Cancer",0,"Rates",2.71074527491864
"35-49",2015,3,"Prostate Cancer",1,"Counts",NA
"35-49",2015,3,"Prostate Cancer",1,"Rates",NA
"35-49",2016,1,"All malignant neoplasms",0,"Counts",747
"35-49",2016,1,"All malignant neoplasms",0,"Rates",239.036427100375
"35-49",2016,1,"Breast (Female) Cancer",1,"Counts",NA
"35-49",2016,1,"Breast (Female) Cancer",1,"Rates",NA
"35-49",2016,1,"Colorectal Cancer",0,"Counts",135
"35-49",2016,1,"Colorectal Cancer",0,"Rates",43.7186470225438
"35-49",2016,1,"Leukaemia",0,"Counts",57
"35-49",2016,1,"Leukaemia",0,"Rates",19.4543594139462
"35-49",2016,1,"Lung Cancer",0,"Counts",29
"35-49",2016,1,"Lung Cancer",0,"Rates",8.98177774589752
"35-49",2016,1,"Lymphoma",0,"Counts",68
"35-49",2016,1,"Lymphoma",0,"Rates",21.5606613265524
"35-49",2016,1,"Melanoma Cancer",0,"Counts",208
"35-49",2016,1,"Melanoma Cancer",0,"Rates",66.7026074464634
"35-49",2016,1,"Pancreatic Cancer",0,"Counts",39
"35-49",2016,1,"Pancreatic Cancer",0,"Rates",12.2059946224847
"35-49",2016,1,"Prostate Cancer",0,"Counts",65
"35-49",2016,1,"Prostate Cancer",0,"Rates",19.664482720831
"35-49",2016,2,"All malignant neoplasms",0,"Counts",1172
"35-49",2016,2,"All malignant neoplasms",0,"Rates",379.247779383685
"35-49",2016,2,"Breast (Female) Cancer",0,"Counts",410
"35-49",2016,2,"Breast (Female) Cancer",0,"Rates",129.263134230164
"35-49",2016,2,"Colorectal Cancer",0,"Counts",68
"35-49",2016,2,"Colorectal Cancer",0,"Rates",20.2409878670492
"35-49",2016,2,"Leukaemia",0,"Counts",32
"35-49",2016,2,"Leukaemia",0,"Rates",10.0649167055161
"35-49",2016,2,"Lung Cancer",0,"Counts",61
"35-49",2016,2,"Lung Cancer",0,"Rates",20.1241194091545
"35-49",2016,2,"Lymphoma",0,"Counts",44
"35-49",2016,2,"Lymphoma",0,"Rates",15.199804760471
"35-49",2016,2,"Melanoma Cancer",0,"Counts",248
"35-49",2016,2,"Melanoma Cancer",0,"Rates",81.953328718031
"35-49",2016,2,"Pancreatic Cancer",0,"Counts",22
"35-49",2016,2,"Pancreatic Cancer",0,"Rates",6.96514452600156
"35-49",2016,2,"Prostate Cancer",1,"Counts",NA
"35-49",2016,2,"Prostate Cancer",1,"Rates",NA
"35-49",2016,3,"All malignant neoplasms",0,"Counts",1919
"35-49",2016,3,"All malignant neoplasms",0,"Rates",308.629339649952
"35-49",2016,3,"Breast (Female) Cancer",1,"Counts",NA
"35-49",2016,3,"Breast (Female) Cancer",1,"Rates",NA
"35-49",2016,3,"Colorectal Cancer",0,"Counts",203
"35-49",2016,3,"Colorectal Cancer",0,"Rates",32.166008375284
"35-49",2016,3,"Leukaemia",0,"Counts",89
"35-49",2016,3,"Leukaemia",0,"Rates",14.8636789397898
"35-49",2016,3,"Lung Cancer",0,"Counts",90
"35-49",2016,3,"Lung Cancer",0,"Rates",14.4854614955082
"35-49",2016,3,"Lymphoma",0,"Counts",112
"35-49",2016,3,"Lymphoma",0,"Rates",18.3520893413255
"35-49",2016,3,"Melanoma Cancer",0,"Counts",456
"35-49",2016,3,"Melanoma Cancer",0,"Rates",74.2084599529057
"35-49",2016,3,"Pancreatic Cancer",0,"Counts",61
"35-49",2016,3,"Pancreatic Cancer",0,"Rates",9.59866551601945
"35-49",2016,3,"Prostate Cancer",1,"Counts",NA
"35-49",2016,3,"Prostate Cancer",1,"Rates",NA
"35-49",2017,1,"All malignant neoplasms",0,"Counts",737
"35-49",2017,1,"All malignant neoplasms",0,"Rates",234.002156064286
"35-49",2017,1,"Breast (Female) Cancer",1,"Counts",NA
"35-49",2017,1,"Breast (Female) Cancer",1,"Rates",NA
"35-49",2017,1,"Colorectal Cancer",0,"Counts",90
"35-49",2017,1,"Colorectal Cancer",0,"Rates",28.0550902653669
"35-49",2017,1,"Leukaemia",0,"Counts",36
"35-49",2017,1,"Leukaemia",0,"Rates",10.7556095131364
"35-49",2017,1,"Lung Cancer",0,"Counts",32
"35-49",2017,1,"Lung Cancer",0,"Rates",10.1371354173347
"35-49",2017,1,"Lymphoma",0,"Counts",76
"35-49",2017,1,"Lymphoma",0,"Rates",24.6215741316115
"35-49",2017,1,"Melanoma Cancer",0,"Counts",241
"35-49",2017,1,"Melanoma Cancer",0,"Rates",78.7735550913026
"35-49",2017,1,"Pancreatic Cancer",1,"Counts",NA
"35-49",2017,1,"Pancreatic Cancer",1,"Rates",NA
"35-49",2017,1,"Prostate Cancer",0,"Counts",56
"35-49",2017,1,"Prostate Cancer",0,"Rates",16.7026825532284
"35-49",2017,2,"All malignant neoplasms",0,"Counts",1228
"35-49",2017,2,"All malignant neoplasms",0,"Rates",397.363323723184
"35-49",2017,2,"Breast (Female) Cancer",0,"Counts",477
"35-49",2017,2,"Breast (Female) Cancer",0,"Rates",152.583683744498
"35-49",2017,2,"Colorectal Cancer",0,"Counts",63
"35-49",2017,2,"Colorectal Cancer",0,"Rates",21.7053230798643
"35-49",2017,2,"Leukaemia",1,"Counts",NA
"35-49",2017,2,"Leukaemia",1,"Rates",NA
"35-49",2017,2,"Lung Cancer",0,"Counts",41
"35-49",2017,2,"Lung Cancer",0,"Rates",14.3568115675792
"35-49",2017,2,"Lymphoma",0,"Counts",51
"35-49",2017,2,"Lymphoma",0,"Rates",16.0673001552683
"35-49",2017,2,"Melanoma Cancer",0,"Counts",208
"35-49",2017,2,"Melanoma Cancer",0,"Rates",67.4792967584164
"35-49",2017,2,"Pancreatic Cancer",0,"Counts",36
"35-49",2017,2,"Pancreatic Cancer",0,"Rates",12.9107029959832
"35-49",2017,2,"Prostate Cancer",1,"Counts",NA
"35-49",2017,2,"Prostate Cancer",1,"Rates",NA
"35-49",2017,3,"All malignant neoplasms",0,"Counts",1965
"35-49",2017,3,"All malignant neoplasms",0,"Rates",314.937492753241
"35-49",2017,3,"Breast (Female) Cancer",1,"Counts",NA
"35-49",2017,3,"Breast (Female) Cancer",1,"Rates",NA
"35-49",2017,3,"Colorectal Cancer",0,"Counts",153
"35-49",2017,3,"Colorectal Cancer",0,"Rates",24.814739506695
"35-49",2017,3,"Leukaemia",0,"Counts",36
"35-49",2017,3,"Leukaemia",0,"Rates",5.37901945397792
"35-49",2017,3,"Lung Cancer",0,"Counts",73
"35-49",2017,3,"Lung Cancer",0,"Rates",12.1652509625277
"35-49",2017,3,"Lymphoma",0,"Counts",127
"35-49",2017,3,"Lymphoma",0,"Rates",20.41146126025
"35-49",2017,3,"Melanoma Cancer",0,"Counts",449
"35-49",2017,3,"Melanoma Cancer",0,"Rates",73.2695369105348
"35-49",2017,3,"Pancreatic Cancer",0,"Counts",37
"35-49",2017,3,"Pancreatic Cancer",0,"Rates",6.53595121547273
"35-49",2017,3,"Prostate Cancer",1,"Counts",NA
"35-49",2017,3,"Prostate Cancer",1,"Rates",NA
"35-49",2018,1,"All malignant neoplasms",0,"Counts",773
"35-49",2018,1,"All malignant neoplasms",0,"Rates",240.741828687029
"35-49",2018,1,"Breast (Female) Cancer",1,"Counts",NA
"35-49",2018,1,"Breast (Female) Cancer",1,"Rates",NA
"35-49",2018,1,"Colorectal Cancer",0,"Counts",88
"35-49",2018,1,"Colorectal Cancer",0,"Rates",28.4785691046882
"35-49",2018,1,"Leukaemia",0,"Counts",29
"35-49",2018,1,"Leukaemia",0,"Rates",10.1428026417715
"35-49",2018,1,"Lung Cancer",0,"Counts",48
"35-49",2018,1,"Lung Cancer",0,"Rates",14.5701181379523
"35-49",2018,1,"Lymphoma",0,"Counts",93
"35-49",2018,1,"Lymphoma",0,"Rates",30.3030863031186
"35-49",2018,1,"Melanoma Cancer",0,"Counts",176
"35-49",2018,1,"Melanoma Cancer",0,"Rates",54.2397549328287
"35-49",2018,1,"Pancreatic Cancer",0,"Counts",22
"35-49",2018,1,"Pancreatic Cancer",0,"Rates",6.26360531519591
"35-49",2018,1,"Prostate Cancer",0,"Counts",43
"35-49",2018,1,"Prostate Cancer",0,"Rates",12.5679665617919
"35-49",2018,2,"All malignant neoplasms",0,"Counts",1235
"35-49",2018,2,"All malignant neoplasms",0,"Rates",396.880202309161
"35-49",2018,2,"Breast (Female) Cancer",0,"Counts",487
"35-49",2018,2,"Breast (Female) Cancer",0,"Rates",153.999431319016
"35-49",2018,2,"Colorectal Cancer",0,"Counts",123
"35-49",2018,2,"Colorectal Cancer",0,"Rates",42.0282959465183
"35-49",2018,2,"Leukaemia",0,"Counts",25
"35-49",2018,2,"Leukaemia",0,"Rates",7.32229810868914
"35-49",2018,2,"Lung Cancer",0,"Counts",19
"35-49",2018,2,"Lung Cancer",0,"Rates",5.36010080054669
"35-49",2018,2,"Lymphoma",0,"Counts",55
"35-49",2018,2,"Lymphoma",0,"Rates",16.7289838032362
"35-49",2018,2,"Melanoma Cancer",0,"Counts",199
"35-49",2018,2,"Melanoma Cancer",0,"Rates",65.5193813831559
"35-49",2018,2,"Pancreatic Cancer",0,"Counts",33
"35-49",2018,2,"Pancreatic Cancer",0,"Rates",12.0452888063051
"35-49",2018,2,"Prostate Cancer",1,"Counts",NA
"35-49",2018,2,"Prostate Cancer",1,"Rates",NA
"35-49",2018,3,"All malignant neoplasms",0,"Counts",2008
"35-49",2018,3,"All malignant neoplasms",0,"Rates",317.928096824148
"35-49",2018,3,"Breast (Female) Cancer",1,"Counts",NA
"35-49",2018,3,"Breast (Female) Cancer",1,"Rates",NA
"35-49",2018,3,"Colorectal Cancer",0,"Counts",211
"35-49",2018,3,"Colorectal Cancer",0,"Rates",35.1139185601194
"35-49",2018,3,"Leukaemia",0,"Counts",54
"35-49",2018,3,"Leukaemia",0,"Rates",8.82974599662398
"35-49",2018,3,"Lung Cancer",0,"Counts",67
"35-49",2018,3,"Lung Cancer",0,"Rates",10.0005241261504
"35-49",2018,3,"Lymphoma",0,"Counts",148
"35-49",2018,3,"Lymphoma",0,"Rates",23.6609948005752
"35-49",2018,3,"Melanoma Cancer",0,"Counts",375
"35-49",2018,3,"Melanoma Cancer",0,"Rates",59.6733636858891
"35-49",2018,3,"Pancreatic Cancer",0,"Counts",55
"35-49",2018,3,"Pancreatic Cancer",0,"Rates",9.02467910080048
"35-49",2018,3,"Prostate Cancer",1,"Counts",NA
"35-49",2018,3,"Prostate Cancer",1,"Rates",NA
"35-49",2019,1,"All malignant neoplasms",0,"Counts",826
"35-49",2019,1,"All malignant neoplasms",0,"Rates",257.157889854689
"35-49",2019,1,"Breast (Female) Cancer",1,"Counts",NA
"35-49",2019,1,"Breast (Female) Cancer",1,"Rates",NA
"35-49",2019,1,"Colorectal Cancer",0,"Counts",103
"35-49",2019,1,"Colorectal Cancer",0,"Rates",33.3068972901559
"35-49",2019,1,"Leukaemia",0,"Counts",18
"35-49",2019,1,"Leukaemia",0,"Rates",6.34800011295233
"35-49",2019,1,"Lung Cancer",0,"Counts",11
"35-49",2019,1,"Lung Cancer",0,"Rates",3.18663367445556
"35-49",2019,1,"Lymphoma",0,"Counts",51
"35-49",2019,1,"Lymphoma",0,"Rates",15.3312990291916
"35-49",2019,1,"Melanoma Cancer",0,"Counts",235
"35-49",2019,1,"Melanoma Cancer",0,"Rates",75.1769921333749
"35-49",2019,1,"Pancreatic Cancer",0,"Counts",36
"35-49",2019,1,"Pancreatic Cancer",0,"Rates",12.018774938895
"35-49",2019,1,"Prostate Cancer",0,"Counts",87
"35-49",2019,1,"Prostate Cancer",0,"Rates",25.1570822766919
"35-49",2019,2,"All malignant neoplasms",0,"Counts",1254
"35-49",2019,2,"All malignant neoplasms",0,"Rates",400.28777118842
"35-49",2019,2,"Breast (Female) Cancer",0,"Counts",481
"35-49",2019,2,"Breast (Female) Cancer",0,"Rates",149.931897723917
"35-49",2019,2,"Colorectal Cancer",0,"Counts",117
"35-49",2019,2,"Colorectal Cancer",0,"Rates",38.499918148585
"35-49",2019,2,"Leukaemia",0,"Counts",40
"35-49",2019,2,"Leukaemia",0,"Rates",14.3930144435614
"35-49",2019,2,"Lung Cancer",0,"Counts",41
"35-49",2019,2,"Lung Cancer",0,"Rates",13.1489726563772
"35-49",2019,2,"Lymphoma",0,"Counts",27
"35-49",2019,2,"Lymphoma",0,"Rates",10.5542323458183
"35-49",2019,2,"Melanoma Cancer",0,"Counts",211
"35-49",2019,2,"Melanoma Cancer",0,"Rates",69.1848175056965
"35-49",2019,2,"Pancreatic Cancer",0,"Counts",25
"35-49",2019,2,"Pancreatic Cancer",0,"Rates",6.96944584826256
"35-49",2019,2,"Prostate Cancer",1,"Counts",NA
"35-49",2019,2,"Prostate Cancer",1,"Rates",NA
"35-49",2019,3,"All malignant neoplasms",0,"Counts",2080
"35-49",2019,3,"All malignant neoplasms",0,"Rates",327.973089808553
"35-49",2019,3,"Breast (Female) Cancer",1,"Counts",NA
"35-49",2019,3,"Breast (Female) Cancer",1,"Rates",NA
"35-49",2019,3,"Colorectal Cancer",0,"Counts",220
"35-49",2019,3,"Colorectal Cancer",0,"Rates",35.8792479722066
"35-49",2019,3,"Leukaemia",0,"Counts",58
"35-49",2019,3,"Leukaemia",0,"Rates",10.3077303680136
"35-49",2019,3,"Lung Cancer",0,"Counts",52
"35-49",2019,3,"Lung Cancer",0,"Rates",8.10466154432968
"35-49",2019,3,"Lymphoma",0,"Counts",78
"35-49",2019,3,"Lymphoma",0,"Rates",12.8215679202977
"35-49",2019,3,"Melanoma Cancer",0,"Counts",446
"35-49",2019,3,"Melanoma Cancer",0,"Rates",72.1844083921996
"35-49",2019,3,"Pancreatic Cancer",0,"Counts",61
"35-49",2019,3,"Pancreatic Cancer",0,"Rates",9.59891322366671
"35-49",2019,3,"Prostate Cancer",1,"Counts",NA
"35-49",2019,3,"Prostate Cancer",1,"Rates",NA
"35-49",2020,1,"All malignant neoplasms",0,"Counts",719
"35-49",2020,1,"All malignant neoplasms",0,"Rates",223.050077860733
"35-49",2020,1,"Breast (Female) Cancer",1,"Counts",NA
"35-49",2020,1,"Breast (Female) Cancer",1,"Rates",NA
"35-49",2020,1,"Colorectal Cancer",0,"Counts",119
"35-49",2020,1,"Colorectal Cancer",0,"Rates",37.1846166886265
"35-49",2020,1,"Leukaemia",0,"Counts",48
"35-49",2020,1,"Leukaemia",0,"Rates",14.2805755295964
"35-49",2020,1,"Lung Cancer",0,"Counts",43
"35-49",2020,1,"Lung Cancer",0,"Rates",13.327321925788
"35-49",2020,1,"Lymphoma",0,"Counts",74
"35-49",2020,1,"Lymphoma",0,"Rates",22.3235633768522
"35-49",2020,1,"Melanoma Cancer",0,"Counts",146
"35-49",2020,1,"Melanoma Cancer",0,"Rates",45.0824406203399
"35-49",2020,1,"Pancreatic Cancer",0,"Counts",29
"35-49",2020,1,"Pancreatic Cancer",0,"Rates",8.87218539880401
"35-49",2020,1,"Prostate Cancer",0,"Counts",59
"35-49",2020,1,"Prostate Cancer",0,"Rates",17.451594155397
"35-49",2020,2,"All malignant neoplasms",0,"Counts",1282
"35-49",2020,2,"All malignant neoplasms",0,"Rates",407.818407678338
"35-49",2020,2,"Breast (Female) Cancer",0,"Counts",473
"35-49",2020,2,"Breast (Female) Cancer",0,"Rates",146.706553897242
"35-49",2020,2,"Colorectal Cancer",0,"Counts",73
"35-49",2020,2,"Colorectal Cancer",0,"Rates",24.5497126326837
"35-49",2020,2,"Leukaemia",0,"Counts",23
"35-49",2020,2,"Leukaemia",0,"Rates",7.29716192388697
"35-49",2020,2,"Lung Cancer",0,"Counts",56
"35-49",2020,2,"Lung Cancer",0,"Rates",16.5032320863859
"35-49",2020,2,"Lymphoma",0,"Counts",36
"35-49",2020,2,"Lymphoma",0,"Rates",10.0478599849251
"35-49",2020,2,"Melanoma Cancer",0,"Counts",206
"35-49",2020,2,"Melanoma Cancer",0,"Rates",65.05039122938
"35-49",2020,2,"Pancreatic Cancer",0,"Counts",43
"35-49",2020,2,"Pancreatic Cancer",0,"Rates",14.8467090869948
"35-49",2020,2,"Prostate Cancer",1,"Counts",NA
"35-49",2020,2,"Prostate Cancer",1,"Rates",NA
"35-49",2020,3,"All malignant neoplasms",0,"Counts",2001
"35-49",2020,3,"All malignant neoplasms",0,"Rates",314.564035828986
"35-49",2020,3,"Breast (Female) Cancer",1,"Counts",NA
"35-49",2020,3,"Breast (Female) Cancer",1,"Rates",NA
"35-49",2020,3,"Colorectal Cancer",0,"Counts",192
"35-49",2020,3,"Colorectal Cancer",0,"Rates",30.847295869212
"35-49",2020,3,"Leukaemia",0,"Counts",71
"35-49",2020,3,"Leukaemia",0,"Rates",10.77399274037
"35-49",2020,3,"Lung Cancer",0,"Counts",99
"35-49",2020,3,"Lung Cancer",0,"Rates",14.951593580408
"35-49",2020,3,"Lymphoma",0,"Counts",110
"35-49",2020,3,"Lymphoma",0,"Rates",16.2461913717013
"35-49",2020,3,"Melanoma Cancer",0,"Counts",352
"35-49",2020,3,"Melanoma Cancer",0,"Rates",54.9680536940431
"35-49",2020,3,"Pancreatic Cancer",0,"Counts",72
"35-49",2020,3,"Pancreatic Cancer",0,"Rates",11.7716225646063
"35-49",2020,3,"Prostate Cancer",1,"Counts",NA
"35-49",2020,3,"Prostate Cancer",1,"Rates",NA
"35-49",2021,1,"All malignant neoplasms",0,"Counts",774
"35-49",2021,1,"All malignant neoplasms",0,"Rates",242.625212812976
"35-49",2021,1,"Breast (Female) Cancer",1,"Counts",NA
"35-49",2021,1,"Breast (Female) Cancer",1,"Rates",NA
"35-49",2021,1,"Colorectal Cancer",0,"Counts",119
"35-49",2021,1,"Colorectal Cancer",0,"Rates",38.4275271775027
"35-49",2021,1,"Leukaemia",0,"Counts",14
"35-49",2021,1,"Leukaemia",0,"Rates",5.15457971904314
"35-49",2021,1,"Lung Cancer",0,"Counts",33
"35-49",2021,1,"Lung Cancer",0,"Rates",9.4901943415942
"35-49",2021,1,"Lymphoma",0,"Counts",53
"35-49",2021,1,"Lymphoma",0,"Rates",17.1135137723612
"35-49",2021,1,"Melanoma Cancer",0,"Counts",192
"35-49",2021,1,"Melanoma Cancer",0,"Rates",62.078876263856
"35-49",2021,1,"Pancreatic Cancer",0,"Counts",25
"35-49",2021,1,"Pancreatic Cancer",0,"Rates",7.55670052644764
"35-49",2021,1,"Prostate Cancer",0,"Counts",36
"35-49",2021,1,"Prostate Cancer",0,"Rates",10.8411031756943
"35-49",2021,2,"All malignant neoplasms",0,"Counts",1294
"35-49",2021,2,"All malignant neoplasms",0,"Rates",422.546738748426
"35-49",2021,2,"Breast (Female) Cancer",0,"Counts",447
"35-49",2021,2,"Breast (Female) Cancer",0,"Rates",142.844298002688
"35-49",2021,2,"Colorectal Cancer",0,"Counts",135
"35-49",2021,2,"Colorectal Cancer",0,"Rates",45.5050745991728
"35-49",2021,2,"Leukaemia",1,"Counts",NA
"35-49",2021,2,"Leukaemia",1,"Rates",NA
"35-49",2021,2,"Lung Cancer",0,"Counts",42
"35-49",2021,2,"Lung Cancer",0,"Rates",13.168381383713
"35-49",2021,2,"Lymphoma",0,"Counts",16
"35-49",2021,2,"Lymphoma",0,"Rates",5.77267149598218
"35-49",2021,2,"Melanoma Cancer",0,"Counts",169
"35-49",2021,2,"Melanoma Cancer",0,"Rates",53.8970647784337
"35-49",2021,2,"Pancreatic Cancer",1,"Counts",NA
"35-49",2021,2,"Pancreatic Cancer",1,"Rates",NA
"35-49",2021,2,"Prostate Cancer",1,"Counts",NA
"35-49",2021,2,"Prostate Cancer",1,"Rates",NA
"35-49",2021,3,"All malignant neoplasms",0,"Counts",2068
"35-49",2021,3,"All malignant neoplasms",0,"Rates",331.217934964618
"35-49",2021,3,"Breast (Female) Cancer",1,"Counts",NA
"35-49",2021,3,"Breast (Female) Cancer",1,"Rates",NA
"35-49",2021,3,"Colorectal Cancer",0,"Counts",254
"35-49",2021,3,"Colorectal Cancer",0,"Rates",41.869631077908
"35-49",2021,3,"Leukaemia",0,"Counts",17
"35-49",2021,3,"Leukaemia",0,"Rates",3.14526686827444
"35-49",2021,3,"Lung Cancer",0,"Counts",75
"35-49",2021,3,"Lung Cancer",0,"Rates",11.2739546716329
"35-49",2021,3,"Lymphoma",0,"Counts",69
"35-49",2021,3,"Lymphoma",0,"Rates",11.4926358054005
"35-49",2021,3,"Melanoma Cancer",0,"Counts",361
"35-49",2021,3,"Melanoma Cancer",0,"Rates",58.1483727234088
"35-49",2021,3,"Pancreatic Cancer",0,"Counts",27
"35-49",2021,3,"Pancreatic Cancer",0,"Rates",4.17996298459818
"35-49",2021,3,"Prostate Cancer",1,"Counts",NA
"35-49",2021,3,"Prostate Cancer",1,"Rates",NA
"35-49",2022,1,"All malignant neoplasms",0,"Counts",784
"35-49",2022,1,"All malignant neoplasms",0,"Rates",242.987395674546
"35-49",2022,1,"Breast (Female) Cancer",1,"Counts",NA
"35-49",2022,1,"Breast (Female) Cancer",1,"Rates",NA
"35-49",2022,1,"Colorectal Cancer",0,"Counts",82
"35-49",2022,1,"Colorectal Cancer",0,"Rates",25.8414842308717
"35-49",2022,1,"Leukaemia",0,"Counts",48
"35-49",2022,1,"Leukaemia",0,"Rates",14.5598369978135
"35-49",2022,1,"Lung Cancer",0,"Counts",17
"35-49",2022,1,"Lung Cancer",0,"Rates",5.47882001051651
"35-49",2022,1,"Lymphoma",0,"Counts",23
"35-49",2022,1,"Lymphoma",0,"Rates",7.3016514866953
"35-49",2022,1,"Melanoma Cancer",0,"Counts",177
"35-49",2022,1,"Melanoma Cancer",0,"Rates",56.0456594948955
"35-49",2022,1,"Pancreatic Cancer",0,"Counts",43
"35-49",2022,1,"Pancreatic Cancer",0,"Rates",14.5736680447682
"35-49",2022,1,"Prostate Cancer",0,"Counts",91
"35-49",2022,1,"Prostate Cancer",0,"Rates",27.7283437204096
"35-49",2022,2,"All malignant neoplasms",0,"Counts",1262
"35-49",2022,2,"All malignant neoplasms",0,"Rates",403.092833081396
"35-49",2022,2,"Breast (Female) Cancer",0,"Counts",514
"35-49",2022,2,"Breast (Female) Cancer",0,"Rates",162.617581219546
"35-49",2022,2,"Colorectal Cancer",0,"Counts",124
"35-49",2022,2,"Colorectal Cancer",0,"Rates",40.9024880475032
"35-49",2022,2,"Leukaemia",0,"Counts",19
"35-49",2022,2,"Leukaemia",0,"Rates",5.37410193454899
"35-49",2022,2,"Lung Cancer",0,"Counts",24
"35-49",2022,2,"Lung Cancer",0,"Rates",6.94840898231275
"35-49",2022,2,"Lymphoma",0,"Counts",6
"35-49",2022,2,"Lymphoma",0,"Rates",2.01722421456984
"35-49",2022,2,"Melanoma Cancer",0,"Counts",205
"35-49",2022,2,"Melanoma Cancer",0,"Rates",65.5995065430507
"35-49",2022,2,"Pancreatic Cancer",0,"Counts",27
"35-49",2022,2,"Pancreatic Cancer",0,"Rates",8.54394331034208
"35-49",2022,2,"Prostate Cancer",1,"Counts",NA
"35-49",2022,2,"Prostate Cancer",1,"Rates",NA
"35-49",2022,3,"All malignant neoplasms",0,"Counts",2046
"35-49",2022,3,"All malignant neoplasms",0,"Rates",321.928609508949
"35-49",2022,3,"Breast (Female) Cancer",1,"Counts",NA
"35-49",2022,3,"Breast (Female) Cancer",1,"Rates",NA
"35-49",2022,3,"Colorectal Cancer",0,"Counts",206
"35-49",2022,3,"Colorectal Cancer",0,"Rates",33.2287506458759
"35-49",2022,3,"Leukaemia",0,"Counts",67
"35-49",2022,3,"Leukaemia",0,"Rates",10.0327858606888
"35-49",2022,3,"Lung Cancer",0,"Counts",41
"35-49",2022,3,"Lung Cancer",0,"Rates",6.24998419289716
"35-49",2022,3,"Lymphoma",0,"Counts",29
"35-49",2022,3,"Lymphoma",0,"Rates",4.6954153440828
"35-49",2022,3,"Melanoma Cancer",0,"Counts",382
"35-49",2022,3,"Melanoma Cancer",0,"Rates",60.8031992437401
"35-49",2022,3,"Pancreatic Cancer",0,"Counts",70
"35-49",2022,3,"Pancreatic Cancer",0,"Rates",11.6695759633145
"35-49",2022,3,"Prostate Cancer",1,"Counts",NA
"35-49",2022,3,"Prostate Cancer",1,"Rates",NA
"35-49",2023,1,"All malignant neoplasms",0,"Counts",794
"35-49",2023,1,"All malignant neoplasms",0,"Rates",233.821864724703
"35-49",2023,1,"Breast (Female) Cancer",1,"Counts",NA
"35-49",2023,1,"Breast (Female) Cancer",1,"Rates",NA
"35-49",2023,1,"Colorectal Cancer",0,"Counts",97
"35-49",2023,1,"Colorectal Cancer",0,"Rates",29.0956363325995
"35-49",2023,1,"Leukaemia",0,"Counts",62
"35-49",2023,1,"Leukaemia",0,"Rates",19.622121678648
"35-49",2023,1,"Lung Cancer",0,"Counts",33
"35-49",2023,1,"Lung Cancer",0,"Rates",9.33202947991644
"35-49",2023,1,"Lymphoma",0,"Counts",57
"35-49",2023,1,"Lymphoma",0,"Rates",17.6743976228446
"35-49",2023,1,"Melanoma Cancer",0,"Counts",167
"35-49",2023,1,"Melanoma Cancer",0,"Rates",49.3433657233089
"35-49",2023,1,"Pancreatic Cancer",0,"Counts",37
"35-49",2023,1,"Pancreatic Cancer",0,"Rates",10.8592609384552
"35-49",2023,1,"Prostate Cancer",0,"Counts",56
"35-49",2023,1,"Prostate Cancer",0,"Rates",15.49419558929
"35-49",2023,2,"All malignant neoplasms",0,"Counts",1315
"35-49",2023,2,"All malignant neoplasms",0,"Rates",402.52605468816
"35-49",2023,2,"Breast (Female) Cancer",0,"Counts",465
"35-49",2023,2,"Breast (Female) Cancer",0,"Rates",138.079266784333
"35-49",2023,2,"Colorectal Cancer",0,"Counts",128
"35-49",2023,2,"Colorectal Cancer",0,"Rates",40.9503695757468
"35-49",2023,2,"Leukaemia",0,"Counts",32
"35-49",2023,2,"Leukaemia",0,"Rates",9.47828152291147
"35-49",2023,2,"Lung Cancer",1,"Counts",NA
"35-49",2023,2,"Lung Cancer",1,"Rates",NA
"35-49",2023,2,"Lymphoma",0,"Counts",55
"35-49",2023,2,"Lymphoma",0,"Rates",16.3783818199613
"35-49",2023,2,"Melanoma Cancer",0,"Counts",207
"35-49",2023,2,"Melanoma Cancer",0,"Rates",63.9355290366923
"35-49",2023,2,"Pancreatic Cancer",0,"Counts",11
"35-49",2023,2,"Pancreatic Cancer",0,"Rates",3.48973458978356
"35-49",2023,2,"Prostate Cancer",1,"Counts",NA
"35-49",2023,2,"Prostate Cancer",1,"Rates",NA
"35-49",2023,3,"All malignant neoplasms",0,"Counts",2109
"35-49",2023,3,"All malignant neoplasms",0,"Rates",316.73697360991
"35-49",2023,3,"Breast (Female) Cancer",1,"Counts",NA
"35-49",2023,3,"Breast (Female) Cancer",1,"Rates",NA
"35-49",2023,3,"Colorectal Cancer",0,"Counts",225
"35-49",2023,3,"Colorectal Cancer",0,"Rates",34.8604289537004
"35-49",2023,3,"Leukaemia",0,"Counts",94
"35-49",2023,3,"Leukaemia",0,"Rates",14.7104047802978
"35-49",2023,3,"Lung Cancer",0,"Counts",36
"35-49",2023,3,"Lung Cancer",0,"Rates",5.10594651724647
"35-49",2023,3,"Lymphoma",0,"Counts",112
"35-49",2023,3,"Lymphoma",0,"Rates",17.1078634400458
"35-49",2023,3,"Melanoma Cancer",0,"Counts",374
"35-49",2023,3,"Melanoma Cancer",0,"Rates",56.4898559055519
"35-49",2023,3,"Pancreatic Cancer",0,"Counts",48
"35-49",2023,3,"Pancreatic Cancer",0,"Rates",7.21804119425374
"35-49",2023,3,"Prostate Cancer",1,"Counts",NA
"35-49",2023,3,"Prostate Cancer",1,"Rates",NA
"50-64",2005,1,"All malignant neoplasms",0,"Counts",2388
"50-64",2005,1,"All malignant neoplasms",0,"Rates",886.404194984795
"50-64",2005,1,"Breast (Female) Cancer",1,"Counts",NA
"50-64",2005,1,"Breast (Female) Cancer",1,"Rates",NA
"50-64",2005,1,"Colorectal Cancer",0,"Counts",280
"50-64",2005,1,"Colorectal Cancer",0,"Rates",103.960169658038
"50-64",2005,1,"Leukaemia",0,"Counts",59
"50-64",2005,1,"Leukaemia",0,"Rates",23.2033921912115
"50-64",2005,1,"Lung Cancer",0,"Counts",201
"50-64",2005,1,"Lung Cancer",0,"Rates",72.8953715443218
"50-64",2005,1,"Lymphoma",0,"Counts",102
"50-64",2005,1,"Lymphoma",0,"Rates",36.8091281209111
"50-64",2005,1,"Melanoma Cancer",0,"Counts",348
"50-64",2005,1,"Melanoma Cancer",0,"Rates",134.102117726053
"50-64",2005,1,"Pancreatic Cancer",0,"Counts",15
"50-64",2005,1,"Pancreatic Cancer",0,"Rates",5.01131959311932
"50-64",2005,1,"Prostate Cancer",0,"Counts",696
"50-64",2005,1,"Prostate Cancer",0,"Rates",252.248878955134
"50-64",2005,2,"All malignant neoplasms",0,"Counts",1803
"50-64",2005,2,"All malignant neoplasms",0,"Rates",678.803940738111
"50-64",2005,2,"Breast (Female) Cancer",0,"Counts",644
"50-64",2005,2,"Breast (Female) Cancer",0,"Rates",244.057882100435
"50-64",2005,2,"Colorectal Cancer",0,"Counts",198
"50-64",2005,2,"Colorectal Cancer",0,"Rates",75.6815388752425
"50-64",2005,2,"Leukaemia",0,"Counts",48
"50-64",2005,2,"Leukaemia",0,"Rates",19.3354031237817
"50-64",2005,2,"Lung Cancer",0,"Counts",98
"50-64",2005,2,"Lung Cancer",0,"Rates",35.960177617916
"50-64",2005,2,"Lymphoma",0,"Counts",88
"50-64",2005,2,"Lymphoma",0,"Rates",31.1974916472644
"50-64",2005,2,"Melanoma Cancer",0,"Counts",214
"50-64",2005,2,"Melanoma Cancer",0,"Rates",82.7820046039149
"50-64",2005,2,"Pancreatic Cancer",0,"Counts",44
"50-64",2005,2,"Pancreatic Cancer",0,"Rates",15.5084642414522
"50-64",2005,2,"Prostate Cancer",1,"Counts",NA
"50-64",2005,2,"Prostate Cancer",1,"Rates",NA
"50-64",2005,3,"All malignant neoplasms",0,"Counts",4191
"50-64",2005,3,"All malignant neoplasms",0,"Rates",781.396990173276
"50-64",2005,3,"Breast (Female) Cancer",1,"Counts",NA
"50-64",2005,3,"Breast (Female) Cancer",1,"Rates",NA
"50-64",2005,3,"Colorectal Cancer",0,"Counts",478
"50-64",2005,3,"Colorectal Cancer",0,"Rates",89.6496247269308
"50-64",2005,3,"Leukaemia",0,"Counts",107
"50-64",2005,3,"Leukaemia",0,"Rates",21.2576089825193
"50-64",2005,3,"Lung Cancer",0,"Counts",299
"50-64",2005,3,"Lung Cancer",0,"Rates",54.2344304176712
"50-64",2005,3,"Lymphoma",0,"Counts",190
"50-64",2005,3,"Lymphoma",0,"Rates",33.9908885245016
"50-64",2005,3,"Melanoma Cancer",0,"Counts",562
"50-64",2005,3,"Melanoma Cancer",0,"Rates",108.186364204538
"50-64",2005,3,"Pancreatic Cancer",0,"Counts",59
"50-64",2005,3,"Pancreatic Cancer",0,"Rates",10.3143828204778
"50-64",2005,3,"Prostate Cancer",1,"Counts",NA
"50-64",2005,3,"Prostate Cancer",1,"Rates",NA
"50-64",2006,1,"All malignant neoplasms",0,"Counts",2573
"50-64",2006,1,"All malignant neoplasms",0,"Rates",943.352590796702
"50-64",2006,1,"Breast (Female) Cancer",1,"Counts",NA
"50-64",2006,1,"Breast (Female) Cancer",1,"Rates",NA
"50-64",2006,1,"Colorectal Cancer",0,"Counts",282
"50-64",2006,1,"Colorectal Cancer",0,"Rates",105.223051788942
"50-64",2006,1,"Leukaemia",0,"Counts",78
"50-64",2006,1,"Leukaemia",0,"Rates",28.9159530816389
"50-64",2006,1,"Lung Cancer",0,"Counts",228
"50-64",2006,1,"Lung Cancer",0,"Rates",82.0276522659071
"50-64",2006,1,"Lymphoma",0,"Counts",64
"50-64",2006,1,"Lymphoma",0,"Rates",24.5899318014782
"50-64",2006,1,"Melanoma Cancer",0,"Counts",328
"50-64",2006,1,"Melanoma Cancer",0,"Rates",123.013220639007
"50-64",2006,1,"Pancreatic Cancer",0,"Counts",43
"50-64",2006,1,"Pancreatic Cancer",0,"Rates",15.7606370017237
"50-64",2006,1,"Prostate Cancer",0,"Counts",901
"50-64",2006,1,"Prostate Cancer",0,"Rates",323.559574720767
"50-64",2006,2,"All malignant neoplasms",0,"Counts",1901
"50-64",2006,2,"All malignant neoplasms",0,"Rates",705.205557009708
"50-64",2006,2,"Breast (Female) Cancer",0,"Counts",669
"50-64",2006,2,"Breast (Female) Cancer",0,"Rates",254.55614701598
"50-64",2006,2,"Colorectal Cancer",0,"Counts",228
"50-64",2006,2,"Colorectal Cancer",0,"Rates",85.5393047729009
"50-64",2006,2,"Leukaemia",0,"Counts",25
"50-64",2006,2,"Leukaemia",0,"Rates",9.77062118907109
"50-64",2006,2,"Lung Cancer",0,"Counts",113
"50-64",2006,2,"Lung Cancer",0,"Rates",41.511331095248
"50-64",2006,2,"Lymphoma",0,"Counts",82
"50-64",2006,2,"Lymphoma",0,"Rates",28.5646879311487
"50-64",2006,2,"Melanoma Cancer",0,"Counts",230
"50-64",2006,2,"Melanoma Cancer",0,"Rates",88.3776469592076
"50-64",2006,2,"Pancreatic Cancer",1,"Counts",NA
"50-64",2006,2,"Pancreatic Cancer",1,"Rates",NA
"50-64",2006,2,"Prostate Cancer",1,"Counts",NA
"50-64",2006,2,"Prostate Cancer",1,"Rates",NA
"50-64",2006,3,"All malignant neoplasms",0,"Counts",4474
"50-64",2006,3,"All malignant neoplasms",0,"Rates",823.05174660116
"50-64",2006,3,"Breast (Female) Cancer",1,"Counts",NA
"50-64",2006,3,"Breast (Female) Cancer",1,"Rates",NA
"50-64",2006,3,"Colorectal Cancer",0,"Counts",510
"50-64",2006,3,"Colorectal Cancer",0,"Rates",95.282037578058
"50-64",2006,3,"Leukaemia",0,"Counts",103
"50-64",2006,3,"Leukaemia",0,"Rates",19.2623475142808
"50-64",2006,3,"Lung Cancer",0,"Counts",341
"50-64",2006,3,"Lung Cancer",0,"Rates",61.5724930754277
"50-64",2006,3,"Lymphoma",0,"Counts",146
"50-64",2006,3,"Lymphoma",0,"Rates",26.6287928544797
"50-64",2006,3,"Melanoma Cancer",0,"Counts",558
"50-64",2006,3,"Melanoma Cancer",0,"Rates",105.519917694854
"50-64",2006,3,"Pancreatic Cancer",0,"Counts",46
"50-64",2006,3,"Pancreatic Cancer",0,"Rates",8.2811087440916
"50-64",2006,3,"Prostate Cancer",1,"Counts",NA
"50-64",2006,3,"Prostate Cancer",1,"Rates",NA
"50-64",2007,1,"All malignant neoplasms",0,"Counts",2753
"50-64",2007,1,"All malignant neoplasms",0,"Rates",991.367403190782
"50-64",2007,1,"Breast (Female) Cancer",1,"Counts",NA
"50-64",2007,1,"Breast (Female) Cancer",1,"Rates",NA
"50-64",2007,1,"Colorectal Cancer",0,"Counts",341
"50-64",2007,1,"Colorectal Cancer",0,"Rates",125.610770906103
"50-64",2007,1,"Leukaemia",0,"Counts",111
"50-64",2007,1,"Leukaemia",0,"Rates",38.3849113656268
"50-64",2007,1,"Lung Cancer",0,"Counts",232
"50-64",2007,1,"Lung Cancer",0,"Rates",83.2061711209626
"50-64",2007,1,"Lymphoma",0,"Counts",85
"50-64",2007,1,"Lymphoma",0,"Rates",30.7854528694207
"50-64",2007,1,"Melanoma Cancer",0,"Counts",370
"50-64",2007,1,"Melanoma Cancer",0,"Rates",135.758708565862
"50-64",2007,1,"Pancreatic Cancer",0,"Counts",23
"50-64",2007,1,"Pancreatic Cancer",0,"Rates",7.15494749428704
"50-64",2007,1,"Prostate Cancer",0,"Counts",925
"50-64",2007,1,"Prostate Cancer",0,"Rates",326.882624657984
"50-64",2007,2,"All malignant neoplasms",0,"Counts",1925
"50-64",2007,2,"All malignant neoplasms",0,"Rates",705.304180676522
"50-64",2007,2,"Breast (Female) Cancer",0,"Counts",693
"50-64",2007,2,"Breast (Female) Cancer",0,"Rates",257.588125116308
"50-64",2007,2,"Colorectal Cancer",0,"Counts",191
"50-64",2007,2,"Colorectal Cancer",0,"Rates",68.5292241891864
"50-64",2007,2,"Leukaemia",0,"Counts",55
"50-64",2007,2,"Leukaemia",0,"Rates",22.0480161066527
"50-64",2007,2,"Lung Cancer",0,"Counts",119
"50-64",2007,2,"Lung Cancer",0,"Rates",42.9219115099859
"50-64",2007,2,"Lymphoma",0,"Counts",79
"50-64",2007,2,"Lymphoma",0,"Rates",30.1176080481724
"50-64",2007,2,"Melanoma Cancer",0,"Counts",257
"50-64",2007,2,"Melanoma Cancer",0,"Rates",96.2148272244148
"50-64",2007,2,"Pancreatic Cancer",0,"Counts",46
"50-64",2007,2,"Pancreatic Cancer",0,"Rates",16.9984812160956
"50-64",2007,2,"Prostate Cancer",1,"Counts",NA
"50-64",2007,2,"Prostate Cancer",1,"Rates",NA
"50-64",2007,3,"All malignant neoplasms",0,"Counts",4678
"50-64",2007,3,"All malignant neoplasms",0,"Rates",846.713565515968
"50-64",2007,3,"Breast (Female) Cancer",1,"Counts",NA
"50-64",2007,3,"Breast (Female) Cancer",1,"Rates",NA
"50-64",2007,3,"Colorectal Cancer",0,"Counts",532
"50-64",2007,3,"Colorectal Cancer",0,"Rates",96.8377648795505
"50-64",2007,3,"Leukaemia",0,"Counts",166
"50-64",2007,3,"Leukaemia",0,"Rates",30.0864970760087
"50-64",2007,3,"Lung Cancer",0,"Counts",351
"50-64",2007,3,"Lung Cancer",0,"Rates",62.8655099245157
"50-64",2007,3,"Lymphoma",0,"Counts",164
"50-64",2007,3,"Lymphoma",0,"Rates",30.4213903675221
"50-64",2007,3,"Melanoma Cancer",0,"Counts",627
"50-64",2007,3,"Melanoma Cancer",0,"Rates",115.772092217574
"50-64",2007,3,"Pancreatic Cancer",0,"Counts",69
"50-64",2007,3,"Pancreatic Cancer",0,"Rates",12.0954542008362
"50-64",2007,3,"Prostate Cancer",1,"Counts",NA
"50-64",2007,3,"Prostate Cancer",1,"Rates",NA
"50-64",2008,1,"All malignant neoplasms",0,"Counts",2851
"50-64",2008,1,"All malignant neoplasms",0,"Rates",1006.69943781131
"50-64",2008,1,"Breast (Female) Cancer",1,"Counts",NA
"50-64",2008,1,"Breast (Female) Cancer",1,"Rates",NA
"50-64",2008,1,"Colorectal Cancer",0,"Counts",286
"50-64",2008,1,"Colorectal Cancer",0,"Rates",99.9426301195812
"50-64",2008,1,"Leukaemia",0,"Counts",76
"50-64",2008,1,"Leukaemia",0,"Rates",26.500126643902
"50-64",2008,1,"Lung Cancer",0,"Counts",215
"50-64",2008,1,"Lung Cancer",0,"Rates",71.4318778732867
"50-64",2008,1,"Lymphoma",0,"Counts",93
"50-64",2008,1,"Lymphoma",0,"Rates",33.2914414510702
"50-64",2008,1,"Melanoma Cancer",0,"Counts",373
"50-64",2008,1,"Melanoma Cancer",0,"Rates",133.459264309283
"50-64",2008,1,"Pancreatic Cancer",0,"Counts",49
"50-64",2008,1,"Pancreatic Cancer",0,"Rates",19.6401806267203
"50-64",2008,1,"Prostate Cancer",0,"Counts",1003
"50-64",2008,1,"Prostate Cancer",0,"Rates",347.220608801704
"50-64",2008,2,"All malignant neoplasms",0,"Counts",2068
"50-64",2008,2,"All malignant neoplasms",0,"Rates",747.568709116111
"50-64",2008,2,"Breast (Female) Cancer",0,"Counts",725
"50-64",2008,2,"Breast (Female) Cancer",0,"Rates",266.379685835825
"50-64",2008,2,"Colorectal Cancer",0,"Counts",214
"50-64",2008,2,"Colorectal Cancer",0,"Rates",78.0437828587673
"50-64",2008,2,"Leukaemia",0,"Counts",71
"50-64",2008,2,"Leukaemia",0,"Rates",27.359891718389
"50-64",2008,2,"Lung Cancer",0,"Counts",168
"50-64",2008,2,"Lung Cancer",0,"Rates",57.2639228537559
"50-64",2008,2,"Lymphoma",0,"Counts",52
"50-64",2008,2,"Lymphoma",0,"Rates",20.4785650718984
"50-64",2008,2,"Melanoma Cancer",0,"Counts",235
"50-64",2008,2,"Melanoma Cancer",0,"Rates",85.9083885006085
"50-64",2008,2,"Pancreatic Cancer",0,"Counts",43
"50-64",2008,2,"Pancreatic Cancer",0,"Rates",17.0585477254903
"50-64",2008,2,"Prostate Cancer",1,"Counts",NA
"50-64",2008,2,"Prostate Cancer",1,"Rates",NA
"50-64",2008,3,"All malignant neoplasms",0,"Counts",4919
"50-64",2008,3,"All malignant neoplasms",0,"Rates",876.170195382336
"50-64",2008,3,"Breast (Female) Cancer",1,"Counts",NA
"50-64",2008,3,"Breast (Female) Cancer",1,"Rates",NA
"50-64",2008,3,"Colorectal Cancer",0,"Counts",500
"50-64",2008,3,"Colorectal Cancer",0,"Rates",88.901541444723
"50-64",2008,3,"Leukaemia",0,"Counts",147
"50-64",2008,3,"Leukaemia",0,"Rates",26.9186564761353
"50-64",2008,3,"Lung Cancer",0,"Counts",383
"50-64",2008,3,"Lung Cancer",0,"Rates",64.2920166391483
"50-64",2008,3,"Lymphoma",0,"Counts",145
"50-64",2008,3,"Lymphoma",0,"Rates",26.8310425272596
"50-64",2008,3,"Melanoma Cancer",0,"Counts",608
"50-64",2008,3,"Melanoma Cancer",0,"Rates",109.523805220718
"50-64",2008,3,"Pancreatic Cancer",0,"Counts",92
"50-64",2008,3,"Pancreatic Cancer",0,"Rates",18.3419786374633
"50-64",2008,3,"Prostate Cancer",1,"Counts",NA
"50-64",2008,3,"Prostate Cancer",1,"Rates",NA
"50-64",2009,1,"All malignant neoplasms",0,"Counts",2935
"50-64",2009,1,"All malignant neoplasms",0,"Rates",1024.09861279854
"50-64",2009,1,"Breast (Female) Cancer",1,"Counts",NA
"50-64",2009,1,"Breast (Female) Cancer",1,"Rates",NA
"50-64",2009,1,"Colorectal Cancer",0,"Counts",294
"50-64",2009,1,"Colorectal Cancer",0,"Rates",105.358780011507
"50-64",2009,1,"Leukaemia",0,"Counts",59
"50-64",2009,1,"Leukaemia",0,"Rates",20.7385234658126
"50-64",2009,1,"Lung Cancer",0,"Counts",228
"50-64",2009,1,"Lung Cancer",0,"Rates",78.4943867703122
"50-64",2009,1,"Lymphoma",0,"Counts",103
"50-64",2009,1,"Lymphoma",0,"Rates",37.3726005235434
"50-64",2009,1,"Melanoma Cancer",0,"Counts",338
"50-64",2009,1,"Melanoma Cancer",0,"Rates",120.381394160363
"50-64",2009,1,"Pancreatic Cancer",0,"Counts",65
"50-64",2009,1,"Pancreatic Cancer",0,"Rates",23.9324430693221
"50-64",2009,1,"Prostate Cancer",0,"Counts",1066
"50-64",2009,1,"Prostate Cancer",0,"Rates",363.370940265704
"50-64",2009,2,"All malignant neoplasms",0,"Counts",2124
"50-64",2009,2,"All malignant neoplasms",0,"Rates",752.06300397505
"50-64",2009,2,"Breast (Female) Cancer",0,"Counts",731
"50-64",2009,2,"Breast (Female) Cancer",0,"Rates",260.928848238265
"50-64",2009,2,"Colorectal Cancer",0,"Counts",185
"50-64",2009,2,"Colorectal Cancer",0,"Rates",66.9666223396206
"50-64",2009,2,"Leukaemia",0,"Counts",24
"50-64",2009,2,"Leukaemia",0,"Rates",9.78906934108715
"50-64",2009,2,"Lung Cancer",0,"Counts",138
"50-64",2009,2,"Lung Cancer",0,"Rates",46.4040479225091
"50-64",2009,2,"Lymphoma",0,"Counts",56
"50-64",2009,2,"Lymphoma",0,"Rates",18.834075870188
"50-64",2009,2,"Melanoma Cancer",0,"Counts",251
"50-64",2009,2,"Melanoma Cancer",0,"Rates",90.0397314678649
"50-64",2009,2,"Pancreatic Cancer",0,"Counts",54
"50-64",2009,2,"Pancreatic Cancer",0,"Rates",17.7042415867999
"50-64",2009,2,"Prostate Cancer",1,"Counts",NA
"50-64",2009,2,"Prostate Cancer",1,"Rates",NA
"50-64",2009,3,"All malignant neoplasms",0,"Counts",5059
"50-64",2009,3,"All malignant neoplasms",0,"Rates",886.703300920387
"50-64",2009,3,"Breast (Female) Cancer",1,"Counts",NA
"50-64",2009,3,"Breast (Female) Cancer",1,"Rates",NA
"50-64",2009,3,"Colorectal Cancer",0,"Counts",479
"50-64",2009,3,"Colorectal Cancer",0,"Rates",85.9858107266052
"50-64",2009,3,"Leukaemia",0,"Counts",83
"50-64",2009,3,"Leukaemia",0,"Rates",15.2112229493915
"50-64",2009,3,"Lung Cancer",0,"Counts",366
"50-64",2009,3,"Lung Cancer",0,"Rates",62.3066200378279
"50-64",2009,3,"Lymphoma",0,"Counts",159
"50-64",2009,3,"Lymphoma",0,"Rates",28.0355426287007
"50-64",2009,3,"Melanoma Cancer",0,"Counts",589
"50-64",2009,3,"Melanoma Cancer",0,"Rates",105.055116879088
"50-64",2009,3,"Pancreatic Cancer",0,"Counts",119
"50-64",2009,3,"Pancreatic Cancer",0,"Rates",20.7824901726179
"50-64",2009,3,"Prostate Cancer",1,"Counts",NA
"50-64",2009,3,"Prostate Cancer",1,"Rates",NA
"50-64",2010,1,"All malignant neoplasms",0,"Counts",2925
"50-64",2010,1,"All malignant neoplasms",0,"Rates",1008.80117837061
"50-64",2010,1,"Breast (Female) Cancer",1,"Counts",NA
"50-64",2010,1,"Breast (Female) Cancer",1,"Rates",NA
"50-64",2010,1,"Colorectal Cancer",0,"Counts",335
"50-64",2010,1,"Colorectal Cancer",0,"Rates",116.364848633298
"50-64",2010,1,"Leukaemia",0,"Counts",93
"50-64",2010,1,"Leukaemia",0,"Rates",32.9240730946203
"50-64",2010,1,"Lung Cancer",0,"Counts",261
"50-64",2010,1,"Lung Cancer",0,"Rates",88.7548523396826
"50-64",2010,1,"Lymphoma",0,"Counts",134
"50-64",2010,1,"Lymphoma",0,"Rates",46.8200015696806
"50-64",2010,1,"Melanoma Cancer",0,"Counts",392
"50-64",2010,1,"Melanoma Cancer",0,"Rates",140.48851369003
"50-64",2010,1,"Pancreatic Cancer",0,"Counts",81
"50-64",2010,1,"Pancreatic Cancer",0,"Rates",27.7308275740699
"50-64",2010,1,"Prostate Cancer",0,"Counts",992
"50-64",2010,1,"Prostate Cancer",0,"Rates",335.019907468349
"50-64",2010,2,"All malignant neoplasms",0,"Counts",2191
"50-64",2010,2,"All malignant neoplasms",0,"Rates",766.113742752754
"50-64",2010,2,"Breast (Female) Cancer",0,"Counts",760
"50-64",2010,2,"Breast (Female) Cancer",0,"Rates",270.059044933351
"50-64",2010,2,"Colorectal Cancer",0,"Counts",226
"50-64",2010,2,"Colorectal Cancer",0,"Rates",76.5104174613731
"50-64",2010,2,"Leukaemia",0,"Counts",64
"50-64",2010,2,"Leukaemia",0,"Rates",22.3755054909185
"50-64",2010,2,"Lung Cancer",0,"Counts",146
"50-64",2010,2,"Lung Cancer",0,"Rates",47.0612942977194
"50-64",2010,2,"Lymphoma",0,"Counts",40
"50-64",2010,2,"Lymphoma",0,"Rates",15.5603984047771
"50-64",2010,2,"Melanoma Cancer",0,"Counts",251
"50-64",2010,2,"Melanoma Cancer",0,"Rates",88.0459232419349
"50-64",2010,2,"Pancreatic Cancer",0,"Counts",28
"50-64",2010,2,"Pancreatic Cancer",0,"Rates",8.43430894391004
"50-64",2010,2,"Prostate Cancer",1,"Counts",NA
"50-64",2010,2,"Prostate Cancer",1,"Rates",NA
"50-64",2010,3,"All malignant neoplasms",0,"Counts",5116
"50-64",2010,3,"All malignant neoplasms",0,"Rates",886.362856021114
"50-64",2010,3,"Breast (Female) Cancer",1,"Counts",NA
"50-64",2010,3,"Breast (Female) Cancer",1,"Rates",NA
"50-64",2010,3,"Colorectal Cancer",0,"Counts",561
"50-64",2010,3,"Colorectal Cancer",0,"Rates",96.2838915976928
"50-64",2010,3,"Leukaemia",0,"Counts",157
"50-64",2010,3,"Leukaemia",0,"Rates",27.60892514432
"50-64",2010,3,"Lung Cancer",0,"Counts",407
"50-64",2010,3,"Lung Cancer",0,"Rates",67.7469059858612
"50-64",2010,3,"Lymphoma",0,"Counts",174
"50-64",2010,3,"Lymphoma",0,"Rates",31.0571551817856
"50-64",2010,3,"Melanoma Cancer",0,"Counts",643
"50-64",2010,3,"Melanoma Cancer",0,"Rates",114.069086454079
"50-64",2010,3,"Pancreatic Cancer",0,"Counts",109
"50-64",2010,3,"Pancreatic Cancer",0,"Rates",18.0090244830637
"50-64",2010,3,"Prostate Cancer",1,"Counts",NA
"50-64",2010,3,"Prostate Cancer",1,"Rates",NA
"50-64",2011,1,"All malignant neoplasms",0,"Counts",2988
"50-64",2011,1,"All malignant neoplasms",0,"Rates",1010.1646679054
"50-64",2011,1,"Breast (Female) Cancer",1,"Counts",NA
"50-64",2011,1,"Breast (Female) Cancer",1,"Rates",NA
"50-64",2011,1,"Colorectal Cancer",0,"Counts",324
"50-64",2011,1,"Colorectal Cancer",0,"Rates",111.612670103601
"50-64",2011,1,"Leukaemia",0,"Counts",91
"50-64",2011,1,"Leukaemia",0,"Rates",28.8472234410027
"50-64",2011,1,"Lung Cancer",0,"Counts",258
"50-64",2011,1,"Lung Cancer",0,"Rates",87.7677701470493
"50-64",2011,1,"Lymphoma",0,"Counts",80
"50-64",2011,1,"Lymphoma",0,"Rates",24.8636138530156
"50-64",2011,1,"Melanoma Cancer",0,"Counts",438
"50-64",2011,1,"Melanoma Cancer",0,"Rates",151.158099020462
"50-64",2011,1,"Pancreatic Cancer",0,"Counts",36
"50-64",2011,1,"Pancreatic Cancer",0,"Rates",13.5766183436209
"50-64",2011,1,"Prostate Cancer",0,"Counts",1046
"50-64",2011,1,"Prostate Cancer",0,"Rates",348.005535463552
"50-64",2011,2,"All malignant neoplasms",0,"Counts",2206
"50-64",2011,2,"All malignant neoplasms",0,"Rates",763.985998673665
"50-64",2011,2,"Breast (Female) Cancer",0,"Counts",760
"50-64",2011,2,"Breast (Female) Cancer",0,"Rates",265.416753524014
"50-64",2011,2,"Colorectal Cancer",0,"Counts",200
"50-64",2011,2,"Colorectal Cancer",0,"Rates",67.5589448344756
"50-64",2011,2,"Leukaemia",0,"Counts",67
"50-64",2011,2,"Leukaemia",0,"Rates",20.8960458854138
"50-64",2011,2,"Lung Cancer",0,"Counts",197
"50-64",2011,2,"Lung Cancer",0,"Rates",66.1369685606235
"50-64",2011,2,"Lymphoma",0,"Counts",119
"50-64",2011,2,"Lymphoma",0,"Rates",40.2301001475058
"50-64",2011,2,"Melanoma Cancer",0,"Counts",262
"50-64",2011,2,"Melanoma Cancer",0,"Rates",92.9224967196504
"50-64",2011,2,"Pancreatic Cancer",0,"Counts",33
"50-64",2011,2,"Pancreatic Cancer",0,"Rates",10.7713882061038
"50-64",2011,2,"Prostate Cancer",1,"Counts",NA
"50-64",2011,2,"Prostate Cancer",1,"Rates",NA
"50-64",2011,3,"All malignant neoplasms",0,"Counts",5194
"50-64",2011,3,"All malignant neoplasms",0,"Rates",886.246736146261
"50-64",2011,3,"Breast (Female) Cancer",1,"Counts",NA
"50-64",2011,3,"Breast (Female) Cancer",1,"Rates",NA
"50-64",2011,3,"Colorectal Cancer",0,"Counts",524
"50-64",2011,3,"Colorectal Cancer",0,"Rates",89.4651490729662
"50-64",2011,3,"Leukaemia",0,"Counts",158
"50-64",2011,3,"Leukaemia",0,"Rates",24.8513725120168
"50-64",2011,3,"Lung Cancer",0,"Counts",455
"50-64",2011,3,"Lung Cancer",0,"Rates",76.8928267375295
"50-64",2011,3,"Lymphoma",0,"Counts",199
"50-64",2011,3,"Lymphoma",0,"Rates",32.5853706970728
"50-64",2011,3,"Melanoma Cancer",0,"Counts",700
"50-64",2011,3,"Melanoma Cancer",0,"Rates",121.869893644555
"50-64",2011,3,"Pancreatic Cancer",0,"Counts",69
"50-64",2011,3,"Pancreatic Cancer",0,"Rates",12.1745037168369
"50-64",2011,3,"Prostate Cancer",1,"Counts",NA
"50-64",2011,3,"Prostate Cancer",1,"Rates",NA
"50-64",2012,1,"All malignant neoplasms",0,"Counts",3045
"50-64",2012,1,"All malignant neoplasms",0,"Rates",1018.89844942697
"50-64",2012,1,"Breast (Female) Cancer",1,"Counts",NA
"50-64",2012,1,"Breast (Female) Cancer",1,"Rates",NA
"50-64",2012,1,"Colorectal Cancer",0,"Counts",304
"50-64",2012,1,"Colorectal Cancer",0,"Rates",102.389196986987
"50-64",2012,1,"Leukaemia",0,"Counts",75
"50-64",2012,1,"Leukaemia",0,"Rates",24.9279080509867
"50-64",2012,1,"Lung Cancer",0,"Counts",208
"50-64",2012,1,"Lung Cancer",0,"Rates",68.2579868759497
"50-64",2012,1,"Lymphoma",0,"Counts",84
"50-64",2012,1,"Lymphoma",0,"Rates",28.4786345169411
"50-64",2012,1,"Melanoma Cancer",0,"Counts",409
"50-64",2012,1,"Melanoma Cancer",0,"Rates",140.72693938461
"50-64",2012,1,"Pancreatic Cancer",0,"Counts",36
"50-64",2012,1,"Pancreatic Cancer",0,"Rates",11.8749280636705
"50-64",2012,1,"Prostate Cancer",0,"Counts",1007
"50-64",2012,1,"Prostate Cancer",0,"Rates",329.231611258049
"50-64",2012,2,"All malignant neoplasms",0,"Counts",2283
"50-64",2012,2,"All malignant neoplasms",0,"Rates",778.468980457189
"50-64",2012,2,"Breast (Female) Cancer",0,"Counts",760
"50-64",2012,2,"Breast (Female) Cancer",0,"Rates",265.685185123162
"50-64",2012,2,"Colorectal Cancer",0,"Counts",209
"50-64",2012,2,"Colorectal Cancer",0,"Rates",69.7951070607469
"50-64",2012,2,"Leukaemia",0,"Counts",76
"50-64",2012,2,"Leukaemia",0,"Rates",27.0103993007457
"50-64",2012,2,"Lung Cancer",0,"Counts",168
"50-64",2012,2,"Lung Cancer",0,"Rates",55.1999378553903
"50-64",2012,2,"Lymphoma",0,"Counts",57
"50-64",2012,2,"Lymphoma",0,"Rates",18.1694540258649
"50-64",2012,2,"Melanoma Cancer",0,"Counts",292
"50-64",2012,2,"Melanoma Cancer",0,"Rates",102.363895679929
"50-64",2012,2,"Pancreatic Cancer",0,"Counts",77
"50-64",2012,2,"Pancreatic Cancer",0,"Rates",26.6168467729317
"50-64",2012,2,"Prostate Cancer",1,"Counts",NA
"50-64",2012,2,"Prostate Cancer",1,"Rates",NA
"50-64",2012,3,"All malignant neoplasms",0,"Counts",5328
"50-64",2012,3,"All malignant neoplasms",0,"Rates",897.340411259349
"50-64",2012,3,"Breast (Female) Cancer",1,"Counts",NA
"50-64",2012,3,"Breast (Female) Cancer",1,"Rates",NA
"50-64",2012,3,"Colorectal Cancer",0,"Counts",513
"50-64",2012,3,"Colorectal Cancer",0,"Rates",85.9695109917685
"50-64",2012,3,"Leukaemia",0,"Counts",151
"50-64",2012,3,"Leukaemia",0,"Rates",25.9508080573686
"50-64",2012,3,"Lung Cancer",0,"Counts",376
"50-64",2012,3,"Lung Cancer",0,"Rates",61.6689911228497
"50-64",2012,3,"Lymphoma",0,"Counts",141
"50-64",2012,3,"Lymphoma",0,"Rates",23.3001002112611
"50-64",2012,3,"Melanoma Cancer",0,"Counts",701
"50-64",2012,3,"Melanoma Cancer",0,"Rates",121.38787270046
"50-64",2012,3,"Pancreatic Cancer",0,"Counts",113
"50-64",2012,3,"Pancreatic Cancer",0,"Rates",19.2838445930921
"50-64",2012,3,"Prostate Cancer",1,"Counts",NA
"50-64",2012,3,"Prostate Cancer",1,"Rates",NA
"50-64",2013,1,"All malignant neoplasms",0,"Counts",3026
"50-64",2013,1,"All malignant neoplasms",0,"Rates",1000.32357672882
"50-64",2013,1,"Breast (Female) Cancer",1,"Counts",NA
"50-64",2013,1,"Breast (Female) Cancer",1,"Rates",NA
"50-64",2013,1,"Colorectal Cancer",0,"Counts",246
"50-64",2013,1,"Colorectal Cancer",0,"Rates",82.5748223556818
"50-64",2013,1,"Leukaemia",0,"Counts",86
"50-64",2013,1,"Leukaemia",0,"Rates",29.2806802507577
"50-64",2013,1,"Lung Cancer",0,"Counts",224
"50-64",2013,1,"Lung Cancer",0,"Rates",73.5625960521292
"50-64",2013,1,"Lymphoma",0,"Counts",120
"50-64",2013,1,"Lymphoma",0,"Rates",39.6997519231823
"50-64",2013,1,"Melanoma Cancer",0,"Counts",453
"50-64",2013,1,"Melanoma Cancer",0,"Rates",151.975029733957
"50-64",2013,1,"Pancreatic Cancer",0,"Counts",54
"50-64",2013,1,"Pancreatic Cancer",0,"Rates",18.742740959397
"50-64",2013,1,"Prostate Cancer",0,"Counts",933
"50-64",2013,1,"Prostate Cancer",0,"Rates",303.770214387462
"50-64",2013,2,"All malignant neoplasms",0,"Counts",2380
"50-64",2013,2,"All malignant neoplasms",0,"Rates",807.786758258227
"50-64",2013,2,"Breast (Female) Cancer",0,"Counts",822
"50-64",2013,2,"Breast (Female) Cancer",0,"Rates",286.054950061938
"50-64",2013,2,"Colorectal Cancer",0,"Counts",214
"50-64",2013,2,"Colorectal Cancer",0,"Rates",70.7609510072976
"50-64",2013,2,"Leukaemia",0,"Counts",68
"50-64",2013,2,"Leukaemia",0,"Rates",21.3586689060012
"50-64",2013,2,"Lung Cancer",0,"Counts",189
"50-64",2013,2,"Lung Cancer",0,"Rates",63.014541686855
"50-64",2013,2,"Lymphoma",0,"Counts",112
"50-64",2013,2,"Lymphoma",0,"Rates",37.6213983032801
"50-64",2013,2,"Melanoma Cancer",0,"Counts",313
"50-64",2013,2,"Melanoma Cancer",0,"Rates",110.925088107743
"50-64",2013,2,"Pancreatic Cancer",0,"Counts",33
"50-64",2013,2,"Pancreatic Cancer",0,"Rates",11.5355930124396
"50-64",2013,2,"Prostate Cancer",1,"Counts",NA
"50-64",2013,2,"Prostate Cancer",1,"Rates",NA
"50-64",2013,3,"All malignant neoplasms",0,"Counts",5406
"50-64",2013,3,"All malignant neoplasms",0,"Rates",902.705351745419
"50-64",2013,3,"Breast (Female) Cancer",1,"Counts",NA
"50-64",2013,3,"Breast (Female) Cancer",1,"Rates",NA
"50-64",2013,3,"Colorectal Cancer",0,"Counts",460
"50-64",2013,3,"Colorectal Cancer",0,"Rates",76.632386208877
"50-64",2013,3,"Leukaemia",0,"Counts",154
"50-64",2013,3,"Leukaemia",0,"Rates",25.3129667874034
"50-64",2013,3,"Lung Cancer",0,"Counts",413
"50-64",2013,3,"Lung Cancer",0,"Rates",68.2191052724574
"50-64",2013,3,"Lymphoma",0,"Counts",232
"50-64",2013,3,"Lymphoma",0,"Rates",38.6298834563753
"50-64",2013,3,"Melanoma Cancer",0,"Counts",766
"50-64",2013,3,"Melanoma Cancer",0,"Rates",131.201802823688
"50-64",2013,3,"Pancreatic Cancer",0,"Counts",87
"50-64",2013,3,"Pancreatic Cancer",0,"Rates",15.1211867330629
"50-64",2013,3,"Prostate Cancer",1,"Counts",NA
"50-64",2013,3,"Prostate Cancer",1,"Rates",NA
"50-64",2014,1,"All malignant neoplasms",0,"Counts",3004
"50-64",2014,1,"All malignant neoplasms",0,"Rates",985.88964007653
"50-64",2014,1,"Breast (Female) Cancer",1,"Counts",NA
"50-64",2014,1,"Breast (Female) Cancer",1,"Rates",NA
"50-64",2014,1,"Colorectal Cancer",0,"Counts",300
"50-64",2014,1,"Colorectal Cancer",0,"Rates",98.0991789847042
"50-64",2014,1,"Leukaemia",0,"Counts",86
"50-64",2014,1,"Leukaemia",0,"Rates",28.3412904145497
"50-64",2014,1,"Lung Cancer",0,"Counts",255
"50-64",2014,1,"Lung Cancer",0,"Rates",82.7915658745039
"50-64",2014,1,"Lymphoma",0,"Counts",139
"50-64",2014,1,"Lymphoma",0,"Rates",46.8136713688446
"50-64",2014,1,"Melanoma Cancer",0,"Counts",418
"50-64",2014,1,"Melanoma Cancer",0,"Rates",137.646978259402
"50-64",2014,1,"Pancreatic Cancer",0,"Counts",58
"50-64",2014,1,"Pancreatic Cancer",0,"Rates",19.3752566288166
"50-64",2014,1,"Prostate Cancer",0,"Counts",889
"50-64",2014,1,"Prostate Cancer",0,"Rates",284.038395937275
"50-64",2014,2,"All malignant neoplasms",0,"Counts",2384
"50-64",2014,2,"All malignant neoplasms",0,"Rates",791.406132256304
"50-64",2014,2,"Breast (Female) Cancer",0,"Counts",810
"50-64",2014,2,"Breast (Female) Cancer",0,"Rates",272.996464014428
"50-64",2014,2,"Colorectal Cancer",0,"Counts",217
"50-64",2014,2,"Colorectal Cancer",0,"Rates",70.8164068840466
"50-64",2014,2,"Leukaemia",0,"Counts",38
"50-64",2014,2,"Leukaemia",0,"Rates",12.1781532473751
"50-64",2014,2,"Lung Cancer",0,"Counts",142
"50-64",2014,2,"Lung Cancer",0,"Rates",44.3780055299134
"50-64",2014,2,"Lymphoma",0,"Counts",79
"50-64",2014,2,"Lymphoma",0,"Rates",26.5477938544097
"50-64",2014,2,"Melanoma Cancer",0,"Counts",275
"50-64",2014,2,"Melanoma Cancer",0,"Rates",90.1661285042695
"50-64",2014,2,"Pancreatic Cancer",0,"Counts",31
"50-64",2014,2,"Pancreatic Cancer",0,"Rates",8.17292687533192
"50-64",2014,2,"Prostate Cancer",1,"Counts",NA
"50-64",2014,2,"Prostate Cancer",1,"Rates",NA
"50-64",2014,3,"All malignant neoplasms",0,"Counts",5388
"50-64",2014,3,"All malignant neoplasms",0,"Rates",887.367714994998
"50-64",2014,3,"Breast (Female) Cancer",1,"Counts",NA
"50-64",2014,3,"Breast (Female) Cancer",1,"Rates",NA
"50-64",2014,3,"Colorectal Cancer",0,"Counts",517
"50-64",2014,3,"Colorectal Cancer",0,"Rates",84.3311984185187
"50-64",2014,3,"Leukaemia",0,"Counts",124
"50-64",2014,3,"Leukaemia",0,"Rates",20.1990325553482
"50-64",2014,3,"Lung Cancer",0,"Counts",397
"50-64",2014,3,"Lung Cancer",0,"Rates",63.4202104917001
"50-64",2014,3,"Lymphoma",0,"Counts",218
"50-64",2014,3,"Lymphoma",0,"Rates",36.5994407272523
"50-64",2014,3,"Melanoma Cancer",0,"Counts",693
"50-64",2014,3,"Melanoma Cancer",0,"Rates",113.662510936905
"50-64",2014,3,"Pancreatic Cancer",0,"Counts",89
"50-64",2014,3,"Pancreatic Cancer",0,"Rates",13.7629477693589
"50-64",2014,3,"Prostate Cancer",1,"Counts",NA
"50-64",2014,3,"Prostate Cancer",1,"Rates",NA
"50-64",2015,1,"All malignant neoplasms",0,"Counts",2951
"50-64",2015,1,"All malignant neoplasms",0,"Rates",970.535267847556
"50-64",2015,1,"Breast (Female) Cancer",1,"Counts",NA
"50-64",2015,1,"Breast (Female) Cancer",1,"Rates",NA
"50-64",2015,1,"Colorectal Cancer",0,"Counts",275
"50-64",2015,1,"Colorectal Cancer",0,"Rates",92.6999065805178
"50-64",2015,1,"Leukaemia",0,"Counts",49
"50-64",2015,1,"Leukaemia",0,"Rates",16.1729615794895
"50-64",2015,1,"Lung Cancer",0,"Counts",189
"50-64",2015,1,"Lung Cancer",0,"Rates",61.5820496879921
"50-64",2015,1,"Lymphoma",0,"Counts",75
"50-64",2015,1,"Lymphoma",0,"Rates",25.6961543260033
"50-64",2015,1,"Melanoma Cancer",0,"Counts",474
"50-64",2015,1,"Melanoma Cancer",0,"Rates",157.742274485763
"50-64",2015,1,"Pancreatic Cancer",0,"Counts",61
"50-64",2015,1,"Pancreatic Cancer",0,"Rates",21.8047173742394
"50-64",2015,1,"Prostate Cancer",0,"Counts",893
"50-64",2015,1,"Prostate Cancer",0,"Rates",285.614947586044
"50-64",2015,2,"All malignant neoplasms",0,"Counts",2463
"50-64",2015,2,"All malignant neoplasms",0,"Rates",811.906796232179
"50-64",2015,2,"Breast (Female) Cancer",0,"Counts",816
"50-64",2015,2,"Breast (Female) Cancer",0,"Rates",267.699333927286
"50-64",2015,2,"Colorectal Cancer",0,"Counts",270
"50-64",2015,2,"Colorectal Cancer",0,"Rates",89.6138522200316
"50-64",2015,2,"Leukaemia",0,"Counts",49
"50-64",2015,2,"Leukaemia",0,"Rates",15.9759040303903
"50-64",2015,2,"Lung Cancer",0,"Counts",170
"50-64",2015,2,"Lung Cancer",0,"Rates",55.4471397535497
"50-64",2015,2,"Lymphoma",0,"Counts",82
"50-64",2015,2,"Lymphoma",0,"Rates",29.3085045791017
"50-64",2015,2,"Melanoma Cancer",0,"Counts",312
"50-64",2015,2,"Melanoma Cancer",0,"Rates",105.096327420185
"50-64",2015,2,"Pancreatic Cancer",0,"Counts",73
"50-64",2015,2,"Pancreatic Cancer",0,"Rates",23.427046469247
"50-64",2015,2,"Prostate Cancer",1,"Counts",NA
"50-64",2015,2,"Prostate Cancer",1,"Rates",NA
"50-64",2015,3,"All malignant neoplasms",0,"Counts",5414
"50-64",2015,3,"All malignant neoplasms",0,"Rates",889.998693088446
"50-64",2015,3,"Breast (Female) Cancer",1,"Counts",NA
"50-64",2015,3,"Breast (Female) Cancer",1,"Rates",NA
"50-64",2015,3,"Colorectal Cancer",0,"Counts",545
"50-64",2015,3,"Colorectal Cancer",0,"Rates",91.1235731405736
"50-64",2015,3,"Leukaemia",0,"Counts",98
"50-64",2015,3,"Leukaemia",0,"Rates",16.1004616803643
"50-64",2015,3,"Lung Cancer",0,"Counts",359
"50-64",2015,3,"Lung Cancer",0,"Rates",58.4324454528156
"50-64",2015,3,"Lymphoma",0,"Counts",157
"50-64",2015,3,"Lymphoma",0,"Rates",27.5174718521433
"50-64",2015,3,"Melanoma Cancer",0,"Counts",786
"50-64",2015,3,"Melanoma Cancer",0,"Rates",131.062100043181
"50-64",2015,3,"Pancreatic Cancer",0,"Counts",134
"50-64",2015,3,"Pancreatic Cancer",0,"Rates",22.6472853637987
"50-64",2015,3,"Prostate Cancer",1,"Counts",NA
"50-64",2015,3,"Prostate Cancer",1,"Rates",NA
"50-64",2016,1,"All malignant neoplasms",0,"Counts",3020
"50-64",2016,1,"All malignant neoplasms",0,"Rates",993.380001924059
"50-64",2016,1,"Breast (Female) Cancer",1,"Counts",NA
"50-64",2016,1,"Breast (Female) Cancer",1,"Rates",NA
"50-64",2016,1,"Colorectal Cancer",0,"Counts",322
"50-64",2016,1,"Colorectal Cancer",0,"Rates",107.545746044154
"50-64",2016,1,"Leukaemia",0,"Counts",68
"50-64",2016,1,"Leukaemia",0,"Rates",22.7097824623335
"50-64",2016,1,"Lung Cancer",0,"Counts",265
"50-64",2016,1,"Lung Cancer",0,"Rates",86.0791982048579
"50-64",2016,1,"Lymphoma",0,"Counts",117
"50-64",2016,1,"Lymphoma",0,"Rates",37.8547536258103
"50-64",2016,1,"Melanoma Cancer",0,"Counts",439
"50-64",2016,1,"Melanoma Cancer",0,"Rates",145.971633563067
"50-64",2016,1,"Pancreatic Cancer",0,"Counts",34
"50-64",2016,1,"Pancreatic Cancer",0,"Rates",11.4557213945678
"50-64",2016,1,"Prostate Cancer",0,"Counts",841
"50-64",2016,1,"Prostate Cancer",0,"Rates",271.960351412649
"50-64",2016,2,"All malignant neoplasms",0,"Counts",2493
"50-64",2016,2,"All malignant neoplasms",0,"Rates",818.284339580276
"50-64",2016,2,"Breast (Female) Cancer",0,"Counts",873
"50-64",2016,2,"Breast (Female) Cancer",0,"Rates",288.309295302316
"50-64",2016,2,"Colorectal Cancer",0,"Counts",150
"50-64",2016,2,"Colorectal Cancer",0,"Rates",47.9732089551375
"50-64",2016,2,"Leukaemia",0,"Counts",58
"50-64",2016,2,"Leukaemia",0,"Rates",18.6707602732672
"50-64",2016,2,"Lung Cancer",0,"Counts",191
"50-64",2016,2,"Lung Cancer",0,"Rates",60.4708500018979
"50-64",2016,2,"Lymphoma",0,"Counts",64
"50-64",2016,2,"Lymphoma",0,"Rates",21.1957355437892
"50-64",2016,2,"Melanoma Cancer",0,"Counts",319
"50-64",2016,2,"Melanoma Cancer",0,"Rates",104.433123981517
"50-64",2016,2,"Pancreatic Cancer",0,"Counts",65
"50-64",2016,2,"Pancreatic Cancer",0,"Rates",20.8333363238633
"50-64",2016,2,"Prostate Cancer",1,"Counts",NA
"50-64",2016,2,"Prostate Cancer",1,"Rates",NA
"50-64",2016,3,"All malignant neoplasms",0,"Counts",5513
"50-64",2016,3,"All malignant neoplasms",0,"Rates",904.592695643323
"50-64",2016,3,"Breast (Female) Cancer",1,"Counts",NA
"50-64",2016,3,"Breast (Female) Cancer",1,"Rates",NA
"50-64",2016,3,"Colorectal Cancer",0,"Counts",472
"50-64",2016,3,"Colorectal Cancer",0,"Rates",77.3851140793049
"50-64",2016,3,"Leukaemia",0,"Counts",126
"50-64",2016,3,"Leukaemia",0,"Rates",20.6626283598119
"50-64",2016,3,"Lung Cancer",0,"Counts",456
"50-64",2016,3,"Lung Cancer",0,"Rates",73.1102071145349
"50-64",2016,3,"Lymphoma",0,"Counts",181
"50-64",2016,3,"Lymphoma",0,"Rates",29.419095947667
"50-64",2016,3,"Melanoma Cancer",0,"Counts",758
"50-64",2016,3,"Melanoma Cancer",0,"Rates",124.912758376893
"50-64",2016,3,"Pancreatic Cancer",0,"Counts",99
"50-64",2016,3,"Pancreatic Cancer",0,"Rates",16.2184942589502
"50-64",2016,3,"Prostate Cancer",1,"Counts",NA
"50-64",2016,3,"Prostate Cancer",1,"Rates",NA
"50-64",2017,1,"All malignant neoplasms",0,"Counts",3089
"50-64",2017,1,"All malignant neoplasms",0,"Rates",1009.27254688016
"50-64",2017,1,"Breast (Female) Cancer",1,"Counts",NA
"50-64",2017,1,"Breast (Female) Cancer",1,"Rates",NA
"50-64",2017,1,"Colorectal Cancer",0,"Counts",294
"50-64",2017,1,"Colorectal Cancer",0,"Rates",97.3495695950295
"50-64",2017,1,"Leukaemia",0,"Counts",138
"50-64",2017,1,"Leukaemia",0,"Rates",46.4982955942581
"50-64",2017,1,"Lung Cancer",0,"Counts",242
"50-64",2017,1,"Lung Cancer",0,"Rates",78.1111528336968
"50-64",2017,1,"Lymphoma",0,"Counts",138
"50-64",2017,1,"Lymphoma",0,"Rates",43.5192682343435
"50-64",2017,1,"Melanoma Cancer",0,"Counts",524
"50-64",2017,1,"Melanoma Cancer",0,"Rates",174.486746493603
"50-64",2017,1,"Pancreatic Cancer",0,"Counts",74
"50-64",2017,1,"Pancreatic Cancer",0,"Rates",24.9026884638474
"50-64",2017,1,"Prostate Cancer",0,"Counts",845
"50-64",2017,1,"Prostate Cancer",0,"Rates",270.566895148323
"50-64",2017,2,"All malignant neoplasms",0,"Counts",2549
"50-64",2017,2,"All malignant neoplasms",0,"Rates",826.581344212449
"50-64",2017,2,"Breast (Female) Cancer",0,"Counts",873
"50-64",2017,2,"Breast (Female) Cancer",0,"Rates",285.465704002753
"50-64",2017,2,"Colorectal Cancer",0,"Counts",243
"50-64",2017,2,"Colorectal Cancer",0,"Rates",77.9313863660361
"50-64",2017,2,"Leukaemia",0,"Counts",72
"50-64",2017,2,"Leukaemia",0,"Rates",23.29446097028
"50-64",2017,2,"Lung Cancer",0,"Counts",217
"50-64",2017,2,"Lung Cancer",0,"Rates",68.7677177298881
"50-64",2017,2,"Lymphoma",0,"Counts",113
"50-64",2017,2,"Lymphoma",0,"Rates",36.284360028177
"50-64",2017,2,"Melanoma Cancer",0,"Counts",295
"50-64",2017,2,"Melanoma Cancer",0,"Rates",96.4864760724948
"50-64",2017,2,"Pancreatic Cancer",0,"Counts",76
"50-64",2017,2,"Pancreatic Cancer",0,"Rates",24.3154861468121
"50-64",2017,2,"Prostate Cancer",1,"Counts",NA
"50-64",2017,2,"Prostate Cancer",1,"Rates",NA
"50-64",2017,3,"All malignant neoplasms",0,"Counts",5638
"50-64",2017,3,"All malignant neoplasms",0,"Rates",916.601336419087
"50-64",2017,3,"Breast (Female) Cancer",1,"Counts",NA
"50-64",2017,3,"Breast (Female) Cancer",1,"Rates",NA
"50-64",2017,3,"Colorectal Cancer",0,"Counts",537
"50-64",2017,3,"Colorectal Cancer",0,"Rates",87.5092110819424
"50-64",2017,3,"Leukaemia",0,"Counts",210
"50-64",2017,3,"Leukaemia",0,"Rates",34.7241778258295
"50-64",2017,3,"Lung Cancer",0,"Counts",459
"50-64",2017,3,"Lung Cancer",0,"Rates",73.3857059525637
"50-64",2017,3,"Lymphoma",0,"Counts",251
"50-64",2017,3,"Lymphoma",0,"Rates",39.8467670328279
"50-64",2017,3,"Melanoma Cancer",0,"Counts",819
"50-64",2017,3,"Melanoma Cancer",0,"Rates",134.931824179064
"50-64",2017,3,"Pancreatic Cancer",0,"Counts",150
"50-64",2017,3,"Pancreatic Cancer",0,"Rates",24.6096665401114
"50-64",2017,3,"Prostate Cancer",1,"Counts",NA
"50-64",2017,3,"Prostate Cancer",1,"Rates",NA
"50-64",2018,1,"All malignant neoplasms",0,"Counts",3218
"50-64",2018,1,"All malignant neoplasms",0,"Rates",1041.25086603279
"50-64",2018,1,"Breast (Female) Cancer",1,"Counts",NA
"50-64",2018,1,"Breast (Female) Cancer",1,"Rates",NA
"50-64",2018,1,"Colorectal Cancer",0,"Counts",305
"50-64",2018,1,"Colorectal Cancer",0,"Rates",98.8005714488996
"50-64",2018,1,"Leukaemia",0,"Counts",66
"50-64",2018,1,"Leukaemia",0,"Rates",19.8914727946523
"50-64",2018,1,"Lung Cancer",0,"Counts",249
"50-64",2018,1,"Lung Cancer",0,"Rates",79.7040318039015
"50-64",2018,1,"Lymphoma",0,"Counts",131
"50-64",2018,1,"Lymphoma",0,"Rates",42.1220274292764
"50-64",2018,1,"Melanoma Cancer",0,"Counts",437
"50-64",2018,1,"Melanoma Cancer",0,"Rates",144.238765169283
"50-64",2018,1,"Pancreatic Cancer",0,"Counts",113
"50-64",2018,1,"Pancreatic Cancer",0,"Rates",36.7924633889762
"50-64",2018,1,"Prostate Cancer",0,"Counts",945
"50-64",2018,1,"Prostate Cancer",0,"Rates",299.46609322161
"50-64",2018,2,"All malignant neoplasms",0,"Counts",2667
"50-64",2018,2,"All malignant neoplasms",0,"Rates",851.870978719321
"50-64",2018,2,"Breast (Female) Cancer",0,"Counts",864
"50-64",2018,2,"Breast (Female) Cancer",0,"Rates",278.284537674469
"50-64",2018,2,"Colorectal Cancer",0,"Counts",208
"50-64",2018,2,"Colorectal Cancer",0,"Rates",65.5500880300796
"50-64",2018,2,"Leukaemia",0,"Counts",38
"50-64",2018,2,"Leukaemia",0,"Rates",11.6604651833899
"50-64",2018,2,"Lung Cancer",0,"Counts",232
"50-64",2018,2,"Lung Cancer",0,"Rates",72.2535268312175
"50-64",2018,2,"Lymphoma",0,"Counts",94
"50-64",2018,2,"Lymphoma",0,"Rates",28.707016408192
"50-64",2018,2,"Melanoma Cancer",0,"Counts",339
"50-64",2018,2,"Melanoma Cancer",0,"Rates",108.461328600818
"50-64",2018,2,"Pancreatic Cancer",0,"Counts",48
"50-64",2018,2,"Pancreatic Cancer",0,"Rates",14.2431007401585
"50-64",2018,2,"Prostate Cancer",1,"Counts",NA
"50-64",2018,2,"Prostate Cancer",1,"Rates",NA
"50-64",2018,3,"All malignant neoplasms",0,"Counts",5885
"50-64",2018,3,"All malignant neoplasms",0,"Rates",945.021562901955
"50-64",2018,3,"Breast (Female) Cancer",1,"Counts",NA
"50-64",2018,3,"Breast (Female) Cancer",1,"Rates",NA
"50-64",2018,3,"Colorectal Cancer",0,"Counts",513
"50-64",2018,3,"Colorectal Cancer",0,"Rates",81.9055634422512
"50-64",2018,3,"Leukaemia",0,"Counts",104
"50-64",2018,3,"Leukaemia",0,"Rates",15.7018632140927
"50-64",2018,3,"Lung Cancer",0,"Counts",481
"50-64",2018,3,"Lung Cancer",0,"Rates",75.9216857521466
"50-64",2018,3,"Lymphoma",0,"Counts",225
"50-64",2018,3,"Lymphoma",0,"Rates",35.3095536911915
"50-64",2018,3,"Melanoma Cancer",0,"Counts",776
"50-64",2018,3,"Melanoma Cancer",0,"Rates",126.053462342144
"50-64",2018,3,"Pancreatic Cancer",0,"Counts",161
"50-64",2018,3,"Pancreatic Cancer",0,"Rates",25.3335399228991
"50-64",2018,3,"Prostate Cancer",1,"Counts",NA
"50-64",2018,3,"Prostate Cancer",1,"Rates",NA
"50-64",2019,1,"All malignant neoplasms",0,"Counts",3271
"50-64",2019,1,"All malignant neoplasms",0,"Rates",1043.59885441635
"50-64",2019,1,"Breast (Female) Cancer",1,"Counts",NA
"50-64",2019,1,"Breast (Female) Cancer",1,"Rates",NA
"50-64",2019,1,"Colorectal Cancer",0,"Counts",360
"50-64",2019,1,"Colorectal Cancer",0,"Rates",115.914093199207
"50-64",2019,1,"Leukaemia",0,"Counts",95
"50-64",2019,1,"Leukaemia",0,"Rates",31.8750193057082
"50-64",2019,1,"Lung Cancer",0,"Counts",233
"50-64",2019,1,"Lung Cancer",0,"Rates",72.1995822996637
"50-64",2019,1,"Lymphoma",0,"Counts",107
"50-64",2019,1,"Lymphoma",0,"Rates",33.6507583988416
"50-64",2019,1,"Melanoma Cancer",0,"Counts",510
"50-64",2019,1,"Melanoma Cancer",0,"Rates",167.129872758331
"50-64",2019,1,"Pancreatic Cancer",0,"Counts",55
"50-64",2019,1,"Pancreatic Cancer",0,"Rates",18.7908798921042
"50-64",2019,1,"Prostate Cancer",0,"Counts",942
"50-64",2019,1,"Prostate Cancer",0,"Rates",294.082013145304
"50-64",2019,2,"All malignant neoplasms",0,"Counts",2736
"50-64",2019,2,"All malignant neoplasms",0,"Rates",856.414184720881
"50-64",2019,2,"Breast (Female) Cancer",0,"Counts",954
"50-64",2019,2,"Breast (Female) Cancer",0,"Rates",302.577628504119
"50-64",2019,2,"Colorectal Cancer",0,"Counts",186
"50-64",2019,2,"Colorectal Cancer",0,"Rates",58.0047100139014
"50-64",2019,2,"Leukaemia",0,"Counts",39
"50-64",2019,2,"Leukaemia",0,"Rates",12.7041174236137
"50-64",2019,2,"Lung Cancer",0,"Counts",212
"50-64",2019,2,"Lung Cancer",0,"Rates",63.4510697688287
"50-64",2019,2,"Lymphoma",0,"Counts",85
"50-64",2019,2,"Lymphoma",0,"Rates",24.7894257402879
"50-64",2019,2,"Melanoma Cancer",0,"Counts",340
"50-64",2019,2,"Melanoma Cancer",0,"Rates",106.57196464497
"50-64",2019,2,"Pancreatic Cancer",0,"Counts",39
"50-64",2019,2,"Pancreatic Cancer",0,"Rates",12.7661804411949
"50-64",2019,2,"Prostate Cancer",1,"Counts",NA
"50-64",2019,2,"Prostate Cancer",1,"Rates",NA
"50-64",2019,3,"All malignant neoplasms",0,"Counts",6007
"50-64",2019,3,"All malignant neoplasms",0,"Rates",948.050263543122
"50-64",2019,3,"Breast (Female) Cancer",1,"Counts",NA
"50-64",2019,3,"Breast (Female) Cancer",1,"Rates",NA
"50-64",2019,3,"Colorectal Cancer",0,"Counts",546
"50-64",2019,3,"Colorectal Cancer",0,"Rates",86.4191936522854
"50-64",2019,3,"Leukaemia",0,"Counts",134
"50-64",2019,3,"Leukaemia",0,"Rates",22.1222498595083
"50-64",2019,3,"Lung Cancer",0,"Counts",445
"50-64",2019,3,"Lung Cancer",0,"Rates",67.7341028892586
"50-64",2019,3,"Lymphoma",0,"Counts",192
"50-64",2019,3,"Lymphoma",0,"Rates",29.1464579647968
"50-64",2019,3,"Melanoma Cancer",0,"Counts",850
"50-64",2019,3,"Melanoma Cancer",0,"Rates",136.310189189157
"50-64",2019,3,"Pancreatic Cancer",0,"Counts",94
"50-64",2019,3,"Pancreatic Cancer",0,"Rates",15.7270432178112
"50-64",2019,3,"Prostate Cancer",1,"Counts",NA
"50-64",2019,3,"Prostate Cancer",1,"Rates",NA
"50-64",2020,1,"All malignant neoplasms",0,"Counts",3276
"50-64",2020,1,"All malignant neoplasms",0,"Rates",1027.18784546259
"50-64",2020,1,"Breast (Female) Cancer",1,"Counts",NA
"50-64",2020,1,"Breast (Female) Cancer",1,"Rates",NA
"50-64",2020,1,"Colorectal Cancer",0,"Counts",303
"50-64",2020,1,"Colorectal Cancer",0,"Rates",96.2308273828801
"50-64",2020,1,"Leukaemia",0,"Counts",60
"50-64",2020,1,"Leukaemia",0,"Rates",17.8532618546169
"50-64",2020,1,"Lung Cancer",0,"Counts",251
"50-64",2020,1,"Lung Cancer",0,"Rates",78.1720763180939
"50-64",2020,1,"Lymphoma",0,"Counts",103
"50-64",2020,1,"Lymphoma",0,"Rates",31.8361812652406
"50-64",2020,1,"Melanoma Cancer",0,"Counts",429
"50-64",2020,1,"Melanoma Cancer",0,"Rates",137.295507342784
"50-64",2020,1,"Pancreatic Cancer",0,"Counts",91
"50-64",2020,1,"Pancreatic Cancer",0,"Rates",28.0058733664907
"50-64",2020,1,"Prostate Cancer",0,"Counts",945
"50-64",2020,1,"Prostate Cancer",0,"Rates",292.823644582423
"50-64",2020,2,"All malignant neoplasms",0,"Counts",2693
"50-64",2020,2,"All malignant neoplasms",0,"Rates",827.630439223042
"50-64",2020,2,"Breast (Female) Cancer",0,"Counts",893
"50-64",2020,2,"Breast (Female) Cancer",0,"Rates",278.014419142046
"50-64",2020,2,"Colorectal Cancer",0,"Counts",193
"50-64",2020,2,"Colorectal Cancer",0,"Rates",59.7143121335399
"50-64",2020,2,"Leukaemia",0,"Counts",53
"50-64",2020,2,"Leukaemia",0,"Rates",15.2926912013341
"50-64",2020,2,"Lung Cancer",0,"Counts",249
"50-64",2020,2,"Lung Cancer",0,"Rates",74.2000224238195
"50-64",2020,2,"Lymphoma",0,"Counts",126
"50-64",2020,2,"Lymphoma",0,"Rates",38.1075121273324
"50-64",2020,2,"Melanoma Cancer",0,"Counts",334
"50-64",2020,2,"Melanoma Cancer",0,"Rates",103.582072143298
"50-64",2020,2,"Pancreatic Cancer",0,"Counts",58
"50-64",2020,2,"Pancreatic Cancer",0,"Rates",16.7750851861676
"50-64",2020,2,"Prostate Cancer",1,"Counts",NA
"50-64",2020,2,"Prostate Cancer",1,"Rates",NA
"50-64",2020,3,"All malignant neoplasms",0,"Counts",5969
"50-64",2020,3,"All malignant neoplasms",0,"Rates",925.183940239006
"50-64",2020,3,"Breast (Female) Cancer",1,"Counts",NA
"50-64",2020,3,"Breast (Female) Cancer",1,"Rates",NA
"50-64",2020,3,"Colorectal Cancer",0,"Counts",496
"50-64",2020,3,"Colorectal Cancer",0,"Rates",77.6262552474154
"50-64",2020,3,"Leukaemia",0,"Counts",113
"50-64",2020,3,"Leukaemia",0,"Rates",16.5399147205794
"50-64",2020,3,"Lung Cancer",0,"Counts",500
"50-64",2020,3,"Lung Cancer",0,"Rates",76.1544547510771
"50-64",2020,3,"Lymphoma",0,"Counts",229
"50-64",2020,3,"Lymphoma",0,"Rates",35.0185211150402
"50-64",2020,3,"Melanoma Cancer",0,"Counts",763
"50-64",2020,3,"Melanoma Cancer",0,"Rates",120.117856985335
"50-64",2020,3,"Pancreatic Cancer",0,"Counts",149
"50-64",2020,3,"Pancreatic Cancer",0,"Rates",22.2816739465645
"50-64",2020,3,"Prostate Cancer",1,"Counts",NA
"50-64",2020,3,"Prostate Cancer",1,"Rates",NA
"50-64",2021,1,"All malignant neoplasms",0,"Counts",3244
"50-64",2021,1,"All malignant neoplasms",0,"Rates",999.748140840773
"50-64",2021,1,"Breast (Female) Cancer",1,"Counts",NA
"50-64",2021,1,"Breast (Female) Cancer",1,"Rates",NA
"50-64",2021,1,"Colorectal Cancer",0,"Counts",306
"50-64",2021,1,"Colorectal Cancer",0,"Rates",97.2451916010021
"50-64",2021,1,"Leukaemia",0,"Counts",69
"50-64",2021,1,"Leukaemia",0,"Rates",20.9761167326671
"50-64",2021,1,"Lung Cancer",0,"Counts",224
"50-64",2021,1,"Lung Cancer",0,"Rates",66.6283927802917
"50-64",2021,1,"Lymphoma",0,"Counts",151
"50-64",2021,1,"Lymphoma",0,"Rates",45.8684626768029
"50-64",2021,1,"Melanoma Cancer",0,"Counts",399
"50-64",2021,1,"Melanoma Cancer",0,"Rates",124.734446249177
"50-64",2021,1,"Pancreatic Cancer",0,"Counts",60
"50-64",2021,1,"Pancreatic Cancer",0,"Rates",18.8725241553827
"50-64",2021,1,"Prostate Cancer",0,"Counts",1024
"50-64",2021,1,"Prostate Cancer",0,"Rates",311.406877022406
"50-64",2021,2,"All malignant neoplasms",0,"Counts",2757
"50-64",2021,2,"All malignant neoplasms",0,"Rates",832.402436694027
"50-64",2021,2,"Breast (Female) Cancer",0,"Counts",882
"50-64",2021,2,"Breast (Female) Cancer",0,"Rates",269.741585710566
"50-64",2021,2,"Colorectal Cancer",0,"Counts",208
"50-64",2021,2,"Colorectal Cancer",0,"Rates",61.2304375823561
"50-64",2021,2,"Leukaemia",0,"Counts",40
"50-64",2021,2,"Leukaemia",0,"Rates",11.2068628860042
"50-64",2021,2,"Lung Cancer",0,"Counts",210
"50-64",2021,2,"Lung Cancer",0,"Rates",60.8703195874724
"50-64",2021,2,"Lymphoma",0,"Counts",110
"50-64",2021,2,"Lymphoma",0,"Rates",34.4345800974189
"50-64",2021,2,"Melanoma Cancer",0,"Counts",304
"50-64",2021,2,"Melanoma Cancer",0,"Rates",93.8315681968587
"50-64",2021,2,"Pancreatic Cancer",0,"Counts",87
"50-64",2021,2,"Pancreatic Cancer",0,"Rates",24.930556271661
"50-64",2021,2,"Prostate Cancer",1,"Counts",NA
"50-64",2021,2,"Prostate Cancer",1,"Rates",NA
"50-64",2021,3,"All malignant neoplasms",0,"Counts",6001
"50-64",2021,3,"All malignant neoplasms",0,"Rates",914.072793169542
"50-64",2021,3,"Breast (Female) Cancer",1,"Counts",NA
"50-64",2021,3,"Breast (Female) Cancer",1,"Rates",NA
"50-64",2021,3,"Colorectal Cancer",0,"Counts",514
"50-64",2021,3,"Colorectal Cancer",0,"Rates",78.9682220006637
"50-64",2021,3,"Leukaemia",0,"Counts",109
"50-64",2021,3,"Leukaemia",0,"Rates",16.000031097837
"50-64",2021,3,"Lung Cancer",0,"Counts",434
"50-64",2021,3,"Lung Cancer",0,"Rates",63.6676706976604
"50-64",2021,3,"Lymphoma",0,"Counts",261
"50-64",2021,3,"Lymphoma",0,"Rates",39.9890285493056
"50-64",2021,3,"Melanoma Cancer",0,"Counts",703
"50-64",2021,3,"Melanoma Cancer",0,"Rates",108.936782351505
"50-64",2021,3,"Pancreatic Cancer",0,"Counts",147
"50-64",2021,3,"Pancreatic Cancer",0,"Rates",21.9879991247418
"50-64",2021,3,"Prostate Cancer",1,"Counts",NA
"50-64",2021,3,"Prostate Cancer",1,"Rates",NA
"50-64",2022,1,"All malignant neoplasms",0,"Counts",3617
"50-64",2022,1,"All malignant neoplasms",0,"Rates",1078.91228578839
"50-64",2022,1,"Breast (Female) Cancer",1,"Counts",NA
"50-64",2022,1,"Breast (Female) Cancer",1,"Rates",NA
"50-64",2022,1,"Colorectal Cancer",0,"Counts",327
"50-64",2022,1,"Colorectal Cancer",0,"Rates",100.24324746743
"50-64",2022,1,"Leukaemia",0,"Counts",95
"50-64",2022,1,"Leukaemia",0,"Rates",27.5050498274657
"50-64",2022,1,"Lung Cancer",0,"Counts",248
"50-64",2022,1,"Lung Cancer",0,"Rates",73.7422960271832
"50-64",2022,1,"Lymphoma",0,"Counts",149
"50-64",2022,1,"Lymphoma",0,"Rates",45.836921979193
"50-64",2022,1,"Melanoma Cancer",0,"Counts",451
"50-64",2022,1,"Melanoma Cancer",0,"Rates",137.550138175655
"50-64",2022,1,"Pancreatic Cancer",0,"Counts",64
"50-64",2022,1,"Pancreatic Cancer",0,"Rates",18.2803774716432
"50-64",2022,1,"Prostate Cancer",0,"Counts",1370
"50-64",2022,1,"Prostate Cancer",0,"Rates",401.647781348206
"50-64",2022,2,"All malignant neoplasms",0,"Counts",2674
"50-64",2022,2,"All malignant neoplasms",0,"Rates",788.733202266844
"50-64",2022,2,"Breast (Female) Cancer",0,"Counts",888
"50-64",2022,2,"Breast (Female) Cancer",0,"Rates",263.061952609783
"50-64",2022,2,"Colorectal Cancer",0,"Counts",237
"50-64",2022,2,"Colorectal Cancer",0,"Rates",69.4131909817422
"50-64",2022,2,"Leukaemia",0,"Counts",42
"50-64",2022,2,"Leukaemia",0,"Rates",11.9583745901932
"50-64",2022,2,"Lung Cancer",0,"Counts",200
"50-64",2022,2,"Lung Cancer",0,"Rates",57.831189524646
"50-64",2022,2,"Lymphoma",0,"Counts",113
"50-64",2022,2,"Lymphoma",0,"Rates",34.4535342986983
"50-64",2022,2,"Melanoma Cancer",0,"Counts",316
"50-64",2022,2,"Melanoma Cancer",0,"Rates",93.779699474706
"50-64",2022,2,"Pancreatic Cancer",0,"Counts",56
"50-64",2022,2,"Pancreatic Cancer",0,"Rates",15.926684234133
"50-64",2022,2,"Prostate Cancer",1,"Counts",NA
"50-64",2022,2,"Prostate Cancer",1,"Rates",NA
"50-64",2022,3,"All malignant neoplasms",0,"Counts",6291
"50-64",2022,3,"All malignant neoplasms",0,"Rates",930.658577575371
"50-64",2022,3,"Breast (Female) Cancer",1,"Counts",NA
"50-64",2022,3,"Breast (Female) Cancer",1,"Rates",NA
"50-64",2022,3,"Colorectal Cancer",0,"Counts",564
"50-64",2022,3,"Colorectal Cancer",0,"Rates",84.5401997186882
"50-64",2022,3,"Leukaemia",0,"Counts",137
"50-64",2022,3,"Leukaemia",0,"Rates",19.5675328212146
"50-64",2022,3,"Lung Cancer",0,"Counts",448
"50-64",2022,3,"Lung Cancer",0,"Rates",65.6192986912659
"50-64",2022,3,"Lymphoma",0,"Counts",262
"50-64",2022,3,"Lymphoma",0,"Rates",40.0241893434809
"50-64",2022,3,"Melanoma Cancer",0,"Counts",767
"50-64",2022,3,"Melanoma Cancer",0,"Rates",115.230676607271
"50-64",2022,3,"Pancreatic Cancer",0,"Counts",120
"50-64",2022,3,"Pancreatic Cancer",0,"Rates",17.0705322803894
"50-64",2022,3,"Prostate Cancer",1,"Counts",NA
"50-64",2022,3,"Prostate Cancer",1,"Rates",NA
"50-64",2023,1,"All malignant neoplasms",0,"Counts",3661
"50-64",2023,1,"All malignant neoplasms",0,"Rates",1051.73602290698
"50-64",2023,1,"Breast (Female) Cancer",1,"Counts",NA
"50-64",2023,1,"Breast (Female) Cancer",1,"Rates",NA
"50-64",2023,1,"Colorectal Cancer",0,"Counts",330
"50-64",2023,1,"Colorectal Cancer",0,"Rates",96.0824317972289
"50-64",2023,1,"Leukaemia",0,"Counts",83
"50-64",2023,1,"Leukaemia",0,"Rates",25.2335198147908
"50-64",2023,1,"Lung Cancer",0,"Counts",212
"50-64",2023,1,"Lung Cancer",0,"Rates",60.7260903918725
"50-64",2023,1,"Lymphoma",0,"Counts",158
"50-64",2023,1,"Lymphoma",0,"Rates",45.2218562939008
"50-64",2023,1,"Melanoma Cancer",0,"Counts",477
"50-64",2023,1,"Melanoma Cancer",0,"Rates",139.133011372383
"50-64",2023,1,"Pancreatic Cancer",0,"Counts",78
"50-64",2023,1,"Pancreatic Cancer",0,"Rates",21.9308352805786
"50-64",2023,1,"Prostate Cancer",0,"Counts",1320
"50-64",2023,1,"Prostate Cancer",0,"Rates",370.815372146956
"50-64",2023,2,"All malignant neoplasms",0,"Counts",2879
"50-64",2023,2,"All malignant neoplasms",0,"Rates",821.278075687619
"50-64",2023,2,"Breast (Female) Cancer",0,"Counts",1001
"50-64",2023,2,"Breast (Female) Cancer",0,"Rates",288.581235995486
"50-64",2023,2,"Colorectal Cancer",0,"Counts",207
"50-64",2023,2,"Colorectal Cancer",0,"Rates",58.9621768794136
"50-64",2023,2,"Leukaemia",0,"Counts",26
"50-64",2023,2,"Leukaemia",0,"Rates",6.63044521150628
"50-64",2023,2,"Lung Cancer",0,"Counts",259
"50-64",2023,2,"Lung Cancer",0,"Rates",71.854168349498
"50-64",2023,2,"Lymphoma",0,"Counts",96
"50-64",2023,2,"Lymphoma",0,"Rates",27.6931625075015
"50-64",2023,2,"Melanoma Cancer",0,"Counts",342
"50-64",2023,2,"Melanoma Cancer",0,"Rates",97.186637600726
"50-64",2023,2,"Pancreatic Cancer",0,"Counts",44
"50-64",2023,2,"Pancreatic Cancer",0,"Rates",11.6937008104058
"50-64",2023,2,"Prostate Cancer",1,"Counts",NA
"50-64",2023,2,"Prostate Cancer",1,"Rates",NA
"50-64",2023,3,"All malignant neoplasms",0,"Counts",6540
"50-64",2023,3,"All malignant neoplasms",0,"Rates",934.100742410506
"50-64",2023,3,"Breast (Female) Cancer",1,"Counts",NA
"50-64",2023,3,"Breast (Female) Cancer",1,"Rates",NA
"50-64",2023,3,"Colorectal Cancer",0,"Counts",537
"50-64",2023,3,"Colorectal Cancer",0,"Rates",77.1742840418814
"50-64",2023,3,"Leukaemia",0,"Counts",109
"50-64",2023,3,"Leukaemia",0,"Rates",15.7848901203704
"50-64",2023,3,"Lung Cancer",0,"Counts",471
"50-64",2023,3,"Lung Cancer",0,"Rates",66.3885244289439
"50-64",2023,3,"Lymphoma",0,"Counts",254
"50-64",2023,3,"Lymphoma",0,"Rates",36.2819003310011
"50-64",2023,3,"Melanoma Cancer",0,"Counts",819
"50-64",2023,3,"Melanoma Cancer",0,"Rates",117.769165739047
"50-64",2023,3,"Pancreatic Cancer",0,"Counts",122
"50-64",2023,3,"Pancreatic Cancer",0,"Rates",16.7188404018619
"50-64",2023,3,"Prostate Cancer",1,"Counts",NA
"50-64",2023,3,"Prostate Cancer",1,"Rates",NA
"65+",2005,1,"All malignant neoplasms",0,"Counts",4489
"65+",2005,1,"All malignant neoplasms",0,"Rates",1362.81616619961
"65+",2005,1,"Breast (Female) Cancer",1,"Counts",NA
"65+",2005,1,"Breast (Female) Cancer",1,"Rates",NA
"65+",2005,1,"Colorectal Cancer",0,"Counts",638
"65+",2005,1,"Colorectal Cancer",0,"Rates",190.199137830133
"65+",2005,1,"Leukaemia",0,"Counts",124
"65+",2005,1,"Leukaemia",0,"Rates",35.4572079879382
"65+",2005,1,"Lung Cancer",0,"Counts",550
"65+",2005,1,"Lung Cancer",0,"Rates",170.772130913361
"65+",2005,1,"Lymphoma",0,"Counts",96
"65+",2005,1,"Lymphoma",0,"Rates",29.6153218639947
"65+",2005,1,"Melanoma Cancer",0,"Counts",472
"65+",2005,1,"Melanoma Cancer",0,"Rates",142.184980808562
"65+",2005,1,"Pancreatic Cancer",0,"Counts",59
"65+",2005,1,"Pancreatic Cancer",0,"Rates",14.070793740989
"65+",2005,1,"Prostate Cancer",0,"Counts",1348
"65+",2005,1,"Prostate Cancer",0,"Rates",420.186310543264
"65+",2005,2,"All malignant neoplasms",0,"Counts",2928
"65+",2005,2,"All malignant neoplasms",0,"Rates",847.967477144245
"65+",2005,2,"Breast (Female) Cancer",0,"Counts",542
"65+",2005,2,"Breast (Female) Cancer",0,"Rates",176.133719019528
"65+",2005,2,"Colorectal Cancer",0,"Counts",555
"65+",2005,2,"Colorectal Cancer",0,"Rates",155.554247407568
"65+",2005,2,"Leukaemia",0,"Counts",120
"65+",2005,2,"Leukaemia",0,"Rates",34.3772868358235
"65+",2005,2,"Lung Cancer",0,"Counts",305
"65+",2005,2,"Lung Cancer",0,"Rates",92.6874823344464
"65+",2005,2,"Lymphoma",0,"Counts",119
"65+",2005,2,"Lymphoma",0,"Rates",29.3847040756916
"65+",2005,2,"Melanoma Cancer",0,"Counts",222
"65+",2005,2,"Melanoma Cancer",0,"Rates",71.8289859426157
"65+",2005,2,"Pancreatic Cancer",0,"Counts",102
"65+",2005,2,"Pancreatic Cancer",0,"Rates",25.2134642331154
"65+",2005,2,"Prostate Cancer",1,"Counts",NA
"65+",2005,2,"Prostate Cancer",1,"Rates",NA
"65+",2005,3,"All malignant neoplasms",0,"Counts",7417
"65+",2005,3,"All malignant neoplasms",0,"Rates",1105.20448025001
"65+",2005,3,"Breast (Female) Cancer",1,"Counts",NA
"65+",2005,3,"Breast (Female) Cancer",1,"Rates",NA
"65+",2005,3,"Colorectal Cancer",0,"Counts",1193
"65+",2005,3,"Colorectal Cancer",0,"Rates",172.766980859512
"65+",2005,3,"Leukaemia",0,"Counts",244
"65+",2005,3,"Leukaemia",0,"Rates",34.9098775133134
"65+",2005,3,"Lung Cancer",0,"Counts",855
"65+",2005,3,"Lung Cancer",0,"Rates",131.742579656638
"65+",2005,3,"Lymphoma",0,"Counts",215
"65+",2005,3,"Lymphoma",0,"Rates",29.3931822047002
"65+",2005,3,"Melanoma Cancer",0,"Counts",694
"65+",2005,3,"Melanoma Cancer",0,"Rates",107.165978511755
"65+",2005,3,"Pancreatic Cancer",0,"Counts",161
"65+",2005,3,"Pancreatic Cancer",0,"Rates",19.6243553720862
"65+",2005,3,"Prostate Cancer",1,"Counts",NA
"65+",2005,3,"Prostate Cancer",1,"Rates",NA
"65+",2006,1,"All malignant neoplasms",0,"Counts",4751
"65+",2006,1,"All malignant neoplasms",0,"Rates",1411.70846472799
"65+",2006,1,"Breast (Female) Cancer",1,"Counts",NA
"65+",2006,1,"Breast (Female) Cancer",1,"Rates",NA
"65+",2006,1,"Colorectal Cancer",0,"Counts",618
"65+",2006,1,"Colorectal Cancer",0,"Rates",189.850965542945
"65+",2006,1,"Leukaemia",0,"Counts",100
"65+",2006,1,"Leukaemia",0,"Rates",29.4755023002203
"65+",2006,1,"Lung Cancer",0,"Counts",573
"65+",2006,1,"Lung Cancer",0,"Rates",163.496484815577
"65+",2006,1,"Lymphoma",0,"Counts",164
"65+",2006,1,"Lymphoma",0,"Rates",48.6509345402756
"65+",2006,1,"Melanoma Cancer",0,"Counts",448
"65+",2006,1,"Melanoma Cancer",0,"Rates",134.598512019875
"65+",2006,1,"Pancreatic Cancer",0,"Counts",101
"65+",2006,1,"Pancreatic Cancer",0,"Rates",29.4098235513583
"65+",2006,1,"Prostate Cancer",0,"Counts",1409
"65+",2006,1,"Prostate Cancer",0,"Rates",442.500632050287
"65+",2006,2,"All malignant neoplasms",0,"Counts",3031
"65+",2006,2,"All malignant neoplasms",0,"Rates",856.440483568029
"65+",2006,2,"Breast (Female) Cancer",0,"Counts",597
"65+",2006,2,"Breast (Female) Cancer",0,"Rates",183.000577167203
"65+",2006,2,"Colorectal Cancer",0,"Counts",549
"65+",2006,2,"Colorectal Cancer",0,"Rates",154.101746381879
"65+",2006,2,"Leukaemia",0,"Counts",115
"65+",2006,2,"Leukaemia",0,"Rates",30.5402593354244
"65+",2006,2,"Lung Cancer",0,"Counts",267
"65+",2006,2,"Lung Cancer",0,"Rates",75.5597093915249
"65+",2006,2,"Lymphoma",0,"Counts",136
"65+",2006,2,"Lymphoma",0,"Rates",42.3503579495293
"65+",2006,2,"Melanoma Cancer",0,"Counts",263
"65+",2006,2,"Melanoma Cancer",0,"Rates",73.7661808519294
"65+",2006,2,"Pancreatic Cancer",0,"Counts",68
"65+",2006,2,"Pancreatic Cancer",0,"Rates",18.5718693272603
"65+",2006,2,"Prostate Cancer",1,"Counts",NA
"65+",2006,2,"Prostate Cancer",1,"Rates",NA
"65+",2006,3,"All malignant neoplasms",0,"Counts",7782
"65+",2006,3,"All malignant neoplasms",0,"Rates",1133.31435175044
"65+",2006,3,"Breast (Female) Cancer",1,"Counts",NA
"65+",2006,3,"Breast (Female) Cancer",1,"Rates",NA
"65+",2006,3,"Colorectal Cancer",0,"Counts",1167
"65+",2006,3,"Colorectal Cancer",0,"Rates",171.775626252846
"65+",2006,3,"Leukaemia",0,"Counts",215
"65+",2006,3,"Leukaemia",0,"Rates",29.9758664008367
"65+",2006,3,"Lung Cancer",0,"Counts",840
"65+",2006,3,"Lung Cancer",0,"Rates",119.548895043336
"65+",2006,3,"Lymphoma",0,"Counts",300
"65+",2006,3,"Lymphoma",0,"Rates",45.4914878265054
"65+",2006,3,"Melanoma Cancer",0,"Counts",711
"65+",2006,3,"Melanoma Cancer",0,"Rates",104.059916394043
"65+",2006,3,"Pancreatic Cancer",0,"Counts",169
"65+",2006,3,"Pancreatic Cancer",0,"Rates",23.963676276053
"65+",2006,3,"Prostate Cancer",1,"Counts",NA
"65+",2006,3,"Prostate Cancer",1,"Rates",NA
"65+",2007,1,"All malignant neoplasms",0,"Counts",4937
"65+",2007,1,"All malignant neoplasms",0,"Rates",1436.10656939176
"65+",2007,1,"Breast (Female) Cancer",1,"Counts",NA
"65+",2007,1,"Breast (Female) Cancer",1,"Rates",NA
"65+",2007,1,"Colorectal Cancer",0,"Counts",646
"65+",2007,1,"Colorectal Cancer",0,"Rates",195.072117676677
"65+",2007,1,"Leukaemia",0,"Counts",166
"65+",2007,1,"Leukaemia",0,"Rates",40.6980565449728
"65+",2007,1,"Lung Cancer",0,"Counts",569
"65+",2007,1,"Lung Cancer",0,"Rates",158.916501972223
"65+",2007,1,"Lymphoma",0,"Counts",141
"65+",2007,1,"Lymphoma",0,"Rates",36.0842748797832
"65+",2007,1,"Melanoma Cancer",0,"Counts",533
"65+",2007,1,"Melanoma Cancer",0,"Rates",154.197004209184
"65+",2007,1,"Pancreatic Cancer",0,"Counts",143
"65+",2007,1,"Pancreatic Cancer",0,"Rates",41.6456953749458
"65+",2007,1,"Prostate Cancer",0,"Counts",1532
"65+",2007,1,"Prostate Cancer",0,"Rates",469.256752980055
"65+",2007,2,"All malignant neoplasms",0,"Counts",3105
"65+",2007,2,"All malignant neoplasms",0,"Rates",848.296259929225
"65+",2007,2,"Breast (Female) Cancer",0,"Counts",568
"65+",2007,2,"Breast (Female) Cancer",0,"Rates",164.504428602918
"65+",2007,2,"Colorectal Cancer",0,"Counts",539
"65+",2007,2,"Colorectal Cancer",0,"Rates",144.251783201861
"65+",2007,2,"Leukaemia",0,"Counts",68
"65+",2007,2,"Leukaemia",0,"Rates",18.4507531403969
"65+",2007,2,"Lung Cancer",0,"Counts",280
"65+",2007,2,"Lung Cancer",0,"Rates",82.1183865764658
"65+",2007,2,"Lymphoma",0,"Counts",149
"65+",2007,2,"Lymphoma",0,"Rates",41.9539943009625
"65+",2007,2,"Melanoma Cancer",0,"Counts",284
"65+",2007,2,"Melanoma Cancer",0,"Rates",79.9422077358616
"65+",2007,2,"Pancreatic Cancer",0,"Counts",83
"65+",2007,2,"Pancreatic Cancer",0,"Rates",20.425133797783
"65+",2007,2,"Prostate Cancer",1,"Counts",NA
"65+",2007,2,"Prostate Cancer",1,"Rates",NA
"65+",2007,3,"All malignant neoplasms",0,"Counts",8042
"65+",2007,3,"All malignant neoplasms",0,"Rates",1141.00116448622
"65+",2007,3,"Breast (Female) Cancer",1,"Counts",NA
"65+",2007,3,"Breast (Female) Cancer",1,"Rates",NA
"65+",2007,3,"Colorectal Cancer",0,"Counts",1185
"65+",2007,3,"Colorectal Cancer",0,"Rates",169.406357715596
"65+",2007,3,"Leukaemia",0,"Counts",234
"65+",2007,3,"Leukaemia",0,"Rates",29.6372663854996
"65+",2007,3,"Lung Cancer",0,"Counts",849
"65+",2007,3,"Lung Cancer",0,"Rates",120.559596503202
"65+",2007,3,"Lymphoma",0,"Counts",290
"65+",2007,3,"Lymphoma",0,"Rates",39.0706368688974
"65+",2007,3,"Melanoma Cancer",0,"Counts",817
"65+",2007,3,"Melanoma Cancer",0,"Rates",116.954822777385
"65+",2007,3,"Pancreatic Cancer",0,"Counts",226
"65+",2007,3,"Pancreatic Cancer",0,"Rates",30.9620248001067
"65+",2007,3,"Prostate Cancer",1,"Counts",NA
"65+",2007,3,"Prostate Cancer",1,"Rates",NA
"65+",2008,1,"All malignant neoplasms",0,"Counts",5175
"65+",2008,1,"All malignant neoplasms",0,"Rates",1457.94329895108
"65+",2008,1,"Breast (Female) Cancer",1,"Counts",NA
"65+",2008,1,"Breast (Female) Cancer",1,"Rates",NA
"65+",2008,1,"Colorectal Cancer",0,"Counts",709
"65+",2008,1,"Colorectal Cancer",0,"Rates",202.01327112159
"65+",2008,1,"Leukaemia",0,"Counts",221
"65+",2008,1,"Leukaemia",0,"Rates",57.9036748451588
"65+",2008,1,"Lung Cancer",0,"Counts",654
"65+",2008,1,"Lung Cancer",0,"Rates",174.532023883731
"65+",2008,1,"Lymphoma",0,"Counts",105
"65+",2008,1,"Lymphoma",0,"Rates",28.5005431276777
"65+",2008,1,"Melanoma Cancer",0,"Counts",533
"65+",2008,1,"Melanoma Cancer",0,"Rates",145.619627313321
"65+",2008,1,"Pancreatic Cancer",0,"Counts",100
"65+",2008,1,"Pancreatic Cancer",0,"Rates",30.2966139643588
"65+",2008,1,"Prostate Cancer",0,"Counts",1613
"65+",2008,1,"Prostate Cancer",0,"Rates",478.587727862629
"65+",2008,2,"All malignant neoplasms",0,"Counts",3203
"65+",2008,2,"All malignant neoplasms",0,"Rates",847.264951442022
"65+",2008,2,"Breast (Female) Cancer",0,"Counts",686
"65+",2008,2,"Breast (Female) Cancer",0,"Rates",195.857695722998
"65+",2008,2,"Colorectal Cancer",0,"Counts",608
"65+",2008,2,"Colorectal Cancer",0,"Rates",160.514484339126
"65+",2008,2,"Leukaemia",0,"Counts",119
"65+",2008,2,"Leukaemia",0,"Rates",31.7778955221565
"65+",2008,2,"Lung Cancer",0,"Counts",386
"65+",2008,2,"Lung Cancer",0,"Rates",102.473364427274
"65+",2008,2,"Lymphoma",0,"Counts",146
"65+",2008,2,"Lymphoma",0,"Rates",37.3161968185814
"65+",2008,2,"Melanoma Cancer",0,"Counts",297
"65+",2008,2,"Melanoma Cancer",0,"Rates",80.3555868595469
"65+",2008,2,"Pancreatic Cancer",0,"Counts",140
"65+",2008,2,"Pancreatic Cancer",0,"Rates",32.639718326899
"65+",2008,2,"Prostate Cancer",1,"Counts",NA
"65+",2008,2,"Prostate Cancer",1,"Rates",NA
"65+",2008,3,"All malignant neoplasms",0,"Counts",8378
"65+",2008,3,"All malignant neoplasms",0,"Rates",1150.70761130771
"65+",2008,3,"Breast (Female) Cancer",1,"Counts",NA
"65+",2008,3,"Breast (Female) Cancer",1,"Rates",NA
"65+",2008,3,"Colorectal Cancer",0,"Counts",1317
"65+",2008,3,"Colorectal Cancer",0,"Rates",181.012500512689
"65+",2008,3,"Leukaemia",0,"Counts",340
"65+",2008,3,"Leukaemia",0,"Rates",44.8085976951693
"65+",2008,3,"Lung Cancer",0,"Counts",1040
"65+",2008,3,"Lung Cancer",0,"Rates",138.421900000235
"65+",2008,3,"Lymphoma",0,"Counts",251
"65+",2008,3,"Lymphoma",0,"Rates",32.8914741716558
"65+",2008,3,"Melanoma Cancer",0,"Counts",830
"65+",2008,3,"Melanoma Cancer",0,"Rates",112.885866123304
"65+",2008,3,"Pancreatic Cancer",0,"Counts",240
"65+",2008,3,"Pancreatic Cancer",0,"Rates",31.3495115017849
"65+",2008,3,"Prostate Cancer",1,"Counts",NA
"65+",2008,3,"Prostate Cancer",1,"Rates",NA
"65+",2009,1,"All malignant neoplasms",0,"Counts",5190
"65+",2009,1,"All malignant neoplasms",0,"Rates",1434.04048174806
"65+",2009,1,"Breast (Female) Cancer",1,"Counts",NA
"65+",2009,1,"Breast (Female) Cancer",1,"Rates",NA
"65+",2009,1,"Colorectal Cancer",0,"Counts",666
"65+",2009,1,"Colorectal Cancer",0,"Rates",178.223934784792
"65+",2009,1,"Leukaemia",0,"Counts",168
"65+",2009,1,"Leukaemia",0,"Rates",42.0581268851911
"65+",2009,1,"Lung Cancer",0,"Counts",602
"65+",2009,1,"Lung Cancer",0,"Rates",163.397580286552
"65+",2009,1,"Lymphoma",0,"Counts",119
"65+",2009,1,"Lymphoma",0,"Rates",29.888525286695
"65+",2009,1,"Melanoma Cancer",0,"Counts",543
"65+",2009,1,"Melanoma Cancer",0,"Rates",145.273812061469
"65+",2009,1,"Pancreatic Cancer",0,"Counts",88
"65+",2009,1,"Pancreatic Cancer",0,"Rates",24.4238083801409
"65+",2009,1,"Prostate Cancer",0,"Counts",1584
"65+",2009,1,"Prostate Cancer",0,"Rates",469.639544257762
"65+",2009,2,"All malignant neoplasms",0,"Counts",3421
"65+",2009,2,"All malignant neoplasms",0,"Rates",884.053640950645
"65+",2009,2,"Breast (Female) Cancer",0,"Counts",662
"65+",2009,2,"Breast (Female) Cancer",0,"Rates",191.55746654248
"65+",2009,2,"Colorectal Cancer",0,"Counts",591
"65+",2009,2,"Colorectal Cancer",0,"Rates",146.09530174839
"65+",2009,2,"Leukaemia",0,"Counts",114
"65+",2009,2,"Leukaemia",0,"Rates",24.1561661181706
"65+",2009,2,"Lung Cancer",0,"Counts",385
"65+",2009,2,"Lung Cancer",0,"Rates",99.5131794804848
"65+",2009,2,"Lymphoma",0,"Counts",178
"65+",2009,2,"Lymphoma",0,"Rates",44.1455941593239
"65+",2009,2,"Melanoma Cancer",0,"Counts",269
"65+",2009,2,"Melanoma Cancer",0,"Rates",72.945876205255
"65+",2009,2,"Pancreatic Cancer",0,"Counts",132
"65+",2009,2,"Pancreatic Cancer",0,"Rates",31.4605932878602
"65+",2009,2,"Prostate Cancer",1,"Counts",NA
"65+",2009,2,"Prostate Cancer",1,"Rates",NA
"65+",2009,3,"All malignant neoplasms",0,"Counts",8611
"65+",2009,3,"All malignant neoplasms",0,"Rates",1157.09889778718
"65+",2009,3,"Breast (Female) Cancer",1,"Counts",NA
"65+",2009,3,"Breast (Female) Cancer",1,"Rates",NA
"65+",2009,3,"Colorectal Cancer",0,"Counts",1257
"65+",2009,3,"Colorectal Cancer",0,"Rates",161.964304787719
"65+",2009,3,"Leukaemia",0,"Counts",282
"65+",2009,3,"Leukaemia",0,"Rates",33.0391586171677
"65+",2009,3,"Lung Cancer",0,"Counts",987
"65+",2009,3,"Lung Cancer",0,"Rates",131.27395357216
"65+",2009,3,"Lymphoma",0,"Counts",297
"65+",2009,3,"Lymphoma",0,"Rates",37.0311235212169
"65+",2009,3,"Melanoma Cancer",0,"Counts",812
"65+",2009,3,"Melanoma Cancer",0,"Rates",108.963702516879
"65+",2009,3,"Pancreatic Cancer",0,"Counts",220
"65+",2009,3,"Pancreatic Cancer",0,"Rates",27.9006455186448
"65+",2009,3,"Prostate Cancer",1,"Counts",NA
"65+",2009,3,"Prostate Cancer",1,"Rates",NA
"65+",2010,1,"All malignant neoplasms",0,"Counts",5341
"65+",2010,1,"All malignant neoplasms",0,"Rates",1458.87168653774
"65+",2010,1,"Breast (Female) Cancer",1,"Counts",NA
"65+",2010,1,"Breast (Female) Cancer",1,"Rates",NA
"65+",2010,1,"Colorectal Cancer",0,"Counts",624
"65+",2010,1,"Colorectal Cancer",0,"Rates",170.186905026425
"65+",2010,1,"Leukaemia",0,"Counts",166
"65+",2010,1,"Leukaemia",0,"Rates",52.30004448526
"65+",2010,1,"Lung Cancer",0,"Counts",645
"65+",2010,1,"Lung Cancer",0,"Rates",167.169841225007
"65+",2010,1,"Lymphoma",0,"Counts",167
"65+",2010,1,"Lymphoma",0,"Rates",50.357351060217
"65+",2010,1,"Melanoma Cancer",0,"Counts",607
"65+",2010,1,"Melanoma Cancer",0,"Rates",162.051786082316
"65+",2010,1,"Pancreatic Cancer",0,"Counts",160
"65+",2010,1,"Pancreatic Cancer",0,"Rates",39.7652603379464
"65+",2010,1,"Prostate Cancer",0,"Counts",1518
"65+",2010,1,"Prostate Cancer",0,"Rates",446.68088415093
"65+",2010,2,"All malignant neoplasms",0,"Counts",3506
"65+",2010,2,"All malignant neoplasms",0,"Rates",891.071360236902
"65+",2010,2,"Breast (Female) Cancer",0,"Counts",701
"65+",2010,2,"Breast (Female) Cancer",0,"Rates",198.144205812103
"65+",2010,2,"Colorectal Cancer",0,"Counts",633
"65+",2010,2,"Colorectal Cancer",0,"Rates",149.478920188
"65+",2010,2,"Leukaemia",0,"Counts",140
"65+",2010,2,"Leukaemia",0,"Rates",31.1829818454163
"65+",2010,2,"Lung Cancer",0,"Counts",360
"65+",2010,2,"Lung Cancer",0,"Rates",90.900592272051
"65+",2010,2,"Lymphoma",0,"Counts",146
"65+",2010,2,"Lymphoma",0,"Rates",36.1550744348074
"65+",2010,2,"Melanoma Cancer",0,"Counts",325
"65+",2010,2,"Melanoma Cancer",0,"Rates",86.6517774057492
"65+",2010,2,"Pancreatic Cancer",0,"Counts",110
"65+",2010,2,"Pancreatic Cancer",0,"Rates",25.602342117289
"65+",2010,2,"Prostate Cancer",1,"Counts",NA
"65+",2010,2,"Prostate Cancer",1,"Rates",NA
"65+",2010,3,"All malignant neoplasms",0,"Counts",8847
"65+",2010,3,"All malignant neoplasms",0,"Rates",1172.90653295907
"65+",2010,3,"Breast (Female) Cancer",1,"Counts",NA
"65+",2010,3,"Breast (Female) Cancer",1,"Rates",NA
"65+",2010,3,"Colorectal Cancer",0,"Counts",1257
"65+",2010,3,"Colorectal Cancer",0,"Rates",159.590045896093
"65+",2010,3,"Leukaemia",0,"Counts",306
"65+",2010,3,"Leukaemia",0,"Rates",41.5549682666782
"65+",2010,3,"Lung Cancer",0,"Counts",1005
"65+",2010,3,"Lung Cancer",0,"Rates",128.838686506113
"65+",2010,3,"Lymphoma",0,"Counts",313
"65+",2010,3,"Lymphoma",0,"Rates",43.1509153644816
"65+",2010,3,"Melanoma Cancer",0,"Counts",932
"65+",2010,3,"Melanoma Cancer",0,"Rates",124.170893331351
"65+",2010,3,"Pancreatic Cancer",0,"Counts",270
"65+",2010,3,"Pancreatic Cancer",0,"Rates",32.6324534763853
"65+",2010,3,"Prostate Cancer",1,"Counts",NA
"65+",2010,3,"Prostate Cancer",1,"Rates",NA
"65+",2011,1,"All malignant neoplasms",0,"Counts",5581
"65+",2011,1,"All malignant neoplasms",0,"Rates",1495.75652299748
"65+",2011,1,"Breast (Female) Cancer",1,"Counts",NA
"65+",2011,1,"Breast (Female) Cancer",1,"Rates",NA
"65+",2011,1,"Colorectal Cancer",0,"Counts",706
"65+",2011,1,"Colorectal Cancer",0,"Rates",189.275650929552
"65+",2011,1,"Leukaemia",0,"Counts",195
"65+",2011,1,"Leukaemia",0,"Rates",46.651511647929
"65+",2011,1,"Lung Cancer",0,"Counts",616
"65+",2011,1,"Lung Cancer",0,"Rates",158.919299991249
"65+",2011,1,"Lymphoma",0,"Counts",179
"65+",2011,1,"Lymphoma",0,"Rates",51.3007421279199
"65+",2011,1,"Melanoma Cancer",0,"Counts",605
"65+",2011,1,"Melanoma Cancer",0,"Rates",163.361111610586
"65+",2011,1,"Pancreatic Cancer",0,"Counts",103
"65+",2011,1,"Pancreatic Cancer",0,"Rates",28.0522003030981
"65+",2011,1,"Prostate Cancer",0,"Counts",1651
"65+",2011,1,"Prostate Cancer",0,"Rates",476.881820375481
"65+",2011,2,"All malignant neoplasms",0,"Counts",3642
"65+",2011,2,"All malignant neoplasms",0,"Rates",901.67785557201
"65+",2011,2,"Breast (Female) Cancer",0,"Counts",756
"65+",2011,2,"Breast (Female) Cancer",0,"Rates",203.006866098136
"65+",2011,2,"Colorectal Cancer",0,"Counts",566
"65+",2011,2,"Colorectal Cancer",0,"Rates",133.371172872009
"65+",2011,2,"Leukaemia",0,"Counts",100
"65+",2011,2,"Leukaemia",0,"Rates",22.9154141961289
"65+",2011,2,"Lung Cancer",0,"Counts",345
"65+",2011,2,"Lung Cancer",0,"Rates",93.0317982964762
"65+",2011,2,"Lymphoma",0,"Counts",131
"65+",2011,2,"Lymphoma",0,"Rates",33.6029944345671
"65+",2011,2,"Melanoma Cancer",0,"Counts",339
"65+",2011,2,"Melanoma Cancer",0,"Rates",84.3361451086987
"65+",2011,2,"Pancreatic Cancer",0,"Counts",130
"65+",2011,2,"Pancreatic Cancer",0,"Rates",32.3960064189465
"65+",2011,2,"Prostate Cancer",1,"Counts",NA
"65+",2011,2,"Prostate Cancer",1,"Rates",NA
"65+",2011,3,"All malignant neoplasms",0,"Counts",9223
"65+",2011,3,"All malignant neoplasms",0,"Rates",1196.01579359776
"65+",2011,3,"Breast (Female) Cancer",1,"Counts",NA
"65+",2011,3,"Breast (Female) Cancer",1,"Rates",NA
"65+",2011,3,"Colorectal Cancer",0,"Counts",1272
"65+",2011,3,"Colorectal Cancer",0,"Rates",160.971668619745
"65+",2011,3,"Leukaemia",0,"Counts",295
"65+",2011,3,"Leukaemia",0,"Rates",34.7080383607796
"65+",2011,3,"Lung Cancer",0,"Counts",961
"65+",2011,3,"Lung Cancer",0,"Rates",125.796368080995
"65+",2011,3,"Lymphoma",0,"Counts",310
"65+",2011,3,"Lymphoma",0,"Rates",42.3529686081706
"65+",2011,3,"Melanoma Cancer",0,"Counts",944
"65+",2011,3,"Melanoma Cancer",0,"Rates",123.51245470414
"65+",2011,3,"Pancreatic Cancer",0,"Counts",233
"65+",2011,3,"Pancreatic Cancer",0,"Rates",30.2106731163157
"65+",2011,3,"Prostate Cancer",1,"Counts",NA
"65+",2011,3,"Prostate Cancer",1,"Rates",NA
"65+",2012,1,"All malignant neoplasms",0,"Counts",6000
"65+",2012,1,"All malignant neoplasms",0,"Rates",1613.52396913325
"65+",2012,1,"Breast (Female) Cancer",1,"Counts",NA
"65+",2012,1,"Breast (Female) Cancer",1,"Rates",NA
"65+",2012,1,"Colorectal Cancer",0,"Counts",775
"65+",2012,1,"Colorectal Cancer",0,"Rates",200.705869822502
"65+",2012,1,"Leukaemia",0,"Counts",113
"65+",2012,1,"Leukaemia",0,"Rates",31.3862674649968
"65+",2012,1,"Lung Cancer",0,"Counts",750
"65+",2012,1,"Lung Cancer",0,"Rates",194.331008110577
"65+",2012,1,"Lymphoma",0,"Counts",255
"65+",2012,1,"Lymphoma",0,"Rates",63.6057043005964
"65+",2012,1,"Melanoma Cancer",0,"Counts",716
"65+",2012,1,"Melanoma Cancer",0,"Rates",182.830427427473
"65+",2012,1,"Pancreatic Cancer",0,"Counts",91
"65+",2012,1,"Pancreatic Cancer",0,"Rates",22.6500871878828
"65+",2012,1,"Prostate Cancer",0,"Counts",1716
"65+",2012,1,"Prostate Cancer",0,"Rates",503.430749194389
"65+",2012,2,"All malignant neoplasms",0,"Counts",3900
"65+",2012,2,"All malignant neoplasms",0,"Rates",965.338515468477
"65+",2012,2,"Breast (Female) Cancer",0,"Counts",814
"65+",2012,2,"Breast (Female) Cancer",0,"Rates",223.291669257425
"65+",2012,2,"Colorectal Cancer",0,"Counts",594
"65+",2012,2,"Colorectal Cancer",0,"Rates",138.08985969513
"65+",2012,2,"Leukaemia",0,"Counts",92
"65+",2012,2,"Leukaemia",0,"Rates",16.9502054821213
"65+",2012,2,"Lung Cancer",0,"Counts",356
"65+",2012,2,"Lung Cancer",0,"Rates",90.844517809867
"65+",2012,2,"Lymphoma",0,"Counts",144
"65+",2012,2,"Lymphoma",0,"Rates",36.5813892962056
"65+",2012,2,"Melanoma Cancer",0,"Counts",369
"65+",2012,2,"Melanoma Cancer",0,"Rates",91.1790179580056
"65+",2012,2,"Pancreatic Cancer",0,"Counts",148
"65+",2012,2,"Pancreatic Cancer",0,"Rates",36.2404401787852
"65+",2012,2,"Prostate Cancer",1,"Counts",NA
"65+",2012,2,"Prostate Cancer",1,"Rates",NA
"65+",2012,3,"All malignant neoplasms",0,"Counts",9900
"65+",2012,3,"All malignant neoplasms",0,"Rates",1285.86606500431
"65+",2012,3,"Breast (Female) Cancer",1,"Counts",NA
"65+",2012,3,"Breast (Female) Cancer",1,"Rates",NA
"65+",2012,3,"Colorectal Cancer",0,"Counts",1369
"65+",2012,3,"Colorectal Cancer",0,"Rates",169.016703797671
"65+",2012,3,"Leukaemia",0,"Counts",205
"65+",2012,3,"Leukaemia",0,"Rates",24.0420111527235
"65+",2012,3,"Lung Cancer",0,"Counts",1106
"65+",2012,3,"Lung Cancer",0,"Rates",142.106429136098
"65+",2012,3,"Lymphoma",0,"Counts",399
"65+",2012,3,"Lymphoma",0,"Rates",49.9809483858067
"65+",2012,3,"Melanoma Cancer",0,"Counts",1085
"65+",2012,3,"Melanoma Cancer",0,"Rates",136.578173648919
"65+",2012,3,"Pancreatic Cancer",0,"Counts",239
"65+",2012,3,"Pancreatic Cancer",0,"Rates",29.5033091199605
"65+",2012,3,"Prostate Cancer",1,"Counts",NA
"65+",2012,3,"Prostate Cancer",1,"Rates",NA
"65+",2013,1,"All malignant neoplasms",0,"Counts",6035
"65+",2013,1,"All malignant neoplasms",0,"Rates",1602.2217394964
"65+",2013,1,"Breast (Female) Cancer",1,"Counts",NA
"65+",2013,1,"Breast (Female) Cancer",1,"Rates",NA
"65+",2013,1,"Colorectal Cancer",0,"Counts",702
"65+",2013,1,"Colorectal Cancer",0,"Rates",173.646557582203
"65+",2013,1,"Leukaemia",0,"Counts",175
"65+",2013,1,"Leukaemia",0,"Rates",46.9526150813343
"65+",2013,1,"Lung Cancer",0,"Counts",646
"65+",2013,1,"Lung Cancer",0,"Rates",162.306119403838
"65+",2013,1,"Lymphoma",0,"Counts",260
"65+",2013,1,"Lymphoma",0,"Rates",70.4593438055961
"65+",2013,1,"Melanoma Cancer",0,"Counts",762
"65+",2013,1,"Melanoma Cancer",0,"Rates",208.961974977489
"65+",2013,1,"Pancreatic Cancer",0,"Counts",119
"65+",2013,1,"Pancreatic Cancer",0,"Rates",30.1246466112144
"65+",2013,1,"Prostate Cancer",0,"Counts",1823
"65+",2013,1,"Prostate Cancer",0,"Rates",523.44057986004
"65+",2013,2,"All malignant neoplasms",0,"Counts",4014
"65+",2013,2,"All malignant neoplasms",0,"Rates",977.88327274426
"65+",2013,2,"Breast (Female) Cancer",0,"Counts",869
"65+",2013,2,"Breast (Female) Cancer",0,"Rates",233.32568212585
"65+",2013,2,"Colorectal Cancer",0,"Counts",592
"65+",2013,2,"Colorectal Cancer",0,"Rates",133.780704846313
"65+",2013,2,"Leukaemia",0,"Counts",106
"65+",2013,2,"Leukaemia",0,"Rates",22.6223208773788
"65+",2013,2,"Lung Cancer",0,"Counts",472
"65+",2013,2,"Lung Cancer",0,"Rates",114.735867507713
"65+",2013,2,"Lymphoma",0,"Counts",164
"65+",2013,2,"Lymphoma",0,"Rates",36.8415011129109
"65+",2013,2,"Melanoma Cancer",0,"Counts",425
"65+",2013,2,"Melanoma Cancer",0,"Rates",100.536414327661
"65+",2013,2,"Pancreatic Cancer",0,"Counts",78
"65+",2013,2,"Pancreatic Cancer",0,"Rates",16.2947378978843
"65+",2013,2,"Prostate Cancer",1,"Counts",NA
"65+",2013,2,"Prostate Cancer",1,"Rates",NA
"65+",2013,3,"All malignant neoplasms",0,"Counts",10049
"65+",2013,3,"All malignant neoplasms",0,"Rates",1286.33615548811
"65+",2013,3,"Breast (Female) Cancer",1,"Counts",NA
"65+",2013,3,"Breast (Female) Cancer",1,"Rates",NA
"65+",2013,3,"Colorectal Cancer",0,"Counts",1294
"65+",2013,3,"Colorectal Cancer",0,"Rates",153.452968700583
"65+",2013,3,"Leukaemia",0,"Counts",281
"65+",2013,3,"Leukaemia",0,"Rates",34.6466021215156
"65+",2013,3,"Lung Cancer",0,"Counts",1118
"65+",2013,3,"Lung Cancer",0,"Rates",138.245749620429
"65+",2013,3,"Lymphoma",0,"Counts",424
"65+",2013,3,"Lymphoma",0,"Rates",53.4398993363214
"65+",2013,3,"Melanoma Cancer",0,"Counts",1187
"65+",2013,3,"Melanoma Cancer",0,"Rates",154.095605643175
"65+",2013,3,"Pancreatic Cancer",0,"Counts",197
"65+",2013,3,"Pancreatic Cancer",0,"Rates",23.1175061322062
"65+",2013,3,"Prostate Cancer",1,"Counts",NA
"65+",2013,3,"Prostate Cancer",1,"Rates",NA
"65+",2014,1,"All malignant neoplasms",0,"Counts",6258
"65+",2014,1,"All malignant neoplasms",0,"Rates",1635.10335039145
"65+",2014,1,"Breast (Female) Cancer",1,"Counts",NA
"65+",2014,1,"Breast (Female) Cancer",1,"Rates",NA
"65+",2014,1,"Colorectal Cancer",0,"Counts",757
"65+",2014,1,"Colorectal Cancer",0,"Rates",187.982953339467
"65+",2014,1,"Leukaemia",0,"Counts",220
"65+",2014,1,"Leukaemia",0,"Rates",55.6356243392651
"65+",2014,1,"Lung Cancer",0,"Counts",663
"65+",2014,1,"Lung Cancer",0,"Rates",165.826984442937
"65+",2014,1,"Lymphoma",0,"Counts",206
"65+",2014,1,"Lymphoma",0,"Rates",55.3411332754966
"65+",2014,1,"Melanoma Cancer",0,"Counts",820
"65+",2014,1,"Melanoma Cancer",0,"Rates",209.082070347591
"65+",2014,1,"Pancreatic Cancer",0,"Counts",158
"65+",2014,1,"Pancreatic Cancer",0,"Rates",41.6045243142573
"65+",2014,1,"Prostate Cancer",0,"Counts",1682
"65+",2014,1,"Prostate Cancer",0,"Rates",476.983898235801
"65+",2014,2,"All malignant neoplasms",0,"Counts",4215
"65+",2014,2,"All malignant neoplasms",0,"Rates",1025.19893678996
"65+",2014,2,"Breast (Female) Cancer",0,"Counts",911
"65+",2014,2,"Breast (Female) Cancer",0,"Rates",250.413268301834
"65+",2014,2,"Colorectal Cancer",0,"Counts",655
"65+",2014,2,"Colorectal Cancer",0,"Rates",149.658231768007
"65+",2014,2,"Leukaemia",0,"Counts",116
"65+",2014,2,"Leukaemia",0,"Rates",25.028054954833
"65+",2014,2,"Lung Cancer",0,"Counts",485
"65+",2014,2,"Lung Cancer",0,"Rates",124.56707865742
"65+",2014,2,"Lymphoma",0,"Counts",221
"65+",2014,2,"Lymphoma",0,"Rates",50.53221780756
"65+",2014,2,"Melanoma Cancer",0,"Counts",386
"65+",2014,2,"Melanoma Cancer",0,"Rates",96.0855990875153
"65+",2014,2,"Pancreatic Cancer",0,"Counts",181
"65+",2014,2,"Pancreatic Cancer",0,"Rates",41.1960382447091
"65+",2014,2,"Prostate Cancer",1,"Counts",NA
"65+",2014,2,"Prostate Cancer",1,"Rates",NA
"65+",2014,3,"All malignant neoplasms",0,"Counts",10473
"65+",2014,3,"All malignant neoplasms",0,"Rates",1325.52719987566
"65+",2014,3,"Breast (Female) Cancer",1,"Counts",NA
"65+",2014,3,"Breast (Female) Cancer",1,"Rates",NA
"65+",2014,3,"Colorectal Cancer",0,"Counts",1412
"65+",2014,3,"Colorectal Cancer",0,"Rates",168.506972996151
"65+",2014,3,"Leukaemia",0,"Counts",336
"65+",2014,3,"Leukaemia",0,"Rates",40.1081631131974
"65+",2014,3,"Lung Cancer",0,"Counts",1148
"65+",2014,3,"Lung Cancer",0,"Rates",144.960234638334
"65+",2014,3,"Lymphoma",0,"Counts",427
"65+",2014,3,"Lymphoma",0,"Rates",52.857049915787
"65+",2014,3,"Melanoma Cancer",0,"Counts",1206
"65+",2014,3,"Melanoma Cancer",0,"Rates",151.785310143522
"65+",2014,3,"Pancreatic Cancer",0,"Counts",339
"65+",2014,3,"Pancreatic Cancer",0,"Rates",41.3809645918635
"65+",2014,3,"Prostate Cancer",1,"Counts",NA
"65+",2014,3,"Prostate Cancer",1,"Rates",NA
"65+",2015,1,"All malignant neoplasms",0,"Counts",6461
"65+",2015,1,"All malignant neoplasms",0,"Rates",1671.11136318174
"65+",2015,1,"Breast (Female) Cancer",1,"Counts",NA
"65+",2015,1,"Breast (Female) Cancer",1,"Rates",NA
"65+",2015,1,"Colorectal Cancer",0,"Counts",781
"65+",2015,1,"Colorectal Cancer",0,"Rates",192.518245173367
"65+",2015,1,"Leukaemia",0,"Counts",203
"65+",2015,1,"Leukaemia",0,"Rates",51.4111536868203
"65+",2015,1,"Lung Cancer",0,"Counts",745
"65+",2015,1,"Lung Cancer",0,"Rates",183.160463364348
"65+",2015,1,"Lymphoma",0,"Counts",195
"65+",2015,1,"Lymphoma",0,"Rates",50.0683307518791
"65+",2015,1,"Melanoma Cancer",0,"Counts",762
"65+",2015,1,"Melanoma Cancer",0,"Rates",198.190756593833
"65+",2015,1,"Pancreatic Cancer",0,"Counts",116
"65+",2015,1,"Pancreatic Cancer",0,"Rates",27.7540778760863
"65+",2015,1,"Prostate Cancer",0,"Counts",1753
"65+",2015,1,"Prostate Cancer",0,"Rates",501.796626376229
"65+",2015,2,"All malignant neoplasms",0,"Counts",4317
"65+",2015,2,"All malignant neoplasms",0,"Rates",1028.19366602928
"65+",2015,2,"Breast (Female) Cancer",0,"Counts",925
"65+",2015,2,"Breast (Female) Cancer",0,"Rates",241.25454665681
"65+",2015,2,"Colorectal Cancer",0,"Counts",658
"65+",2015,2,"Colorectal Cancer",0,"Rates",142.6743146819
"65+",2015,2,"Leukaemia",0,"Counts",159
"65+",2015,2,"Leukaemia",0,"Rates",35.2956821780968
"65+",2015,2,"Lung Cancer",0,"Counts",443
"65+",2015,2,"Lung Cancer",0,"Rates",107.244137872022
"65+",2015,2,"Lymphoma",0,"Counts",165
"65+",2015,2,"Lymphoma",0,"Rates",39.4352420651102
"65+",2015,2,"Melanoma Cancer",0,"Counts",456
"65+",2015,2,"Melanoma Cancer",0,"Rates",108.58688851865
"65+",2015,2,"Pancreatic Cancer",0,"Counts",132
"65+",2015,2,"Pancreatic Cancer",0,"Rates",30.8574272133613
"65+",2015,2,"Prostate Cancer",1,"Counts",NA
"65+",2015,2,"Prostate Cancer",1,"Rates",NA
"65+",2015,3,"All malignant neoplasms",0,"Counts",10778
"65+",2015,3,"All malignant neoplasms",0,"Rates",1343.79933956644
"65+",2015,3,"Breast (Female) Cancer",1,"Counts",NA
"65+",2015,3,"Breast (Female) Cancer",1,"Rates",NA
"65+",2015,3,"Colorectal Cancer",0,"Counts",1439
"65+",2015,3,"Colorectal Cancer",0,"Rates",167.085089118698
"65+",2015,3,"Leukaemia",0,"Counts",362
"65+",2015,3,"Leukaemia",0,"Rates",43.1940906644371
"65+",2015,3,"Lung Cancer",0,"Counts",1188
"65+",2015,3,"Lung Cancer",0,"Rates",144.585122672714
"65+",2015,3,"Lymphoma",0,"Counts",360
"65+",2015,3,"Lymphoma",0,"Rates",44.6471011538372
"65+",2015,3,"Melanoma Cancer",0,"Counts",1218
"65+",2015,3,"Melanoma Cancer",0,"Rates",152.611331196259
"65+",2015,3,"Pancreatic Cancer",0,"Counts",248
"65+",2015,3,"Pancreatic Cancer",0,"Rates",29.3404702705444
"65+",2015,3,"Prostate Cancer",1,"Counts",NA
"65+",2015,3,"Prostate Cancer",1,"Rates",NA
"65+",2016,1,"All malignant neoplasms",0,"Counts",6773
"65+",2016,1,"All malignant neoplasms",0,"Rates",1715.64447819614
"65+",2016,1,"Breast (Female) Cancer",1,"Counts",NA
"65+",2016,1,"Breast (Female) Cancer",1,"Rates",NA
"65+",2016,1,"Colorectal Cancer",0,"Counts",796
"65+",2016,1,"Colorectal Cancer",0,"Rates",193.606634024672
"65+",2016,1,"Leukaemia",0,"Counts",248
"65+",2016,1,"Leukaemia",0,"Rates",57.1507044483682
"65+",2016,1,"Lung Cancer",0,"Counts",738
"65+",2016,1,"Lung Cancer",0,"Rates",170.305599810444
"65+",2016,1,"Lymphoma",0,"Counts",278
"65+",2016,1,"Lymphoma",0,"Rates",63.2946339033013
"65+",2016,1,"Melanoma Cancer",0,"Counts",838
"65+",2016,1,"Melanoma Cancer",0,"Rates",214.345845764599
"65+",2016,1,"Pancreatic Cancer",0,"Counts",162
"65+",2016,1,"Pancreatic Cancer",0,"Rates",31.0232355310971
"65+",2016,1,"Prostate Cancer",0,"Counts",1785
"65+",2016,1,"Prostate Cancer",0,"Rates",488.869277651583
"65+",2016,2,"All malignant neoplasms",0,"Counts",4589
"65+",2016,2,"All malignant neoplasms",0,"Rates",1067.2057611458
"65+",2016,2,"Breast (Female) Cancer",0,"Counts",1001
"65+",2016,2,"Breast (Female) Cancer",0,"Rates",260.706974192187
"65+",2016,2,"Colorectal Cancer",0,"Counts",648
"65+",2016,2,"Colorectal Cancer",0,"Rates",139.855136603992
"65+",2016,2,"Leukaemia",0,"Counts",141
"65+",2016,2,"Leukaemia",0,"Rates",30.4489889832784
"65+",2016,2,"Lung Cancer",0,"Counts",538
"65+",2016,2,"Lung Cancer",0,"Rates",125.650153637195
"65+",2016,2,"Lymphoma",0,"Counts",186
"65+",2016,2,"Lymphoma",0,"Rates",39.5456328867913
"65+",2016,2,"Melanoma Cancer",0,"Counts",446
"65+",2016,2,"Melanoma Cancer",0,"Rates",110.464451172157
"65+",2016,2,"Pancreatic Cancer",0,"Counts",117
"65+",2016,2,"Pancreatic Cancer",0,"Rates",21.0900007613747
"65+",2016,2,"Prostate Cancer",1,"Counts",NA
"65+",2016,2,"Prostate Cancer",1,"Rates",NA
"65+",2016,3,"All malignant neoplasms",0,"Counts",11362
"65+",2016,3,"All malignant neoplasms",0,"Rates",1384.66455501736
"65+",2016,3,"Breast (Female) Cancer",1,"Counts",NA
"65+",2016,3,"Breast (Female) Cancer",1,"Rates",NA
"65+",2016,3,"Colorectal Cancer",0,"Counts",1444
"65+",2016,3,"Colorectal Cancer",0,"Rates",166.112718603507
"65+",2016,3,"Leukaemia",0,"Counts",389
"65+",2016,3,"Leukaemia",0,"Rates",43.5461174799767
"65+",2016,3,"Lung Cancer",0,"Counts",1276
"65+",2016,3,"Lung Cancer",0,"Rates",147.592353983691
"65+",2016,3,"Lymphoma",0,"Counts",464
"65+",2016,3,"Lymphoma",0,"Rates",51.2181076793895
"65+",2016,3,"Melanoma Cancer",0,"Counts",1284
"65+",2016,3,"Melanoma Cancer",0,"Rates",161.344813754893
"65+",2016,3,"Pancreatic Cancer",0,"Counts",279
"65+",2016,3,"Pancreatic Cancer",0,"Rates",25.9693327228886
"65+",2016,3,"Prostate Cancer",1,"Counts",NA
"65+",2016,3,"Prostate Cancer",1,"Rates",NA
"65+",2017,1,"All malignant neoplasms",0,"Counts",7199
"65+",2017,1,"All malignant neoplasms",0,"Rates",1797.70726269916
"65+",2017,1,"Breast (Female) Cancer",1,"Counts",NA
"65+",2017,1,"Breast (Female) Cancer",1,"Rates",NA
"65+",2017,1,"Colorectal Cancer",0,"Counts",718
"65+",2017,1,"Colorectal Cancer",0,"Rates",169.044045853216
"65+",2017,1,"Leukaemia",0,"Counts",314
"65+",2017,1,"Leukaemia",0,"Rates",77.3664210041421
"65+",2017,1,"Lung Cancer",0,"Counts",820
"65+",2017,1,"Lung Cancer",0,"Rates",196.770448960722
"65+",2017,1,"Lymphoma",0,"Counts",303
"65+",2017,1,"Lymphoma",0,"Rates",72.515820136886
"65+",2017,1,"Melanoma Cancer",0,"Counts",861
"65+",2017,1,"Melanoma Cancer",0,"Rates",213.685019165218
"65+",2017,1,"Pancreatic Cancer",0,"Counts",198
"65+",2017,1,"Pancreatic Cancer",0,"Rates",47.644579899984
"65+",2017,1,"Prostate Cancer",0,"Counts",2029
"65+",2017,1,"Prostate Cancer",0,"Rates",553.624483446637
"65+",2017,2,"All malignant neoplasms",0,"Counts",4700
"65+",2017,2,"All malignant neoplasms",0,"Rates",1080.23308354866
"65+",2017,2,"Breast (Female) Cancer",0,"Counts",962
"65+",2017,2,"Breast (Female) Cancer",0,"Rates",242.586404204128
"65+",2017,2,"Colorectal Cancer",0,"Counts",602
"65+",2017,2,"Colorectal Cancer",0,"Rates",125.011893922159
"65+",2017,2,"Leukaemia",0,"Counts",177
"65+",2017,2,"Leukaemia",0,"Rates",35.3869090721595
"65+",2017,2,"Lung Cancer",0,"Counts",515
"65+",2017,2,"Lung Cancer",0,"Rates",125.613758034522
"65+",2017,2,"Lymphoma",0,"Counts",178
"65+",2017,2,"Lymphoma",0,"Rates",37.1151345009237
"65+",2017,2,"Melanoma Cancer",0,"Counts",478
"65+",2017,2,"Melanoma Cancer",0,"Rates",118.279720056558
"65+",2017,2,"Pancreatic Cancer",0,"Counts",92
"65+",2017,2,"Pancreatic Cancer",0,"Rates",20.1380877406795
"65+",2017,2,"Prostate Cancer",1,"Counts",NA
"65+",2017,2,"Prostate Cancer",1,"Rates",NA
"65+",2017,3,"All malignant neoplasms",0,"Counts",11899
"65+",2017,3,"All malignant neoplasms",0,"Rates",1431.21307177581
"65+",2017,3,"Breast (Female) Cancer",1,"Counts",NA
"65+",2017,3,"Breast (Female) Cancer",1,"Rates",NA
"65+",2017,3,"Colorectal Cancer",0,"Counts",1320
"65+",2017,3,"Colorectal Cancer",0,"Rates",146.533536112385
"65+",2017,3,"Leukaemia",0,"Counts",491
"65+",2017,3,"Leukaemia",0,"Rates",55.9263673621444
"65+",2017,3,"Lung Cancer",0,"Counts",1335
"65+",2017,3,"Lung Cancer",0,"Rates",160.470233512053
"65+",2017,3,"Lymphoma",0,"Counts",481
"65+",2017,3,"Lymphoma",0,"Rates",54.4316198571989
"65+",2017,3,"Melanoma Cancer",0,"Counts",1339
"65+",2017,3,"Melanoma Cancer",0,"Rates",164.980830692787
"65+",2017,3,"Pancreatic Cancer",0,"Counts",290
"65+",2017,3,"Pancreatic Cancer",0,"Rates",33.6019963795233
"65+",2017,3,"Prostate Cancer",1,"Counts",NA
"65+",2017,3,"Prostate Cancer",1,"Rates",NA
"65+",2018,1,"All malignant neoplasms",0,"Counts",7467
"65+",2018,1,"All malignant neoplasms",0,"Rates",1841.77996811827
"65+",2018,1,"Breast (Female) Cancer",1,"Counts",NA
"65+",2018,1,"Breast (Female) Cancer",1,"Rates",NA
"65+",2018,1,"Colorectal Cancer",0,"Counts",754
"65+",2018,1,"Colorectal Cancer",0,"Rates",182.293300167846
"65+",2018,1,"Leukaemia",0,"Counts",227
"65+",2018,1,"Leukaemia",0,"Rates",55.4009140978561
"65+",2018,1,"Lung Cancer",0,"Counts",827
"65+",2018,1,"Lung Cancer",0,"Rates",196.45192611178
"65+",2018,1,"Lymphoma",0,"Counts",300
"65+",2018,1,"Lymphoma",0,"Rates",70.1088025621161
"65+",2018,1,"Melanoma Cancer",0,"Counts",871
"65+",2018,1,"Melanoma Cancer",0,"Rates",203.335756859782
"65+",2018,1,"Pancreatic Cancer",0,"Counts",157
"65+",2018,1,"Pancreatic Cancer",0,"Rates",31.2127890377235
"65+",2018,1,"Prostate Cancer",0,"Counts",2231
"65+",2018,1,"Prostate Cancer",0,"Rates",597.905229301139
"65+",2018,2,"All malignant neoplasms",0,"Counts",4976
"65+",2018,2,"All malignant neoplasms",0,"Rates",1103.08227785761
"65+",2018,2,"Breast (Female) Cancer",0,"Counts",1067
"65+",2018,2,"Breast (Female) Cancer",0,"Rates",265.877042090329
"65+",2018,2,"Colorectal Cancer",0,"Counts",726
"65+",2018,2,"Colorectal Cancer",0,"Rates",148.334823602062
"65+",2018,2,"Leukaemia",0,"Counts",100
"65+",2018,2,"Leukaemia",0,"Rates",19.4116196365046
"65+",2018,2,"Lung Cancer",0,"Counts",645
"65+",2018,2,"Lung Cancer",0,"Rates",149.326543007224
"65+",2018,2,"Lymphoma",0,"Counts",244
"65+",2018,2,"Lymphoma",0,"Rates",54.7086043990947
"65+",2018,2,"Melanoma Cancer",0,"Counts",511
"65+",2018,2,"Melanoma Cancer",0,"Rates",118.761459613805
"65+",2018,2,"Pancreatic Cancer",0,"Counts",227
"65+",2018,2,"Pancreatic Cancer",0,"Rates",45.0786434383307
"65+",2018,2,"Prostate Cancer",1,"Counts",NA
"65+",2018,2,"Prostate Cancer",1,"Rates",NA
"65+",2018,3,"All malignant neoplasms",0,"Counts",12443
"65+",2018,3,"All malignant neoplasms",0,"Rates",1464.61691199282
"65+",2018,3,"Breast (Female) Cancer",1,"Counts",NA
"65+",2018,3,"Breast (Female) Cancer",1,"Rates",NA
"65+",2018,3,"Colorectal Cancer",0,"Counts",1480
"65+",2018,3,"Colorectal Cancer",0,"Rates",164.934919438134
"65+",2018,3,"Leukaemia",0,"Counts",327
"65+",2018,3,"Leukaemia",0,"Rates",37.0289897386695
"65+",2018,3,"Lung Cancer",0,"Counts",1472
"65+",2018,3,"Lung Cancer",0,"Rates",172.403245019535
"65+",2018,3,"Lymphoma",0,"Counts",544
"65+",2018,3,"Lymphoma",0,"Rates",62.2493761839027
"65+",2018,3,"Melanoma Cancer",0,"Counts",1382
"65+",2018,3,"Melanoma Cancer",0,"Rates",160.154192607673
"65+",2018,3,"Pancreatic Cancer",0,"Counts",384
"65+",2018,3,"Pancreatic Cancer",0,"Rates",38.2857993069567
"65+",2018,3,"Prostate Cancer",1,"Counts",NA
"65+",2018,3,"Prostate Cancer",1,"Rates",NA
"65+",2019,1,"All malignant neoplasms",0,"Counts",7764
"65+",2019,1,"All malignant neoplasms",0,"Rates",1877.36135133637
"65+",2019,1,"Breast (Female) Cancer",1,"Counts",NA
"65+",2019,1,"Breast (Female) Cancer",1,"Rates",NA
"65+",2019,1,"Colorectal Cancer",0,"Counts",786
"65+",2019,1,"Colorectal Cancer",0,"Rates",177.903930082238
"65+",2019,1,"Leukaemia",0,"Counts",231
"65+",2019,1,"Leukaemia",0,"Rates",52.8007150408743
"65+",2019,1,"Lung Cancer",0,"Counts",813
"65+",2019,1,"Lung Cancer",0,"Rates",187.004231606489
"65+",2019,1,"Lymphoma",0,"Counts",335
"65+",2019,1,"Lymphoma",0,"Rates",76.079647144464
"65+",2019,1,"Melanoma Cancer",0,"Counts",980
"65+",2019,1,"Melanoma Cancer",0,"Rates",239.755530889467
"65+",2019,1,"Pancreatic Cancer",0,"Counts",223
"65+",2019,1,"Pancreatic Cancer",0,"Rates",48.1185354538676
"65+",2019,1,"Prostate Cancer",0,"Counts",2194
"65+",2019,1,"Prostate Cancer",0,"Rates",568.035390371579
"65+",2019,2,"All malignant neoplasms",0,"Counts",5083
"65+",2019,2,"All malignant neoplasms",0,"Rates",1130.51663535763
"65+",2019,2,"Breast (Female) Cancer",0,"Counts",1054
"65+",2019,2,"Breast (Female) Cancer",0,"Rates",259.481611217165
"65+",2019,2,"Colorectal Cancer",0,"Counts",623
"65+",2019,2,"Colorectal Cancer",0,"Rates",124.505531916465
"65+",2019,2,"Leukaemia",0,"Counts",153
"65+",2019,2,"Leukaemia",0,"Rates",33.78903450733
"65+",2019,2,"Lung Cancer",0,"Counts",626
"65+",2019,2,"Lung Cancer",0,"Rates",144.78254668217
"65+",2019,2,"Lymphoma",0,"Counts",235
"65+",2019,2,"Lymphoma",0,"Rates",45.2428849594266
"65+",2019,2,"Melanoma Cancer",0,"Counts",530
"65+",2019,2,"Melanoma Cancer",0,"Rates",121.043417139437
"65+",2019,2,"Pancreatic Cancer",0,"Counts",170
"65+",2019,2,"Pancreatic Cancer",0,"Rates",35.6774318876307
"65+",2019,2,"Prostate Cancer",1,"Counts",NA
"65+",2019,2,"Prostate Cancer",1,"Rates",NA
"65+",2019,3,"All malignant neoplasms",0,"Counts",12847
"65+",2019,3,"All malignant neoplasms",0,"Rates",1496.57700700842
"65+",2019,3,"Breast (Female) Cancer",1,"Counts",NA
"65+",2019,3,"Breast (Female) Cancer",1,"Rates",NA
"65+",2019,3,"Colorectal Cancer",0,"Counts",1409
"65+",2019,3,"Colorectal Cancer",0,"Rates",150.683945500022
"65+",2019,3,"Leukaemia",0,"Counts",384
"65+",2019,3,"Leukaemia",0,"Rates",43.0944732746009
"65+",2019,3,"Lung Cancer",0,"Counts",1439
"65+",2019,3,"Lung Cancer",0,"Rates",165.455680089472
"65+",2019,3,"Lymphoma",0,"Counts",570
"65+",2019,3,"Lymphoma",0,"Rates",60.3632543792121
"65+",2019,3,"Melanoma Cancer",0,"Counts",1510
"65+",2019,3,"Melanoma Cancer",0,"Rates",179.224836011082
"65+",2019,3,"Pancreatic Cancer",0,"Counts",393
"65+",2019,3,"Pancreatic Cancer",0,"Rates",41.771485519741
"65+",2019,3,"Prostate Cancer",1,"Counts",NA
"65+",2019,3,"Prostate Cancer",1,"Rates",NA
"65+",2020,1,"All malignant neoplasms",0,"Counts",7883
"65+",2020,1,"All malignant neoplasms",0,"Rates",1860.97742841594
"65+",2020,1,"Breast (Female) Cancer",1,"Counts",NA
"65+",2020,1,"Breast (Female) Cancer",1,"Rates",NA
"65+",2020,1,"Colorectal Cancer",0,"Counts",683
"65+",2020,1,"Colorectal Cancer",0,"Rates",151.743638867794
"65+",2020,1,"Leukaemia",0,"Counts",278
"65+",2020,1,"Leukaemia",0,"Rates",55.7496370934268
"65+",2020,1,"Lung Cancer",0,"Counts",803
"65+",2020,1,"Lung Cancer",0,"Rates",181.832754047406
"65+",2020,1,"Lymphoma",0,"Counts",393
"65+",2020,1,"Lymphoma",0,"Rates",84.7617485220959
"65+",2020,1,"Melanoma Cancer",0,"Counts",968
"65+",2020,1,"Melanoma Cancer",0,"Rates",228.847927662146
"65+",2020,1,"Pancreatic Cancer",0,"Counts",249
"65+",2020,1,"Pancreatic Cancer",0,"Rates",57.9301897699111
"65+",2020,1,"Prostate Cancer",0,"Counts",2362
"65+",2020,1,"Prostate Cancer",0,"Rates",606.183819984971
"65+",2020,2,"All malignant neoplasms",0,"Counts",5275
"65+",2020,2,"All malignant neoplasms",0,"Rates",1153.96379260641
"65+",2020,2,"Breast (Female) Cancer",0,"Counts",1138
"65+",2020,2,"Breast (Female) Cancer",0,"Rates",271.607799399525
"65+",2020,2,"Colorectal Cancer",0,"Counts",597
"65+",2020,2,"Colorectal Cancer",0,"Rates",113.369518147336
"65+",2020,2,"Leukaemia",0,"Counts",211
"65+",2020,2,"Leukaemia",0,"Rates",42.0333892148294
"65+",2020,2,"Lung Cancer",0,"Counts",641
"65+",2020,2,"Lung Cancer",0,"Rates",143.255149657968
"65+",2020,2,"Lymphoma",0,"Counts",289
"65+",2020,2,"Lymphoma",0,"Rates",61.8898679783027
"65+",2020,2,"Melanoma Cancer",0,"Counts",568
"65+",2020,2,"Melanoma Cancer",0,"Rates",129.922969192838
"65+",2020,2,"Pancreatic Cancer",0,"Counts",213
"65+",2020,2,"Pancreatic Cancer",0,"Rates",43.9487856695222
"65+",2020,2,"Prostate Cancer",1,"Counts",NA
"65+",2020,2,"Prostate Cancer",1,"Rates",NA
"65+",2020,3,"All malignant neoplasms",0,"Counts",13158
"65+",2020,3,"All malignant neoplasms",0,"Rates",1501.00603234384
"65+",2020,3,"Breast (Female) Cancer",1,"Counts",NA
"65+",2020,3,"Breast (Female) Cancer",1,"Rates",NA
"65+",2020,3,"Colorectal Cancer",0,"Counts",1280
"65+",2020,3,"Colorectal Cancer",0,"Rates",132.216826326231
"65+",2020,3,"Leukaemia",0,"Counts",489
"65+",2020,3,"Leukaemia",0,"Rates",48.743887830311
"65+",2020,3,"Lung Cancer",0,"Counts",1444
"65+",2020,3,"Lung Cancer",0,"Rates",162.17719776627
"65+",2020,3,"Lymphoma",0,"Counts",682
"65+",2020,3,"Lymphoma",0,"Rates",73.0942402944211
"65+",2020,3,"Melanoma Cancer",0,"Counts",1536
"65+",2020,3,"Melanoma Cancer",0,"Rates",178.454403230304
"65+",2020,3,"Pancreatic Cancer",0,"Counts",462
"65+",2020,3,"Pancreatic Cancer",0,"Rates",50.8050412567162
"65+",2020,3,"Prostate Cancer",1,"Counts",NA
"65+",2020,3,"Prostate Cancer",1,"Rates",NA
"65+",2021,1,"All malignant neoplasms",0,"Counts",8248
"65+",2021,1,"All malignant neoplasms",0,"Rates",1897.9222618596
"65+",2021,1,"Breast (Female) Cancer",1,"Counts",NA
"65+",2021,1,"Breast (Female) Cancer",1,"Rates",NA
"65+",2021,1,"Colorectal Cancer",0,"Counts",654
"65+",2021,1,"Colorectal Cancer",0,"Rates",138.742555858101
"65+",2021,1,"Leukaemia",0,"Counts",321
"65+",2021,1,"Leukaemia",0,"Rates",69.3576051371749
"65+",2021,1,"Lung Cancer",0,"Counts",896
"65+",2021,1,"Lung Cancer",0,"Rates",189.822480040573
"65+",2021,1,"Lymphoma",0,"Counts",291
"65+",2021,1,"Lymphoma",0,"Rates",67.2217733970122
"65+",2021,1,"Melanoma Cancer",0,"Counts",990
"65+",2021,1,"Melanoma Cancer",0,"Rates",222.507120851911
"65+",2021,1,"Pancreatic Cancer",0,"Counts",201
"65+",2021,1,"Pancreatic Cancer",0,"Rates",48.1466026259209
"65+",2021,1,"Prostate Cancer",0,"Counts",2490
"65+",2021,1,"Prostate Cancer",0,"Rates",632.793369346589
"65+",2021,2,"All malignant neoplasms",0,"Counts",5413
"65+",2021,2,"All malignant neoplasms",0,"Rates",1171.32777111585
"65+",2021,2,"Breast (Female) Cancer",0,"Counts",1202
"65+",2021,2,"Breast (Female) Cancer",0,"Rates",286.910291515739
"65+",2021,2,"Colorectal Cancer",0,"Counts",568
"65+",2021,2,"Colorectal Cancer",0,"Rates",107.224954037274
"65+",2021,2,"Leukaemia",0,"Counts",145
"65+",2021,2,"Leukaemia",0,"Rates",29.4996079049321
"65+",2021,2,"Lung Cancer",0,"Counts",699
"65+",2021,2,"Lung Cancer",0,"Rates",153.8419251485
"65+",2021,2,"Lymphoma",0,"Counts",256
"65+",2021,2,"Lymphoma",0,"Rates",56.6502055208517
"65+",2021,2,"Melanoma Cancer",0,"Counts",481
"65+",2021,2,"Melanoma Cancer",0,"Rates",108.372254148525
"65+",2021,2,"Pancreatic Cancer",0,"Counts",224
"65+",2021,2,"Pancreatic Cancer",0,"Rates",42.4359612088577
"65+",2021,2,"Prostate Cancer",1,"Counts",NA
"65+",2021,2,"Prostate Cancer",1,"Rates",NA
"65+",2021,3,"All malignant neoplasms",0,"Counts",13661
"65+",2021,3,"All malignant neoplasms",0,"Rates",1528.79897810622
"65+",2021,3,"Breast (Female) Cancer",1,"Counts",NA
"65+",2021,3,"Breast (Female) Cancer",1,"Rates",NA
"65+",2021,3,"Colorectal Cancer",0,"Counts",1222
"65+",2021,3,"Colorectal Cancer",0,"Rates",122.752647533317
"65+",2021,3,"Leukaemia",0,"Counts",466
"65+",2021,3,"Leukaemia",0,"Rates",49.09037896061
"65+",2021,3,"Lung Cancer",0,"Counts",1595
"65+",2021,3,"Lung Cancer",0,"Rates",171.470802457229
"65+",2021,3,"Lymphoma",0,"Counts",547
"65+",2021,3,"Lymphoma",0,"Rates",61.8571152016125
"65+",2021,3,"Melanoma Cancer",0,"Counts",1471
"65+",2021,3,"Melanoma Cancer",0,"Rates",164.473782022219
"65+",2021,3,"Pancreatic Cancer",0,"Counts",425
"65+",2021,3,"Pancreatic Cancer",0,"Rates",45.2869027384149
"65+",2021,3,"Prostate Cancer",1,"Counts",NA
"65+",2021,3,"Prostate Cancer",1,"Rates",NA
"65+",2022,1,"All malignant neoplasms",0,"Counts",9229
"65+",2022,1,"All malignant neoplasms",0,"Rates",2143.12589382765
"65+",2022,1,"Breast (Female) Cancer",1,"Counts",NA
"65+",2022,1,"Breast (Female) Cancer",1,"Rates",NA
"65+",2022,1,"Colorectal Cancer",0,"Counts",641
"65+",2022,1,"Colorectal Cancer",0,"Rates",140.416087111684
"65+",2022,1,"Leukaemia",0,"Counts",253
"65+",2022,1,"Leukaemia",0,"Rates",55.137765071794
"65+",2022,1,"Lung Cancer",0,"Counts",876
"65+",2022,1,"Lung Cancer",0,"Rates",187.726541790369
"65+",2022,1,"Lymphoma",0,"Counts",391
"65+",2022,1,"Lymphoma",0,"Rates",80.6836365956948
"65+",2022,1,"Melanoma Cancer",0,"Counts",971
"65+",2022,1,"Melanoma Cancer",0,"Rates",216.137162444045
"65+",2022,1,"Pancreatic Cancer",0,"Counts",205
"65+",2022,1,"Pancreatic Cancer",0,"Rates",40.789388810525
"65+",2022,1,"Prostate Cancer",0,"Counts",3606
"65+",2022,1,"Prostate Cancer",0,"Rates",913.900951328673
"65+",2022,2,"All malignant neoplasms",0,"Counts",5442
"65+",2022,2,"All malignant neoplasms",0,"Rates",1150.69141392989
"65+",2022,2,"Breast (Female) Cancer",0,"Counts",1187
"65+",2022,2,"Breast (Female) Cancer",0,"Rates",276.755294488378
"65+",2022,2,"Colorectal Cancer",0,"Counts",639
"65+",2022,2,"Colorectal Cancer",0,"Rates",114.436093141065
"65+",2022,2,"Leukaemia",0,"Counts",166
"65+",2022,2,"Leukaemia",0,"Rates",30.2758199751735
"65+",2022,2,"Lung Cancer",0,"Counts",750
"65+",2022,2,"Lung Cancer",0,"Rates",157.888021564819
"65+",2022,2,"Lymphoma",0,"Counts",252
"65+",2022,2,"Lymphoma",0,"Rates",54.7612837689268
"65+",2022,2,"Melanoma Cancer",0,"Counts",578
"65+",2022,2,"Melanoma Cancer",0,"Rates",124.631075459022
"65+",2022,2,"Pancreatic Cancer",0,"Counts",214
"65+",2022,2,"Pancreatic Cancer",0,"Rates",41.9399569041216
"65+",2022,2,"Prostate Cancer",1,"Counts",NA
"65+",2022,2,"Prostate Cancer",1,"Rates",NA
"65+",2022,3,"All malignant neoplasms",0,"Counts",14671
"65+",2022,3,"All malignant neoplasms",0,"Rates",1638.05063677497
"65+",2022,3,"Breast (Female) Cancer",1,"Counts",NA
"65+",2022,3,"Breast (Female) Cancer",1,"Rates",NA
"65+",2022,3,"Colorectal Cancer",0,"Counts",1280
"65+",2022,3,"Colorectal Cancer",0,"Rates",127.260876707764
"65+",2022,3,"Leukaemia",0,"Counts",419
"65+",2022,3,"Leukaemia",0,"Rates",42.4910495262597
"65+",2022,3,"Lung Cancer",0,"Counts",1626
"65+",2022,3,"Lung Cancer",0,"Rates",172.507424169294
"65+",2022,3,"Lymphoma",0,"Counts",643
"65+",2022,3,"Lymphoma",0,"Rates",67.4512627021797
"65+",2022,3,"Melanoma Cancer",0,"Counts",1549
"65+",2022,3,"Melanoma Cancer",0,"Rates",169.527238157136
"65+",2022,3,"Pancreatic Cancer",0,"Counts",419
"65+",2022,3,"Pancreatic Cancer",0,"Rates",41.3733130266548
"65+",2022,3,"Prostate Cancer",1,"Counts",NA
"65+",2022,3,"Prostate Cancer",1,"Rates",NA
"65+",2023,1,"All malignant neoplasms",0,"Counts",9617
"65+",2023,1,"All malignant neoplasms",0,"Rates",2214.8046330082
"65+",2023,1,"Breast (Female) Cancer",1,"Counts",NA
"65+",2023,1,"Breast (Female) Cancer",1,"Rates",NA
"65+",2023,1,"Colorectal Cancer",0,"Counts",715
"65+",2023,1,"Colorectal Cancer",0,"Rates",151.400173998906
"65+",2023,1,"Leukaemia",0,"Counts",288
"65+",2023,1,"Leukaemia",0,"Rates",58.9404994287031
"65+",2023,1,"Lung Cancer",0,"Counts",937
"65+",2023,1,"Lung Cancer",0,"Rates",206.005416679153
"65+",2023,1,"Lymphoma",0,"Counts",414
"65+",2023,1,"Lymphoma",0,"Rates",92.2571090137699
"65+",2023,1,"Melanoma Cancer",0,"Counts",1072
"65+",2023,1,"Melanoma Cancer",0,"Rates",235.939166391956
"65+",2023,1,"Pancreatic Cancer",0,"Counts",279
"65+",2023,1,"Pancreatic Cancer",0,"Rates",60.8069971866575
"65+",2023,1,"Prostate Cancer",0,"Counts",3401
"65+",2023,1,"Prostate Cancer",0,"Rates",856.692178666096
"65+",2023,2,"All malignant neoplasms",0,"Counts",5792
"65+",2023,2,"All malignant neoplasms",0,"Rates",1229.45934622138
"65+",2023,2,"Breast (Female) Cancer",0,"Counts",1241
"65+",2023,2,"Breast (Female) Cancer",0,"Rates",287.280786856222
"65+",2023,2,"Colorectal Cancer",0,"Counts",683
"65+",2023,2,"Colorectal Cancer",0,"Rates",127.107569393338
"65+",2023,2,"Leukaemia",0,"Counts",192
"65+",2023,2,"Leukaemia",0,"Rates",42.8456207146679
"65+",2023,2,"Lung Cancer",0,"Counts",759
"65+",2023,2,"Lung Cancer",0,"Rates",159.756018671912
"65+",2023,2,"Lymphoma",0,"Counts",275
"65+",2023,2,"Lymphoma",0,"Rates",59.0349737410526
"65+",2023,2,"Melanoma Cancer",0,"Counts",635
"65+",2023,2,"Melanoma Cancer",0,"Rates",137.377638929159
"65+",2023,2,"Pancreatic Cancer",0,"Counts",237
"65+",2023,2,"Pancreatic Cancer",0,"Rates",44.1661938771878
"65+",2023,2,"Prostate Cancer",1,"Counts",NA
"65+",2023,2,"Prostate Cancer",1,"Rates",NA
"65+",2023,3,"All malignant neoplasms",0,"Counts",15409
"65+",2023,3,"All malignant neoplasms",0,"Rates",1712.37169018963
"65+",2023,3,"Breast (Female) Cancer",1,"Counts",NA
"65+",2023,3,"Breast (Female) Cancer",1,"Rates",NA
"65+",2023,3,"Colorectal Cancer",0,"Counts",1398
"65+",2023,3,"Colorectal Cancer",0,"Rates",139.041886799336
"65+",2023,3,"Leukaemia",0,"Counts",480
"65+",2023,3,"Leukaemia",0,"Rates",50.7034913942521
"65+",2023,3,"Lung Cancer",0,"Counts",1696
"65+",2023,3,"Lung Cancer",0,"Rates",182.393404766799
"65+",2023,3,"Lymphoma",0,"Counts",689
"65+",2023,3,"Lymphoma",0,"Rates",75.2989134564897
"65+",2023,3,"Melanoma Cancer",0,"Counts",1707
"65+",2023,3,"Melanoma Cancer",0,"Rates",185.654476263818
"65+",2023,3,"Pancreatic Cancer",0,"Counts",516
"65+",2023,3,"Pancreatic Cancer",0,"Rates",52.3309001698086
"65+",2023,3,"Prostate Cancer",1,"Counts",NA
"65+",2023,3,"Prostate Cancer",1,"Rates",NA
